string_protein_id,node_idx
9606.ENSP00000215793,0
9606.ENSP00000373979,1
9606.ENSP00000378077,2
9606.ENSP00000384690,3
9606.ENSP00000443459,4
9606.ENSP00000286628,5
9606.ENSP00000310632,6
9606.ENSP00000329890,7
9606.ENSP00000243644,8
9606.ENSP00000320416,9
9606.ENSP00000265563,10
9606.ENSP00000265732,11
9606.ENSP00000333735,12
9606.ENSP00000296003,13
9606.ENSP00000357779,14
9606.ENSP00000337854,15
9606.ENSP00000497777,16
9606.ENSP00000384551,17
9606.ENSP00000493728,18
9606.ENSP00000345344,19
9606.ENSP00000346027,20
9606.ENSP00000387911,21
9606.ENSP00000336587,22
9606.ENSP00000280886,23
9606.ENSP00000480966,24
9606.ENSP00000447057,25
9606.ENSP00000460971,26
9606.ENSP00000444596,27
9606.ENSP00000385828,28
9606.ENSP00000381549,29
9606.ENSP00000497004,30
9606.ENSP00000173527,31
9606.ENSP00000355672,32
9606.ENSP00000433623,33
9606.ENSP00000362513,34
9606.ENSP00000499044,35
9606.ENSP00000495203,36
9606.ENSP00000384629,37
9606.ENSP00000008391,38
9606.ENSP00000254101,39
9606.ENSP00000478766,40
9606.ENSP00000356275,41
9606.ENSP00000474032,42
9606.ENSP00000246229,43
9606.ENSP00000236979,44
9606.ENSP00000319799,45
9606.ENSP00000457380,46
9606.ENSP00000378426,47
9606.ENSP00000326767,48
9606.ENSP00000335306,49
9606.ENSP00000343129,50
9606.ENSP00000348982,51
9606.ENSP00000480715,52
9606.ENSP00000335636,53
9606.ENSP00000301732,54
9606.ENSP00000301921,55
9606.ENSP00000398722,56
9606.ENSP00000364597,57
9606.ENSP00000217456,58
9606.ENSP00000351614,59
9606.ENSP00000054666,60
9606.ENSP00000359630,61
9606.ENSP00000351490,62
9606.ENSP00000252137,63
9606.ENSP00000456974,64
9606.ENSP00000453019,65
9606.ENSP00000367022,66
9606.ENSP00000434034,67
9606.ENSP00000264870,68
9606.ENSP00000362235,69
9606.ENSP00000313950,70
9606.ENSP00000005226,71
9606.ENSP00000409315,72
9606.ENSP00000404042,73
9606.ENSP00000263713,74
9606.ENSP00000323280,75
9606.ENSP00000327545,76
9606.ENSP00000311430,77
9606.ENSP00000386104,78
9606.ENSP00000385936,79
9606.ENSP00000446485,80
9606.ENSP00000229030,81
9606.ENSP00000422097,82
9606.ENSP00000351314,83
9606.ENSP00000325546,84
9606.ENSP00000295981,85
9606.ENSP00000302232,86
9606.ENSP00000348848,87
9606.ENSP00000359096,88
9606.ENSP00000304283,89
9606.ENSP00000401907,90
9606.ENSP00000358513,91
9606.ENSP00000264036,92
9606.ENSP00000360214,93
9606.ENSP00000259632,94
9606.ENSP00000217169,95
9606.ENSP00000312379,96
9606.ENSP00000356978,97
9606.ENSP00000285039,98
9606.ENSP00000296161,99
9606.ENSP00000370293,100
9606.ENSP00000262844,101
9606.ENSP00000289805,102
9606.ENSP00000361219,103
9606.ENSP00000360869,104
9606.ENSP00000496848,105
9606.ENSP00000237853,106
9606.ENSP00000219837,107
9606.ENSP00000276616,108
9606.ENSP00000361140,109
9606.ENSP00000327191,110
9606.ENSP00000413575,111
9606.ENSP00000345179,112
9606.ENSP00000388510,113
9606.ENSP00000305918,114
9606.ENSP00000411124,115
9606.ENSP00000450310,116
9606.ENSP00000231454,117
9606.ENSP00000244573,118
9606.ENSP00000480836,119
9606.ENSP00000318602,120
9606.ENSP00000419027,121
9606.ENSP00000296218,122
9606.ENSP00000215570,123
9606.ENSP00000338030,124
9606.ENSP00000450857,125
9606.ENSP00000265459,126
9606.ENSP00000466025,127
9606.ENSP00000431445,128
9606.ENSP00000336842,129
9606.ENSP00000466880,130
9606.ENSP00000369948,131
9606.ENSP00000483001,132
9606.ENSP00000477502,133
9606.ENSP00000376658,134
9606.ENSP00000479675,135
9606.ENSP00000263054,136
9606.ENSP00000312318,137
9606.ENSP00000200676,138
9606.ENSP00000216264,139
9606.ENSP00000366563,140
9606.ENSP00000377549,141
9606.ENSP00000285979,142
9606.ENSP00000225941,143
9606.ENSP00000243347,144
9606.ENSP00000258034,145
9606.ENSP00000301455,146
9606.ENSP00000387100,147
9606.ENSP00000246841,148
9606.ENSP00000255465,149
9606.ENSP00000379310,150
9606.ENSP00000377257,151
9606.ENSP00000409581,152
9606.ENSP00000252252,153
9606.ENSP00000259881,154
9606.ENSP00000267273,155
9606.ENSP00000497527,156
9606.ENSP00000361548,157
9606.ENSP00000357000,158
9606.ENSP00000364412,159
9606.ENSP00000231137,160
9606.ENSP00000313851,161
9606.ENSP00000264279,162
9606.ENSP00000265080,163
9606.ENSP00000362576,164
9606.ENSP00000301831,165
9606.ENSP00000284202,166
9606.ENSP00000327994,167
9606.ENSP00000492276,168
9606.ENSP00000366748,169
9606.ENSP00000339340,170
9606.ENSP00000371003,171
9606.ENSP00000261751,172
9606.ENSP00000265381,173
9606.ENSP00000250617,174
9606.ENSP00000307515,175
9606.ENSP00000358549,176
9606.ENSP00000405222,177
9606.ENSP00000339659,178
9606.ENSP00000337816,179
9606.ENSP00000380453,180
9606.ENSP00000263196,181
9606.ENSP00000319814,182
9606.ENSP00000417401,183
9606.ENSP00000360793,184
9606.ENSP00000435506,185
9606.ENSP00000007699,186
9606.ENSP00000316114,187
9606.ENSP00000480240,188
9606.ENSP00000387694,189
9606.ENSP00000384792,190
9606.ENSP00000389813,191
9606.ENSP00000368511,192
9606.ENSP00000305725,193
9606.ENSP00000358810,194
9606.ENSP00000410294,195
9606.ENSP00000380763,196
9606.ENSP00000487971,197
9606.ENSP00000268164,198
9606.ENSP00000367029,199
9606.ENSP00000301887,200
9606.ENSP00000323047,201
9606.ENSP00000356864,202
9606.ENSP00000402861,203
9606.ENSP00000362195,204
9606.ENSP00000225276,205
9606.ENSP00000262301,206
9606.ENSP00000359818,207
9606.ENSP00000259818,208
9606.ENSP00000376097,209
9606.ENSP00000296694,210
9606.ENSP00000365441,211
9606.ENSP00000266041,212
9606.ENSP00000417052,213
9606.ENSP00000384477,214
9606.ENSP00000295206,215
9606.ENSP00000359645,216
9606.ENSP00000265986,217
9606.ENSP00000431840,218
9606.ENSP00000352522,219
9606.ENSP00000292852,220
9606.ENSP00000411073,221
9606.ENSP00000261652,222
9606.ENSP00000360183,223
9606.ENSP00000384290,224
9606.ENSP00000232603,225
9606.ENSP00000256343,226
9606.ENSP00000384675,227
9606.ENSP00000369614,228
9606.ENSP00000265339,229
9606.ENSP00000288828,230
9606.ENSP00000415464,231
9606.ENSP00000304408,232
9606.ENSP00000390647,233
9606.ENSP00000355228,234
9606.ENSP00000499241,235
9606.ENSP00000274625,236
9606.ENSP00000356969,237
9606.ENSP00000319197,238
9606.ENSP00000492260,239
9606.ENSP00000340347,240
9606.ENSP00000225430,241
9606.ENSP00000401888,242
9606.ENSP00000282892,243
9606.ENSP00000496241,244
9606.ENSP00000245934,245
9606.ENSP00000303178,246
9606.ENSP00000238497,247
9606.ENSP00000303222,248
9606.ENSP00000426948,249
9606.ENSP00000367208,250
9606.ENSP00000379721,251
9606.ENSP00000477563,252
9606.ENSP00000400533,253
9606.ENSP00000333813,254
9606.ENSP00000257347,255
9606.ENSP00000251636,256
9606.ENSP00000251607,257
9606.ENSP00000292427,258
9606.ENSP00000300107,259
9606.ENSP00000351697,260
9606.ENSP00000303061,261
9606.ENSP00000478501,262
9606.ENSP00000403304,263
9606.ENSP00000299259,264
9606.ENSP00000371267,265
9606.ENSP00000407685,266
9606.ENSP00000442837,267
9606.ENSP00000472546,268
9606.ENSP00000421380,269
9606.ENSP00000263100,270
9606.ENSP00000356094,271
9606.ENSP00000352408,272
9606.ENSP00000310120,273
9606.ENSP00000400646,274
9606.ENSP00000340823,275
9606.ENSP00000264263,276
9606.ENSP00000356382,277
9606.ENSP00000305595,278
9606.ENSP00000495247,279
9606.ENSP00000246957,280
9606.ENSP00000365651,281
9606.ENSP00000337354,282
9606.ENSP00000368486,283
9606.ENSP00000386209,284
9606.ENSP00000461865,285
9606.ENSP00000248594,286
9606.ENSP00000314499,287
9606.ENSP00000266079,288
9606.ENSP00000296026,289
9606.ENSP00000229195,290
9606.ENSP00000384347,291
9606.ENSP00000337065,292
9606.ENSP00000231461,293
9606.ENSP00000348385,294
9606.ENSP00000323328,295
9606.ENSP00000296280,296
9606.ENSP00000228918,297
9606.ENSP00000323568,298
9606.ENSP00000435010,299
9606.ENSP00000236925,300
9606.ENSP00000356737,301
9606.ENSP00000416338,302
9606.ENSP00000223366,303
9606.ENSP00000302216,304
9606.ENSP00000317334,305
9606.ENSP00000377447,306
9606.ENSP00000411825,307
9606.ENSP00000243918,308
9606.ENSP00000379696,309
9606.ENSP00000312995,310
9606.ENSP00000462945,311
9606.ENSP00000316609,312
9606.ENSP00000273610,313
9606.ENSP00000414851,314
9606.ENSP00000406986,315
9606.ENSP00000380307,316
9606.ENSP00000491969,317
9606.ENSP00000378578,318
9606.ENSP00000361473,319
9606.ENSP00000236040,320
9606.ENSP00000361540,321
9606.ENSP00000352565,322
9606.ENSP00000361746,323
9606.ENSP00000482218,324
9606.ENSP00000451976,325
9606.ENSP00000479266,326
9606.ENSP00000420311,327
9606.ENSP00000156084,328
9606.ENSP00000304127,329
9606.ENSP00000329558,330
9606.ENSP00000357393,331
9606.ENSP00000328484,332
9606.ENSP00000362217,333
9606.ENSP00000368646,334
9606.ENSP00000372139,335
9606.ENSP00000277526,336
9606.ENSP00000375080,337
9606.ENSP00000325589,338
9606.ENSP00000381026,339
9606.ENSP00000255608,340
9606.ENSP00000444357,341
9606.ENSP00000388001,342
9606.ENSP00000369857,343
9606.ENSP00000321711,344
9606.ENSP00000260363,345
9606.ENSP00000269141,346
9606.ENSP00000372750,347
9606.ENSP00000357484,348
9606.ENSP00000392495,349
9606.ENSP00000377783,350
9606.ENSP00000249910,351
9606.ENSP00000363377,352
9606.ENSP00000421801,353
9606.ENSP00000482581,354
9606.ENSP00000221307,355
9606.ENSP00000394049,356
9606.ENSP00000219197,357
9606.ENSP00000260526,358
9606.ENSP00000219169,359
9606.ENSP00000216075,360
9606.ENSP00000228347,361
9606.ENSP00000367623,362
9606.ENSP00000405635,363
9606.ENSP00000267082,364
9606.ENSP00000363976,365
9606.ENSP00000355658,366
9606.ENSP00000260453,367
9606.ENSP00000499900,368
9606.ENSP00000337383,369
9606.ENSP00000366746,370
9606.ENSP00000326128,371
9606.ENSP00000420617,372
9606.ENSP00000254079,373
9606.ENSP00000378416,374
9606.ENSP00000434847,375
9606.ENSP00000261884,376
9606.ENSP00000323435,377
9606.ENSP00000495273,378
9606.ENSP00000369816,379
9606.ENSP00000264187,380
9606.ENSP00000422188,381
9606.ENSP00000355090,382
9606.ENSP00000452007,383
9606.ENSP00000375151,384
9606.ENSP00000453801,385
9606.ENSP00000497444,386
9606.ENSP00000302562,387
9606.ENSP00000381657,388
9606.ENSP00000175091,389
9606.ENSP00000276594,390
9606.ENSP00000409924,391
9606.ENSP00000373715,392
9606.ENSP00000268138,393
9606.ENSP00000227266,394
9606.ENSP00000300182,395
9606.ENSP00000312814,396
9606.ENSP00000380008,397
9606.ENSP00000359000,398
9606.ENSP00000296782,399
9606.ENSP00000461879,400
9606.ENSP00000261208,401
9606.ENSP00000377075,402
9606.ENSP00000420714,403
9606.ENSP00000425493,404
9606.ENSP00000494965,405
9606.ENSP00000377372,406
9606.ENSP00000338934,407
9606.ENSP00000228318,408
9606.ENSP00000261523,409
9606.ENSP00000296581,410
9606.ENSP00000419361,411
9606.ENSP00000441126,412
9606.ENSP00000428994,413
9606.ENSP00000392423,414
9606.ENSP00000487164,415
9606.ENSP00000365959,416
9606.ENSP00000259154,417
9606.ENSP00000366519,418
9606.ENSP00000427900,419
9606.ENSP00000378340,420
9606.ENSP00000351059,421
9606.ENSP00000254066,422
9606.ENSP00000399415,423
9606.ENSP00000264079,424
9606.ENSP00000381775,425
9606.ENSP00000358999,426
9606.ENSP00000385247,427
9606.ENSP00000185206,428
9606.ENSP00000346901,429
9606.ENSP00000229314,430
9606.ENSP00000433681,431
9606.ENSP00000371886,432
9606.ENSP00000385461,433
9606.ENSP00000250263,434
9606.ENSP00000489706,435
9606.ENSP00000360412,436
9606.ENSP00000242480,437
9606.ENSP00000296257,438
9606.ENSP00000377015,439
9606.ENSP00000329471,440
9606.ENSP00000291554,441
9606.ENSP00000247271,442
9606.ENSP00000354826,443
9606.ENSP00000320089,444
9606.ENSP00000269195,445
9606.ENSP00000252593,446
9606.ENSP00000264033,447
9606.ENSP00000228644,448
9606.ENSP00000216540,449
9606.ENSP00000484903,450
9606.ENSP00000219240,451
9606.ENSP00000265113,452
9606.ENSP00000423660,453
9606.ENSP00000417404,454
9606.ENSP00000296513,455
9606.ENSP00000444503,456
9606.ENSP00000495811,457
9606.ENSP00000389600,458
9606.ENSP00000416959,459
9606.ENSP00000360058,460
9606.ENSP00000348924,461
9606.ENSP00000369157,462
9606.ENSP00000379904,463
9606.ENSP00000365962,464
9606.ENSP00000266025,465
9606.ENSP00000406209,466
9606.ENSP00000260228,467
9606.ENSP00000402338,468
9606.ENSP00000223324,469
9606.ENSP00000450527,470
9606.ENSP00000353600,471
9606.ENSP00000246012,472
9606.ENSP00000292614,473
9606.ENSP00000348753,474
9606.ENSP00000353720,475
9606.ENSP00000313172,476
9606.ENSP00000312185,477
9606.ENSP00000375653,478
9606.ENSP00000411012,479
9606.ENSP00000329170,480
9606.ENSP00000072869,481
9606.ENSP00000216039,482
9606.ENSP00000457718,483
9606.ENSP00000263657,484
9606.ENSP00000371505,485
9606.ENSP00000371101,486
9606.ENSP00000491768,487
9606.ENSP00000288266,488
9606.ENSP00000259089,489
9606.ENSP00000428976,490
9606.ENSP00000387229,491
9606.ENSP00000314067,492
9606.ENSP00000349493,493
9606.ENSP00000478962,494
9606.ENSP00000262584,495
9606.ENSP00000377265,496
9606.ENSP00000379654,497
9606.ENSP00000352463,498
9606.ENSP00000259989,499
9606.ENSP00000307889,500
9606.ENSP00000494125,501
9606.ENSP00000496394,502
9606.ENSP00000261636,503
9606.ENSP00000387111,504
9606.ENSP00000300226,505
9606.ENSP00000263334,506
9606.ENSP00000306866,507
9606.ENSP00000301873,508
9606.ENSP00000402033,509
9606.ENSP00000316329,510
9606.ENSP00000380120,511
9606.ENSP00000434511,512
9606.ENSP00000477515,513
9606.ENSP00000307004,514
9606.ENSP00000262494,515
9606.ENSP00000334410,516
9606.ENSP00000225844,517
9606.ENSP00000244020,518
9606.ENSP00000308944,519
9606.ENSP00000481022,520
9606.ENSP00000455791,521
9606.ENSP00000480186,522
9606.ENSP00000292035,523
9606.ENSP00000335040,524
9606.ENSP00000216629,525
9606.ENSP00000296028,526
9606.ENSP00000355133,527
9606.ENSP00000382323,528
9606.ENSP00000357622,529
9606.ENSP00000301587,530
9606.ENSP00000349351,531
9606.ENSP00000364398,532
9606.ENSP00000364320,533
9606.ENSP00000316176,534
9606.ENSP00000492975,535
9606.ENSP00000402723,536
9606.ENSP00000261503,537
9606.ENSP00000252242,538
9606.ENSP00000353013,539
9606.ENSP00000289672,540
9606.ENSP00000245255,541
9606.ENSP00000311399,542
9606.ENSP00000306881,543
9606.ENSP00000369325,544
9606.ENSP00000420477,545
9606.ENSP00000469455,546
9606.ENSP00000402154,547
9606.ENSP00000371929,548
9606.ENSP00000323853,549
9606.ENSP00000265969,550
9606.ENSP00000266659,551
9606.ENSP00000429344,552
9606.ENSP00000362409,553
9606.ENSP00000312706,554
9606.ENSP00000358840,555
9606.ENSP00000413196,556
9606.ENSP00000363643,557
9606.ENSP00000376177,558
9606.ENSP00000376893,559
9606.ENSP00000232888,560
9606.ENSP00000410481,561
9606.ENSP00000298198,562
9606.ENSP00000452126,563
9606.ENSP00000305005,564
9606.ENSP00000242249,565
9606.ENSP00000361850,566
9606.ENSP00000384770,567
9606.ENSP00000320006,568
9606.ENSP00000305204,569
9606.ENSP00000360025,570
9606.ENSP00000381430,571
9606.ENSP00000338019,572
9606.ENSP00000256460,573
9606.ENSP00000259512,574
9606.ENSP00000325708,575
9606.ENSP00000443654,576
9606.ENSP00000290401,577
9606.ENSP00000364261,578
9606.ENSP00000485129,579
9606.ENSP00000257789,580
9606.ENSP00000256644,581
9606.ENSP00000374332,582
9606.ENSP00000477141,583
9606.ENSP00000478352,584
9606.ENSP00000317895,585
9606.ENSP00000312367,586
9606.ENSP00000370527,587
9606.ENSP00000418018,588
9606.ENSP00000348089,589
9606.ENSP00000322524,590
9606.ENSP00000258317,591
9606.ENSP00000359295,592
9606.ENSP00000193322,593
9606.ENSP00000297988,594
9606.ENSP00000419260,595
9606.ENSP00000339577,596
9606.ENSP00000392197,597
9606.ENSP00000471894,598
9606.ENSP00000268711,599
9606.ENSP00000322784,600
9606.ENSP00000259455,601
9606.ENSP00000342023,602
9606.ENSP00000373347,603
9606.ENSP00000463559,604
9606.ENSP00000229238,605
9606.ENSP00000350686,606
9606.ENSP00000361199,607
9606.ENSP00000324701,608
9606.ENSP00000256383,609
9606.ENSP00000398495,610
9606.ENSP00000293883,611
9606.ENSP00000426070,612
9606.ENSP00000418994,613
9606.ENSP00000393241,614
9606.ENSP00000334223,615
9606.ENSP00000246802,616
9606.ENSP00000265388,617
9606.ENSP00000308820,618
9606.ENSP00000342778,619
9606.ENSP00000296597,620
9606.ENSP00000320604,621
9606.ENSP00000303490,622
9606.ENSP00000363804,623
9606.ENSP00000422793,624
9606.ENSP00000054950,625
9606.ENSP00000427679,626
9606.ENSP00000289382,627
9606.ENSP00000468253,628
9606.ENSP00000367154,629
9606.ENSP00000378488,630
9606.ENSP00000334181,631
9606.ENSP00000371398,632
9606.ENSP00000284311,633
9606.ENSP00000260264,634
9606.ENSP00000341268,635
9606.ENSP00000261918,636
9606.ENSP00000379566,637
9606.ENSP00000371201,638
9606.ENSP00000356169,639
9606.ENSP00000221403,640
9606.ENSP00000270458,641
9606.ENSP00000348074,642
9606.ENSP00000399851,643
9606.ENSP00000253413,644
9606.ENSP00000382770,645
9606.ENSP00000262746,646
9606.ENSP00000398017,647
9606.ENSP00000377724,648
9606.ENSP00000371347,649
9606.ENSP00000298717,650
9606.ENSP00000360472,651
9606.ENSP00000365569,652
9606.ENSP00000371133,653
9606.ENSP00000291823,654
9606.ENSP00000292599,655
9606.ENSP00000281382,656
9606.ENSP00000356574,657
9606.ENSP00000356607,658
9606.ENSP00000431240,659
9606.ENSP00000454786,660
9606.ENSP00000279873,661
9606.ENSP00000221957,662
9606.ENSP00000274054,663
9606.ENSP00000287777,664
9606.ENSP00000352645,665
9606.ENSP00000400591,666
9606.ENSP00000324287,667
9606.ENSP00000363516,668
9606.ENSP00000410798,669
9606.ENSP00000164133,670
9606.ENSP00000342136,671
9606.ENSP00000323099,672
9606.ENSP00000499501,673
9606.ENSP00000332604,674
9606.ENSP00000250111,675
9606.ENSP00000279101,676
9606.ENSP00000367972,677
9606.ENSP00000299443,678
9606.ENSP00000264883,679
9606.ENSP00000252891,680
9606.ENSP00000495202,681
9606.ENSP00000354553,682
9606.ENSP00000337850,683
9606.ENSP00000357798,684
9606.ENSP00000419184,685
9606.ENSP00000364639,686
9606.ENSP00000337598,687
9606.ENSP00000271640,688
9606.ENSP00000258499,689
9606.ENSP00000444812,690
9606.ENSP00000389060,691
9606.ENSP00000367545,692
9606.ENSP00000315017,693
9606.ENSP00000240615,694
9606.ENSP00000498991,695
9606.ENSP00000252992,696
9606.ENSP00000254337,697
9606.ENSP00000364864,698
9606.ENSP00000347168,699
9606.ENSP00000418037,700
9606.ENSP00000318690,701
9606.ENSP00000455469,702
9606.ENSP00000263598,703
9606.ENSP00000483599,704
9606.ENSP00000299178,705
9606.ENSP00000354722,706
9606.ENSP00000442397,707
9606.ENSP00000341292,708
9606.ENSP00000307959,709
9606.ENSP00000416269,710
9606.ENSP00000347454,711
9606.ENSP00000461930,712
9606.ENSP00000455607,713
9606.ENSP00000310406,714
9606.ENSP00000296412,715
9606.ENSP00000399862,716
9606.ENSP00000480043,717
9606.ENSP00000334314,718
9606.ENSP00000500034,719
9606.ENSP00000400252,720
9606.ENSP00000264896,721
9606.ENSP00000269394,722
9606.ENSP00000325376,723
9606.ENSP00000221130,724
9606.ENSP00000253329,725
9606.ENSP00000362170,726
9606.ENSP00000216037,727
9606.ENSP00000253719,728
9606.ENSP00000305976,729
9606.ENSP00000350786,730
9606.ENSP00000383225,731
9606.ENSP00000392353,732
9606.ENSP00000230538,733
9606.ENSP00000261842,734
9606.ENSP00000479536,735
9606.ENSP00000370698,736
9606.ENSP00000495726,737
9606.ENSP00000498872,738
9606.ENSP00000406050,739
9606.ENSP00000316786,740
9606.ENSP00000475216,741
9606.ENSP00000316589,742
9606.ENSP00000227868,743
9606.ENSP00000362179,744
9606.ENSP00000344855,745
9606.ENSP00000493103,746
9606.ENSP00000443647,747
9606.ENSP00000388823,748
9606.ENSP00000349543,749
9606.ENSP00000361524,750
9606.ENSP00000411256,751
9606.ENSP00000234198,752
9606.ENSP00000323740,753
9606.ENSP00000367406,754
9606.ENSP00000271889,755
9606.ENSP00000246006,756
9606.ENSP00000417418,757
9606.ENSP00000358437,758
9606.ENSP00000348471,759
9606.ENSP00000216271,760
9606.ENSP00000342216,761
9606.ENSP00000433415,762
9606.ENSP00000261369,763
9606.ENSP00000270708,764
9606.ENSP00000306614,765
9606.ENSP00000357669,766
9606.ENSP00000233575,767
9606.ENSP00000363779,768
9606.ENSP00000421076,769
9606.ENSP00000422375,770
9606.ENSP00000368605,771
9606.ENSP00000239449,772
9606.ENSP00000338860,773
9606.ENSP00000365687,774
9606.ENSP00000448051,775
9606.ENSP00000490576,776
9606.ENSP00000400500,777
9606.ENSP00000366942,778
9606.ENSP00000423861,779
9606.ENSP00000310832,780
9606.ENSP00000320560,781
9606.ENSP00000428480,782
9606.ENSP00000462998,783
9606.ENSP00000331845,784
9606.ENSP00000333982,785
9606.ENSP00000269881,786
9606.ENSP00000233154,787
9606.ENSP00000435954,788
9606.ENSP00000381133,789
9606.ENSP00000429690,790
9606.ENSP00000407545,791
9606.ENSP00000261888,792
9606.ENSP00000261439,793
9606.ENSP00000392043,794
9606.ENSP00000216455,795
9606.ENSP00000307272,796
9606.ENSP00000362744,797
9606.ENSP00000380155,798
9606.ENSP00000384651,799
9606.ENSP00000362082,800
9606.ENSP00000354003,801
9606.ENSP00000364243,802
9606.ENSP00000498803,803
9606.ENSP00000304429,804
9606.ENSP00000340796,805
9606.ENSP00000358778,806
9606.ENSP00000312811,807
9606.ENSP00000332340,808
9606.ENSP00000490107,809
9606.ENSP00000319546,810
9606.ENSP00000412189,811
9606.ENSP00000005386,812
9606.ENSP00000306490,813
9606.ENSP00000280904,814
9606.ENSP00000321927,815
9606.ENSP00000377681,816
9606.ENSP00000378897,817
9606.ENSP00000257868,818
9606.ENSP00000361634,819
9606.ENSP00000425658,820
9606.ENSP00000229379,821
9606.ENSP00000380559,822
9606.ENSP00000418112,823
9606.ENSP00000341422,824
9606.ENSP00000254325,825
9606.ENSP00000329106,826
9606.ENSP00000381773,827
9606.ENSP00000233954,828
9606.ENSP00000363616,829
9606.ENSP00000393313,830
9606.ENSP00000467494,831
9606.ENSP00000242465,832
9606.ENSP00000354612,833
9606.ENSP00000480573,834
9606.ENSP00000306496,835
9606.ENSP00000319417,836
9606.ENSP00000343925,837
9606.ENSP00000220592,838
9606.ENSP00000340505,839
9606.ENSP00000368981,840
9606.ENSP00000333157,841
9606.ENSP00000216727,842
9606.ENSP00000383920,843
9606.ENSP00000362255,844
9606.ENSP00000384179,845
9606.ENSP00000166244,846
9606.ENSP00000312455,847
9606.ENSP00000261590,848
9606.ENSP00000477713,849
9606.ENSP00000363524,850
9606.ENSP00000404923,851
9606.ENSP00000497423,852
9606.ENSP00000422554,853
9606.ENSP00000484928,854
9606.ENSP00000278980,855
9606.ENSP00000354206,856
9606.ENSP00000386881,857
9606.ENSP00000477815,858
9606.ENSP00000337103,859
9606.ENSP00000320566,860
9606.ENSP00000320130,861
9606.ENSP00000358983,862
9606.ENSP00000221996,863
9606.ENSP00000426848,864
9606.ENSP00000358089,865
9606.ENSP00000322568,866
9606.ENSP00000328169,867
9606.ENSP00000232744,868
9606.ENSP00000362057,869
9606.ENSP00000305924,870
9606.ENSP00000377036,871
9606.ENSP00000389182,872
9606.ENSP00000367890,873
9606.ENSP00000238682,874
9606.ENSP00000267116,875
9606.ENSP00000252011,876
9606.ENSP00000366934,877
9606.ENSP00000283148,878
9606.ENSP00000399808,879
9606.ENSP00000365588,880
9606.ENSP00000257572,881
9606.ENSP00000397259,882
9606.ENSP00000338186,883
9606.ENSP00000466718,884
9606.ENSP00000344544,885
9606.ENSP00000259030,886
9606.ENSP00000258821,887
9606.ENSP00000164139,888
9606.ENSP00000355837,889
9606.ENSP00000265978,890
9606.ENSP00000326531,891
9606.ENSP00000299565,892
9606.ENSP00000386041,893
9606.ENSP00000443824,894
9606.ENSP00000252590,895
9606.ENSP00000395232,896
9606.ENSP00000256339,897
9606.ENSP00000354643,898
9606.ENSP00000328079,899
9606.ENSP00000298396,900
9606.ENSP00000387739,901
9606.ENSP00000467579,902
9606.ENSP00000496044,903
9606.ENSP00000496870,904
9606.ENSP00000199814,905
9606.ENSP00000365530,906
9606.ENSP00000309548,907
9606.ENSP00000375678,908
9606.ENSP00000380073,909
9606.ENSP00000331172,910
9606.ENSP00000391592,911
9606.ENSP00000265440,912
9606.ENSP00000360988,913
9606.ENSP00000355991,914
9606.ENSP00000321345,915
9606.ENSP00000355279,916
9606.ENSP00000368982,917
9606.ENSP00000480986,918
9606.ENSP00000261769,919
9606.ENSP00000329243,920
9606.ENSP00000219439,921
9606.ENSP00000478589,922
9606.ENSP00000483397,923
9606.ENSP00000469240,924
9606.ENSP00000230461,925
9606.ENSP00000339299,926
9606.ENSP00000346603,927
9606.ENSP00000371813,928
9606.ENSP00000237163,929
9606.ENSP00000495750,930
9606.ENSP00000382334,931
9606.ENSP00000339398,932
9606.ENSP00000264463,933
9606.ENSP00000331504,934
9606.ENSP00000318803,935
9606.ENSP00000311984,936
9606.ENSP00000335463,937
9606.ENSP00000366604,938
9606.ENSP00000305651,939
9606.ENSP00000248598,940
9606.ENSP00000263798,941
9606.ENSP00000335655,942
9606.ENSP00000419970,943
9606.ENSP00000482609,944
9606.ENSP00000231368,945
9606.ENSP00000376077,946
9606.ENSP00000233838,947
9606.ENSP00000356899,948
9606.ENSP00000355607,949
9606.ENSP00000427888,950
9606.ENSP00000468837,951
9606.ENSP00000346139,952
9606.ENSP00000355306,953
9606.ENSP00000318234,954
9606.ENSP00000379563,955
9606.ENSP00000219548,956
9606.ENSP00000493431,957
9606.ENSP00000198536,958
9606.ENSP00000353508,959
9606.ENSP00000424896,960
9606.ENSP00000365682,961
9606.ENSP00000337972,962
9606.ENSP00000337332,963
9606.ENSP00000364498,964
9606.ENSP00000425634,965
9606.ENSP00000375844,966
9606.ENSP00000363414,967
9606.ENSP00000253496,968
9606.ENSP00000481321,969
9606.ENSP00000222008,970
9606.ENSP00000313881,971
9606.ENSP00000441929,972
9606.ENSP00000254227,973
9606.ENSP00000323148,974
9606.ENSP00000355771,975
9606.ENSP00000301466,976
9606.ENSP00000354532,977
9606.ENSP00000314615,978
9606.ENSP00000259008,979
9606.ENSP00000330484,980
9606.ENSP00000296674,981
9606.ENSP00000252939,982
9606.ENSP00000326519,983
9606.ENSP00000247668,984
9606.ENSP00000299518,985
9606.ENSP00000472802,986
9606.ENSP00000378830,987
9606.ENSP00000419457,988
9606.ENSP00000266980,989
9606.ENSP00000211287,990
9606.ENSP00000339824,991
9606.ENSP00000277540,992
9606.ENSP00000386414,993
9606.ENSP00000376440,994
9606.ENSP00000364003,995
9606.ENSP00000381461,996
9606.ENSP00000263246,997
9606.ENSP00000347046,998
9606.ENSP00000479730,999
9606.ENSP00000461785,1000
9606.ENSP00000496793,1001
9606.ENSP00000403310,1002
9606.ENSP00000313811,1003
9606.ENSP00000293894,1004
9606.ENSP00000265769,1005
9606.ENSP00000359114,1006
9606.ENSP00000400433,1007
9606.ENSP00000338173,1008
9606.ENSP00000362690,1009
9606.ENSP00000367198,1010
9606.ENSP00000263867,1011
9606.ENSP00000282486,1012
9606.ENSP00000384899,1013
9606.ENSP00000312134,1014
9606.ENSP00000228837,1015
9606.ENSP00000292330,1016
9606.ENSP00000499569,1017
9606.ENSP00000355028,1018
9606.ENSP00000498362,1019
9606.ENSP00000454623,1020
9606.ENSP00000339834,1021
9606.ENSP00000216410,1022
9606.ENSP00000282841,1023
9606.ENSP00000359119,1024
9606.ENSP00000357727,1025
9606.ENSP00000363614,1026
9606.ENSP00000222005,1027
9606.ENSP00000293190,1028
9606.ENSP00000354223,1029
9606.ENSP00000309415,1030
9606.ENSP00000275461,1031
9606.ENSP00000278865,1032
9606.ENSP00000315988,1033
9606.ENSP00000369554,1034
9606.ENSP00000384363,1035
9606.ENSP00000437775,1036
9606.ENSP00000460683,1037
9606.ENSP00000268603,1038
9606.ENSP00000373413,1039
9606.ENSP00000365944,1040
9606.ENSP00000442626,1041
9606.ENSP00000497280,1042
9606.ENSP00000354837,1043
9606.ENSP00000351492,1044
9606.ENSP00000312999,1045
9606.ENSP00000339208,1046
9606.ENSP00000381247,1047
9606.ENSP00000313422,1048
9606.ENSP00000429243,1049
9606.ENSP00000454038,1050
9606.ENSP00000491494,1051
9606.ENSP00000386200,1052
9606.ENSP00000301364,1053
9606.ENSP00000335006,1054
9606.ENSP00000338641,1055
9606.ENSP00000358786,1056
9606.ENSP00000465776,1057
9606.ENSP00000495192,1058
9606.ENSP00000204961,1059
9606.ENSP00000435460,1060
9606.ENSP00000017003,1061
9606.ENSP00000281456,1062
9606.ENSP00000377061,1063
9606.ENSP00000323588,1064
9606.ENSP00000003100,1065
9606.ENSP00000226299,1066
9606.ENSP00000263754,1067
9606.ENSP00000296870,1068
9606.ENSP00000374377,1069
9606.ENSP00000367570,1070
9606.ENSP00000360107,1071
9606.ENSP00000360541,1072
9606.ENSP00000357459,1073
9606.ENSP00000374409,1074
9606.ENSP00000457733,1075
9606.ENSP00000228437,1076
9606.ENSP00000276218,1077
9606.ENSP00000356308,1078
9606.ENSP00000248248,1079
9606.ENSP00000256429,1080
9606.ENSP00000248633,1081
9606.ENSP00000481314,1082
9606.ENSP00000410561,1083
9606.ENSP00000264864,1084
9606.ENSP00000482552,1085
9606.ENSP00000378536,1086
9606.ENSP00000320869,1087
9606.ENSP00000291634,1088
9606.ENSP00000302289,1089
9606.ENSP00000430846,1090
9606.ENSP00000444810,1091
9606.ENSP00000340226,1092
9606.ENSP00000381250,1093
9606.ENSP00000444136,1094
9606.ENSP00000264833,1095
9606.ENSP00000375232,1096
9606.ENSP00000350708,1097
9606.ENSP00000324729,1098
9606.ENSP00000302629,1099
9606.ENSP00000295542,1100
9606.ENSP00000355110,1101
9606.ENSP00000399700,1102
9606.ENSP00000262265,1103
9606.ENSP00000361927,1104
9606.ENSP00000308815,1105
9606.ENSP00000287156,1106
9606.ENSP00000012443,1107
9606.ENSP00000373565,1108
9606.ENSP00000362393,1109
9606.ENSP00000345064,1110
9606.ENSP00000363827,1111
9606.ENSP00000346275,1112
9606.ENSP00000341289,1113
9606.ENSP00000261726,1114
9606.ENSP00000345988,1115
9606.ENSP00000260197,1116
9606.ENSP00000491537,1117
9606.ENSP00000429986,1118
9606.ENSP00000286614,1119
9606.ENSP00000302108,1120
9606.ENSP00000329967,1121
9606.ENSP00000429200,1122
9606.ENSP00000178638,1123
9606.ENSP00000348216,1124
9606.ENSP00000368686,1125
9606.ENSP00000270631,1126
9606.ENSP00000310978,1127
9606.ENSP00000370543,1128
9606.ENSP00000229335,1129
9606.ENSP00000371847,1130
9606.ENSP00000477999,1131
9606.ENSP00000323065,1132
9606.ENSP00000355308,1133
9606.ENSP00000357156,1134
9606.ENSP00000347345,1135
9606.ENSP00000306497,1136
9606.ENSP00000290551,1137
9606.ENSP00000413908,1138
9606.ENSP00000384924,1139
9606.ENSP00000254181,1140
9606.ENSP00000483567,1141
9606.ENSP00000295025,1142
9606.ENSP00000314196,1143
9606.ENSP00000481559,1144
9606.ENSP00000471455,1145
9606.ENSP00000436450,1146
9606.ENSP00000367835,1147
9606.ENSP00000357928,1148
9606.ENSP00000393566,1149
9606.ENSP00000378782,1150
9606.ENSP00000390621,1151
9606.ENSP00000404503,1152
9606.ENSP00000381666,1153
9606.ENSP00000352673,1154
9606.ENSP00000362095,1155
9606.ENSP00000491067,1156
9606.ENSP00000371825,1157
9606.ENSP00000306606,1158
9606.ENSP00000262622,1159
9606.ENSP00000387334,1160
9606.ENSP00000369564,1161
9606.ENSP00000405577,1162
9606.ENSP00000445381,1163
9606.ENSP00000386443,1164
9606.ENSP00000221419,1165
9606.ENSP00000266397,1166
9606.ENSP00000295851,1167
9606.ENSP00000496301,1168
9606.ENSP00000254691,1169
9606.ENSP00000361596,1170
9606.ENSP00000263934,1171
9606.ENSP00000355517,1172
9606.ENSP00000329200,1173
9606.ENSP00000354961,1174
9606.ENSP00000290310,1175
9606.ENSP00000464383,1176
9606.ENSP00000401371,1177
9606.ENSP00000318195,1178
9606.ENSP00000325612,1179
9606.ENSP00000306754,1180
9606.ENSP00000307265,1181
9606.ENSP00000380557,1182
9606.ENSP00000264198,1183
9606.ENSP00000220809,1184
9606.ENSP00000306894,1185
9606.ENSP00000324422,1186
9606.ENSP00000264711,1187
9606.ENSP00000355747,1188
9606.ENSP00000374447,1189
9606.ENSP00000221138,1190
9606.ENSP00000367203,1191
9606.ENSP00000370521,1192
9606.ENSP00000262415,1193
9606.ENSP00000222553,1194
9606.ENSP00000253055,1195
9606.ENSP00000336861,1196
9606.ENSP00000337946,1197
9606.ENSP00000381185,1198
9606.ENSP00000488481,1199
9606.ENSP00000366565,1200
9606.ENSP00000365433,1201
9606.ENSP00000350681,1202
9606.ENSP00000471604,1203
9606.ENSP00000435565,1204
9606.ENSP00000285238,1205
9606.ENSP00000358309,1206
9606.ENSP00000349884,1207
9606.ENSP00000363745,1208
9606.ENSP00000222248,1209
9606.ENSP00000264538,1210
9606.ENSP00000364163,1211
9606.ENSP00000367197,1212
9606.ENSP00000377001,1213
9606.ENSP00000485541,1214
9606.ENSP00000401435,1215
9606.ENSP00000312326,1216
9606.ENSP00000370718,1217
9606.ENSP00000200181,1218
9606.ENSP00000448165,1219
9606.ENSP00000497931,1220
9606.ENSP00000355759,1221
9606.ENSP00000481683,1222
9606.ENSP00000273814,1223
9606.ENSP00000473185,1224
9606.ENSP00000496014,1225
9606.ENSP00000373674,1226
9606.ENSP00000356037,1227
9606.ENSP00000222718,1228
9606.ENSP00000263326,1229
9606.ENSP00000354812,1230
9606.ENSP00000363985,1231
9606.ENSP00000436864,1232
9606.ENSP00000354972,1233
9606.ENSP00000312150,1234
9606.ENSP00000435289,1235
9606.ENSP00000389377,1236
9606.ENSP00000332979,1237
9606.ENSP00000271532,1238
9606.ENSP00000490055,1239
9606.ENSP00000484810,1240
9606.ENSP00000316244,1241
9606.ENSP00000303276,1242
9606.ENSP00000359423,1243
9606.ENSP00000364028,1244
9606.ENSP00000414635,1245
9606.ENSP00000236192,1246
9606.ENSP00000223114,1247
9606.ENSP00000249299,1248
9606.ENSP00000321347,1249
9606.ENSP00000412566,1250
9606.ENSP00000303373,1251
9606.ENSP00000388566,1252
9606.ENSP00000306330,1253
9606.ENSP00000359364,1254
9606.ENSP00000278829,1255
9606.ENSP00000496496,1256
9606.ENSP00000320797,1257
9606.ENSP00000260508,1258
9606.ENSP00000469686,1259
9606.ENSP00000255120,1260
9606.ENSP00000434241,1261
9606.ENSP00000407761,1262
9606.ENSP00000257527,1263
9606.ENSP00000317780,1264
9606.ENSP00000382670,1265
9606.ENSP00000370588,1266
9606.ENSP00000273541,1267
9606.ENSP00000310623,1268
9606.ENSP00000231948,1269
9606.ENSP00000261714,1270
9606.ENSP00000379201,1271
9606.ENSP00000304811,1272
9606.ENSP00000285021,1273
9606.ENSP00000316029,1274
9606.ENSP00000272430,1275
9606.ENSP00000368189,1276
9606.ENSP00000374562,1277
9606.ENSP00000173229,1278
9606.ENSP00000264005,1279
9606.ENSP00000361705,1280
9606.ENSP00000321951,1281
9606.ENSP00000267113,1282
9606.ENSP00000364246,1283
9606.ENSP00000378792,1284
9606.ENSP00000307705,1285
9606.ENSP00000381601,1286
9606.ENSP00000376445,1287
9606.ENSP00000282276,1288
9606.ENSP00000296435,1289
9606.ENSP00000340677,1290
9606.ENSP00000359095,1291
9606.ENSP00000490225,1292
9606.ENSP00000302194,1293
9606.ENSP00000293756,1294
9606.ENSP00000248071,1295
9606.ENSP00000250018,1296
9606.ENSP00000351142,1297
9606.ENSP00000251595,1298
9606.ENSP00000280557,1299
9606.ENSP00000409378,1300
9606.ENSP00000399679,1301
9606.ENSP00000320309,1302
9606.ENSP00000435712,1303
9606.ENSP00000336831,1304
9606.ENSP00000465734,1305
9606.ENSP00000359606,1306
9606.ENSP00000312753,1307
9606.ENSP00000389103,1308
9606.ENSP00000446007,1309
9606.ENSP00000369075,1310
9606.ENSP00000421861,1311
9606.ENSP00000306245,1312
9606.ENSP00000367202,1313
9606.ENSP00000223208,1314
9606.ENSP00000311605,1315
9606.ENSP00000238994,1316
9606.ENSP00000341243,1317
9606.ENSP00000455426,1318
9606.ENSP00000456019,1319
9606.ENSP00000261396,1320
9606.ENSP00000293760,1321
9606.ENSP00000260129,1322
9606.ENSP00000400932,1323
9606.ENSP00000364578,1324
9606.ENSP00000369757,1325
9606.ENSP00000342538,1326
9606.ENSP00000357711,1327
9606.ENSP00000249330,1328
9606.ENSP00000381581,1329
9606.ENSP00000431775,1330
9606.ENSP00000367276,1331
9606.ENSP00000386444,1332
9606.ENSP00000372390,1333
9606.ENSP00000293872,1334
9606.ENSP00000312673,1335
9606.ENSP00000261978,1336
9606.ENSP00000264031,1337
9606.ENSP00000419153,1338
9606.ENSP00000311862,1339
9606.ENSP00000264605,1340
9606.ENSP00000351138,1341
9606.ENSP00000348772,1342
9606.ENSP00000326018,1343
9606.ENSP00000464512,1344
9606.ENSP00000309457,1345
9606.ENSP00000305696,1346
9606.ENSP00000302413,1347
9606.ENSP00000253023,1348
9606.ENSP00000366378,1349
9606.ENSP00000262794,1350
9606.ENSP00000481956,1351
9606.ENSP00000304032,1352
9606.ENSP00000223864,1353
9606.ENSP00000358045,1354
9606.ENSP00000360252,1355
9606.ENSP00000404911,1356
9606.ENSP00000357807,1357
9606.ENSP00000395473,1358
9606.ENSP00000229554,1359
9606.ENSP00000261245,1360
9606.ENSP00000417050,1361
9606.ENSP00000318650,1362
9606.ENSP00000440984,1363
9606.ENSP00000330737,1364
9606.ENSP00000366275,1365
9606.ENSP00000239144,1366
9606.ENSP00000237380,1367
9606.ENSP00000222982,1368
9606.ENSP00000280571,1369
9606.ENSP00000262764,1370
9606.ENSP00000376048,1371
9606.ENSP00000226796,1372
9606.ENSP00000361057,1373
9606.ENSP00000367323,1374
9606.ENSP00000358099,1375
9606.ENSP00000262942,1376
9606.ENSP00000345708,1377
9606.ENSP00000434729,1378
9606.ENSP00000375618,1379
9606.ENSP00000008527,1380
9606.ENSP00000402107,1381
9606.ENSP00000297313,1382
9606.ENSP00000308179,1383
9606.ENSP00000430886,1384
9606.ENSP00000336733,1385
9606.ENSP00000329915,1386
9606.ENSP00000218316,1387
9606.ENSP00000367398,1388
9606.ENSP00000357175,1389
9606.ENSP00000334940,1390
9606.ENSP00000356846,1391
9606.ENSP00000328977,1392
9606.ENSP00000354314,1393
9606.ENSP00000389176,1394
9606.ENSP00000283309,1395
9606.ENSP00000386538,1396
9606.ENSP00000367494,1397
9606.ENSP00000498198,1398
9606.ENSP00000356991,1399
9606.ENSP00000290429,1400
9606.ENSP00000360671,1401
9606.ENSP00000324628,1402
9606.ENSP00000376141,1403
9606.ENSP00000338127,1404
9606.ENSP00000262648,1405
9606.ENSP00000362803,1406
9606.ENSP00000441954,1407
9606.ENSP00000358814,1408
9606.ENSP00000484618,1409
9606.ENSP00000280551,1410
9606.ENSP00000379032,1411
9606.ENSP00000341170,1412
9606.ENSP00000308772,1413
9606.ENSP00000263209,1414
9606.ENSP00000355925,1415
9606.ENSP00000370839,1416
9606.ENSP00000326804,1417
9606.ENSP00000415056,1418
9606.ENSP00000222345,1419
9606.ENSP00000296980,1420
9606.ENSP00000473623,1421
9606.ENSP00000429374,1422
9606.ENSP00000397441,1423
9606.ENSP00000414147,1424
9606.ENSP00000477639,1425
9606.ENSP00000225831,1426
9606.ENSP00000375756,1427
9606.ENSP00000261643,1428
9606.ENSP00000348128,1429
9606.ENSP00000356671,1430
9606.ENSP00000295718,1431
9606.ENSP00000435096,1432
9606.ENSP00000364902,1433
9606.ENSP00000339867,1434
9606.ENSP00000418748,1435
9606.ENSP00000379683,1436
9606.ENSP00000341562,1437
9606.ENSP00000356590,1438
9606.ENSP00000258975,1439
9606.ENSP00000352513,1440
9606.ENSP00000488024,1441
9606.ENSP00000361359,1442
9606.ENSP00000259983,1443
9606.ENSP00000371152,1444
9606.ENSP00000310801,1445
9606.ENSP00000235090,1446
9606.ENSP00000305892,1447
9606.ENSP00000386869,1448
9606.ENSP00000387362,1449
9606.ENSP00000271835,1450
9606.ENSP00000303696,1451
9606.ENSP00000501146,1452
9606.ENSP00000367991,1453
9606.ENSP00000372005,1454
9606.ENSP00000229264,1455
9606.ENSP00000345752,1456
9606.ENSP00000360560,1457
9606.ENSP00000399168,1458
9606.ENSP00000296137,1459
9606.ENSP00000287600,1460
9606.ENSP00000477875,1461
9606.ENSP00000499129,1462
9606.ENSP00000406162,1463
9606.ENSP00000237281,1464
9606.ENSP00000158771,1465
9606.ENSP00000394936,1466
9606.ENSP00000322339,1467
9606.ENSP00000436042,1468
9606.ENSP00000266718,1469
9606.ENSP00000325285,1470
9606.ENSP00000351706,1471
9606.ENSP00000356416,1472
9606.ENSP00000424870,1473
9606.ENSP00000253362,1474
9606.ENSP00000269228,1475
9606.ENSP00000164227,1476
9606.ENSP00000367013,1477
9606.ENSP00000358496,1478
9606.ENSP00000481917,1479
9606.ENSP00000367446,1480
9606.ENSP00000349270,1481
9606.ENSP00000438574,1482
9606.ENSP00000484431,1483
9606.ENSP00000328720,1484
9606.ENSP00000343706,1485
9606.ENSP00000431076,1486
9606.ENSP00000301305,1487
9606.ENSP00000495112,1488
9606.ENSP00000389175,1489
9606.ENSP00000222567,1490
9606.ENSP00000329715,1491
9606.ENSP00000357178,1492
9606.ENSP00000478931,1493
9606.ENSP00000267935,1494
9606.ENSP00000375857,1495
9606.ENSP00000365016,1496
9606.ENSP00000283254,1497
9606.ENSP00000358518,1498
9606.ENSP00000182290,1499
9606.ENSP00000264553,1500
9606.ENSP00000424007,1501
9606.ENSP00000355923,1502
9606.ENSP00000381097,1503
9606.ENSP00000333920,1504
9606.ENSP00000367299,1505
9606.ENSP00000306275,1506
9606.ENSP00000370639,1507
9606.ENSP00000418268,1508
9606.ENSP00000378650,1509
9606.ENSP00000386049,1510
9606.ENSP00000298310,1511
9606.ENSP00000226021,1512
9606.ENSP00000416255,1513
9606.ENSP00000306015,1514
9606.ENSP00000370737,1515
9606.ENSP00000279263,1516
9606.ENSP00000438248,1517
9606.ENSP00000386181,1518
9606.ENSP00000216252,1519
9606.ENSP00000216780,1520
9606.ENSP00000401878,1521
9606.ENSP00000353732,1522
9606.ENSP00000216366,1523
9606.ENSP00000303147,1524
9606.ENSP00000451506,1525
9606.ENSP00000320084,1526
9606.ENSP00000355751,1527
9606.ENSP00000368632,1528
9606.ENSP00000332164,1529
9606.ENSP00000366798,1530
9606.ENSP00000391490,1531
9606.ENSP00000285848,1532
9606.ENSP00000495530,1533
9606.ENSP00000380437,1534
9606.ENSP00000252818,1535
9606.ENSP00000446828,1536
9606.ENSP00000384849,1537
9606.ENSP00000356918,1538
9606.ENSP00000484940,1539
9606.ENSP00000338727,1540
9606.ENSP00000355325,1541
9606.ENSP00000346667,1542
9606.ENSP00000350036,1543
9606.ENSP00000334808,1544
9606.ENSP00000499205,1545
9606.ENSP00000370671,1546
9606.ENSP00000362639,1547
9606.ENSP00000364114,1548
9606.ENSP00000465685,1549
9606.ENSP00000382707,1550
9606.ENSP00000369531,1551
9606.ENSP00000267984,1552
9606.ENSP00000259963,1553
9606.ENSP00000421842,1554
9606.ENSP00000296632,1555
9606.ENSP00000310006,1556
9606.ENSP00000230056,1557
9606.ENSP00000282588,1558
9606.ENSP00000369198,1559
9606.ENSP00000308541,1560
9606.ENSP00000254942,1561
9606.ENSP00000302456,1562
9606.ENSP00000246792,1563
9606.ENSP00000225688,1564
9606.ENSP00000307078,1565
9606.ENSP00000389814,1566
9606.ENSP00000295633,1567
9606.ENSP00000432768,1568
9606.ENSP00000337797,1569
9606.ENSP00000243911,1570
9606.ENSP00000270310,1571
9606.ENSP00000370896,1572
9606.ENSP00000379503,1573
9606.ENSP00000349446,1574
9606.ENSP00000391269,1575
9606.ENSP00000478253,1576
9606.ENSP00000357679,1577
9606.ENSP00000467290,1578
9606.ENSP00000385787,1579
9606.ENSP00000297785,1580
9606.ENSP00000306999,1581
9606.ENSP00000261170,1582
9606.ENSP00000356576,1583
9606.ENSP00000355195,1584
9606.ENSP00000355493,1585
9606.ENSP00000364965,1586
9606.ENSP00000396304,1587
9606.ENSP00000482486,1588
9606.ENSP00000354201,1589
9606.ENSP00000339449,1590
9606.ENSP00000280665,1591
9606.ENSP00000254950,1592
9606.ENSP00000262352,1593
9606.ENSP00000361287,1594
9606.ENSP00000352608,1595
9606.ENSP00000478059,1596
9606.ENSP00000221665,1597
9606.ENSP00000489910,1598
9606.ENSP00000327513,1599
9606.ENSP00000249499,1600
9606.ENSP00000354947,1601
9606.ENSP00000275732,1602
9606.ENSP00000310572,1603
9606.ENSP00000450281,1604
9606.ENSP00000498934,1605
9606.ENSP00000380427,1606
9606.ENSP00000433760,1607
9606.ENSP00000428209,1608
9606.ENSP00000497053,1609
9606.ENSP00000386935,1610
9606.ENSP00000357255,1611
9606.ENSP00000328444,1612
9606.ENSP00000308576,1613
9606.ENSP00000365075,1614
9606.ENSP00000495718,1615
9606.ENSP00000306449,1616
9606.ENSP00000359680,1617
9606.ENSP00000317564,1618
9606.ENSP00000458663,1619
9606.ENSP00000356257,1620
9606.ENSP00000361597,1621
9606.ENSP00000421275,1622
9606.ENSP00000378914,1623
9606.ENSP00000377840,1624
9606.ENSP00000313490,1625
9606.ENSP00000360858,1626
9606.ENSP00000417980,1627
9606.ENSP00000169298,1628
9606.ENSP00000424630,1629
9606.ENSP00000356230,1630
9606.ENSP00000274813,1631
9606.ENSP00000321691,1632
9606.ENSP00000412940,1633
9606.ENSP00000347834,1634
9606.ENSP00000414657,1635
9606.ENSP00000267430,1636
9606.ENSP00000347997,1637
9606.ENSP00000245983,1638
9606.ENSP00000257770,1639
9606.ENSP00000361209,1640
9606.ENSP00000480378,1641
9606.ENSP00000379658,1642
9606.ENSP00000384264,1643
9606.ENSP00000358033,1644
9606.ENSP00000361278,1645
9606.ENSP00000388241,1646
9606.ENSP00000353452,1647
9606.ENSP00000359245,1648
9606.ENSP00000330237,1649
9606.ENSP00000353942,1650
9606.ENSP00000358904,1651
9606.ENSP00000367064,1652
9606.ENSP00000356982,1653
9606.ENSP00000011653,1654
9606.ENSP00000269967,1655
9606.ENSP00000384182,1656
9606.ENSP00000229134,1657
9606.ENSP00000360992,1658
9606.ENSP00000307786,1659
9606.ENSP00000354633,1660
9606.ENSP00000332134,1661
9606.ENSP00000409131,1662
9606.ENSP00000354360,1663
9606.ENSP00000402537,1664
9606.ENSP00000297991,1665
9606.ENSP00000489262,1666
9606.ENSP00000493382,1667
9606.ENSP00000463842,1668
9606.ENSP00000279022,1669
9606.ENSP00000326031,1670
9606.ENSP00000329614,1671
9606.ENSP00000417335,1672
9606.ENSP00000289004,1673
9606.ENSP00000310036,1674
9606.ENSP00000382779,1675
9606.ENSP00000466111,1676
9606.ENSP00000363553,1677
9606.ENSP00000337040,1678
9606.ENSP00000354900,1679
9606.ENSP00000331411,1680
9606.ENSP00000331358,1681
9606.ENSP00000344432,1682
9606.ENSP00000231509,1683
9606.ENSP00000262178,1684
9606.ENSP00000309126,1685
9606.ENSP00000471683,1686
9606.ENSP00000005257,1687
9606.ENSP00000492944,1688
9606.ENSP00000371577,1689
9606.ENSP00000329869,1690
9606.ENSP00000243326,1691
9606.ENSP00000492923,1692
9606.ENSP00000218867,1693
9606.ENSP00000259407,1694
9606.ENSP00000264318,1695
9606.ENSP00000391723,1696
9606.ENSP00000417214,1697
9606.ENSP00000443985,1698
9606.ENSP00000427603,1699
9606.ENSP00000479860,1700
9606.ENSP00000459451,1701
9606.ENSP00000335578,1702
9606.ENSP00000426786,1703
9606.ENSP00000356579,1704
9606.ENSP00000354871,1705
9606.ENSP00000471575,1706
9606.ENSP00000235628,1707
9606.ENSP00000344299,1708
9606.ENSP00000279147,1709
9606.ENSP00000365401,1710
9606.ENSP00000342938,1711
9606.ENSP00000432119,1712
9606.ENSP00000485230,1713
9606.ENSP00000359211,1714
9606.ENSP00000362160,1715
9606.ENSP00000263774,1716
9606.ENSP00000340292,1717
9606.ENSP00000481699,1718
9606.ENSP00000489320,1719
9606.ENSP00000456333,1720
9606.ENSP00000284674,1721
9606.ENSP00000308369,1722
9606.ENSP00000374183,1723
9606.ENSP00000417207,1724
9606.ENSP00000237014,1725
9606.ENSP00000480301,1726
9606.ENSP00000267103,1727
9606.ENSP00000388183,1728
9606.ENSP00000359396,1729
9606.ENSP00000384018,1730
9606.ENSP00000266066,1731
9606.ENSP00000262144,1732
9606.ENSP00000420182,1733
9606.ENSP00000482773,1734
9606.ENSP00000373627,1735
9606.ENSP00000415151,1736
9606.ENSP00000310332,1737
9606.ENSP00000475727,1738
9606.ENSP00000282388,1739
9606.ENSP00000289371,1740
9606.ENSP00000324856,1741
9606.ENSP00000364801,1742
9606.ENSP00000355899,1743
9606.ENSP00000296695,1744
9606.ENSP00000386845,1745
9606.ENSP00000468411,1746
9606.ENSP00000312442,1747
9606.ENSP00000181839,1748
9606.ENSP00000297994,1749
9606.ENSP00000479166,1750
9606.ENSP00000383949,1751
9606.ENSP00000346037,1752
9606.ENSP00000439120,1753
9606.ENSP00000363431,1754
9606.ENSP00000267484,1755
9606.ENSP00000432104,1756
9606.ENSP00000359172,1757
9606.ENSP00000274532,1758
9606.ENSP00000400341,1759
9606.ENSP00000332073,1760
9606.ENSP00000224140,1761
9606.ENSP00000380661,1762
9606.ENSP00000369346,1763
9606.ENSP00000361400,1764
9606.ENSP00000221561,1765
9606.ENSP00000345659,1766
9606.ENSP00000490263,1767
9606.ENSP00000361238,1768
9606.ENSP00000204566,1769
9606.ENSP00000315351,1770
9606.ENSP00000223364,1771
9606.ENSP00000321005,1772
9606.ENSP00000364859,1773
9606.ENSP00000244669,1774
9606.ENSP00000223795,1775
9606.ENSP00000363559,1776
9606.ENSP00000324173,1777
9606.ENSP00000453015,1778
9606.ENSP00000262461,1779
9606.ENSP00000347719,1780
9606.ENSP00000200453,1781
9606.ENSP00000288207,1782
9606.ENSP00000311997,1783
9606.ENSP00000254090,1784
9606.ENSP00000276689,1785
9606.ENSP00000483313,1786
9606.ENSP00000257359,1787
9606.ENSP00000334050,1788
9606.ENSP00000306817,1789
9606.ENSP00000352119,1790
9606.ENSP00000258145,1791
9606.ENSP00000281821,1792
9606.ENSP00000419085,1793
9606.ENSP00000435365,1794
9606.ENSP00000370258,1795
9606.ENSP00000351273,1796
9606.ENSP00000274000,1797
9606.ENSP00000466639,1798
9606.ENSP00000401513,1799
9606.ENSP00000342262,1800
9606.ENSP00000377769,1801
9606.ENSP00000397673,1802
9606.ENSP00000264555,1803
9606.ENSP00000334319,1804
9606.ENSP00000274793,1805
9606.ENSP00000380948,1806
9606.ENSP00000463978,1807
9606.ENSP00000367686,1808
9606.ENSP00000496597,1809
9606.ENSP00000302805,1810
9606.ENSP00000367832,1811
9606.ENSP00000242257,1812
9606.ENSP00000491949,1813
9606.ENSP00000263635,1814
9606.ENSP00000378868,1815
9606.ENSP00000448071,1816
9606.ENSP00000274400,1817
9606.ENSP00000369390,1818
9606.ENSP00000308318,1819
9606.ENSP00000400906,1820
9606.ENSP00000216121,1821
9606.ENSP00000261731,1822
9606.ENSP00000370377,1823
9606.ENSP00000300935,1824
9606.ENSP00000427874,1825
9606.ENSP00000387310,1826
9606.ENSP00000222968,1827
9606.ENSP00000302251,1828
9606.ENSP00000339587,1829
9606.ENSP00000410396,1830
9606.ENSP00000279178,1831
9606.ENSP00000282605,1832
9606.ENSP00000496939,1833
9606.ENSP00000359837,1834
9606.ENSP00000264638,1835
9606.ENSP00000307853,1836
9606.ENSP00000376609,1837
9606.ENSP00000261778,1838
9606.ENSP00000482743,1839
9606.ENSP00000465075,1840
9606.ENSP00000360129,1841
9606.ENSP00000243501,1842
9606.ENSP00000177742,1843
9606.ENSP00000479130,1844
9606.ENSP00000264613,1845
9606.ENSP00000471851,1846
9606.ENSP00000386433,1847
9606.ENSP00000299163,1848
9606.ENSP00000225842,1849
9606.ENSP00000349486,1850
9606.ENSP00000329097,1851
9606.ENSP00000295452,1852
9606.ENSP00000369335,1853
9606.ENSP00000298743,1854
9606.ENSP00000458162,1855
9606.ENSP00000348107,1856
9606.ENSP00000433560,1857
9606.ENSP00000353904,1858
9606.ENSP00000305529,1859
9606.ENSP00000354251,1860
9606.ENSP00000480157,1861
9606.ENSP00000415283,1862
9606.ENSP00000225964,1863
9606.ENSP00000432412,1864
9606.ENSP00000280236,1865
9606.ENSP00000357060,1866
9606.ENSP00000375430,1867
9606.ENSP00000346892,1868
9606.ENSP00000320043,1869
9606.ENSP00000347224,1870
9606.ENSP00000491507,1871
9606.ENSP00000384048,1872
9606.ENSP00000457870,1873
9606.ENSP00000388920,1874
9606.ENSP00000492240,1875
9606.ENSP00000321856,1876
9606.ENSP00000355890,1877
9606.ENSP00000007735,1878
9606.ENSP00000441875,1879
9606.ENSP00000316152,1880
9606.ENSP00000427690,1881
9606.ENSP00000368278,1882
9606.ENSP00000354040,1883
9606.ENSP00000383226,1884
9606.ENSP00000358967,1885
9606.ENSP00000360730,1886
9606.ENSP00000321537,1887
9606.ENSP00000387261,1888
9606.ENSP00000368793,1889
9606.ENSP00000369915,1890
9606.ENSP00000479518,1891
9606.ENSP00000498715,1892
9606.ENSP00000362680,1893
9606.ENSP00000461388,1894
9606.ENSP00000464522,1895
9606.ENSP00000396308,1896
9606.ENSP00000496255,1897
9606.ENSP00000261308,1898
9606.ENSP00000267884,1899
9606.ENSP00000385055,1900
9606.ENSP00000264734,1901
9606.ENSP00000362387,1902
9606.ENSP00000355559,1903
9606.ENSP00000334128,1904
9606.ENSP00000333363,1905
9606.ENSP00000218006,1906
9606.ENSP00000274711,1907
9606.ENSP00000241436,1908
9606.ENSP00000384886,1909
9606.ENSP00000399585,1910
9606.ENSP00000323421,1911
9606.ENSP00000378356,1912
9606.ENSP00000264689,1913
9606.ENSP00000378074,1914
9606.ENSP00000263726,1915
9606.ENSP00000391504,1916
9606.ENSP00000264606,1917
9606.ENSP00000360577,1918
9606.ENSP00000296456,1919
9606.ENSP00000389870,1920
9606.ENSP00000346437,1921
9606.ENSP00000355944,1922
9606.ENSP00000360475,1923
9606.ENSP00000473990,1924
9606.ENSP00000346088,1925
9606.ENSP00000323696,1926
9606.ENSP00000443795,1927
9606.ENSP00000264167,1928
9606.ENSP00000305919,1929
9606.ENSP00000330730,1930
9606.ENSP00000325819,1931
9606.ENSP00000445002,1932
9606.ENSP00000356331,1933
9606.ENSP00000426638,1934
9606.ENSP00000440246,1935
9606.ENSP00000464050,1936
9606.ENSP00000360583,1937
9606.ENSP00000333946,1938
9606.ENSP00000399376,1939
9606.ENSP00000354558,1940
9606.ENSP00000447091,1941
9606.ENSP00000468354,1942
9606.ENSP00000361010,1943
9606.ENSP00000306105,1944
9606.ENSP00000405969,1945
9606.ENSP00000499751,1946
9606.ENSP00000378118,1947
9606.ENSP00000230036,1948
9606.ENSP00000478783,1949
9606.ENSP00000369568,1950
9606.ENSP00000422969,1951
9606.ENSP00000407442,1952
9606.ENSP00000264047,1953
9606.ENSP00000337353,1954
9606.ENSP00000298032,1955
9606.ENSP00000364543,1956
9606.ENSP00000438388,1957
9606.ENSP00000266031,1958
9606.ENSP00000371327,1959
9606.ENSP00000322885,1960
9606.ENSP00000272224,1961
9606.ENSP00000338512,1962
9606.ENSP00000497294,1963
9606.ENSP00000334665,1964
9606.ENSP00000288490,1965
9606.ENSP00000321388,1966
9606.ENSP00000231572,1967
9606.ENSP00000249014,1968
9606.ENSP00000269489,1969
9606.ENSP00000217740,1970
9606.ENSP00000342351,1971
9606.ENSP00000452123,1972
9606.ENSP00000500595,1973
9606.ENSP00000330032,1974
9606.ENSP00000225737,1975
9606.ENSP00000477538,1976
9606.ENSP00000251588,1977
9606.ENSP00000429473,1978
9606.ENSP00000328998,1979
9606.ENSP00000259569,1980
9606.ENSP00000257818,1981
9606.ENSP00000361669,1982
9606.ENSP00000238892,1983
9606.ENSP00000362314,1984
9606.ENSP00000357829,1985
9606.ENSP00000376865,1986
9606.ENSP00000228682,1987
9606.ENSP00000251810,1988
9606.ENSP00000358783,1989
9606.ENSP00000295148,1990
9606.ENSP00000267406,1991
9606.ENSP00000341083,1992
9606.ENSP00000256104,1993
9606.ENSP00000377995,1994
9606.ENSP00000259392,1995
9606.ENSP00000366006,1996
9606.ENSP00000276297,1997
9606.ENSP00000317579,1998
9606.ENSP00000263207,1999
9606.ENSP00000356410,2000
9606.ENSP00000313500,2001
9606.ENSP00000323348,2002
9606.ENSP00000307197,2003
9606.ENSP00000357169,2004
9606.ENSP00000380692,2005
9606.ENSP00000482568,2006
9606.ENSP00000499199,2007
9606.ENSP00000470259,2008
9606.ENSP00000225474,2009
9606.ENSP00000287647,2010
9606.ENSP00000350249,2011
9606.ENSP00000297689,2012
9606.ENSP00000270517,2013
9606.ENSP00000327724,2014
9606.ENSP00000330031,2015
9606.ENSP00000386764,2016
9606.ENSP00000343658,2017
9606.ENSP00000370980,2018
9606.ENSP00000343001,2019
9606.ENSP00000348069,2020
9606.ENSP00000366757,2021
9606.ENSP00000360860,2022
9606.ENSP00000437659,2023
9606.ENSP00000239243,2024
9606.ENSP00000424655,2025
9606.ENSP00000338343,2026
9606.ENSP00000159060,2027
9606.ENSP00000444935,2028
9606.ENSP00000072644,2029
9606.ENSP00000371000,2030
9606.ENSP00000277942,2031
9606.ENSP00000359634,2032
9606.ENSP00000366410,2033
9606.ENSP00000340278,2034
9606.ENSP00000304895,2035
9606.ENSP00000431512,2036
9606.ENSP00000299638,2037
9606.ENSP00000352358,2038
9606.ENSP00000290663,2039
9606.ENSP00000386588,2040
9606.ENSP00000403701,2041
9606.ENSP00000251157,2042
9606.ENSP00000467107,2043
9606.ENSP00000428572,2044
9606.ENSP00000363596,2045
9606.ENSP00000380308,2046
9606.ENSP00000273668,2047
9606.ENSP00000222728,2048
9606.ENSP00000337907,2049
9606.ENSP00000359691,2050
9606.ENSP00000338185,2051
9606.ENSP00000278282,2052
9606.ENSP00000483408,2053
9606.ENSP00000246062,2054
9606.ENSP00000477781,2055
9606.ENSP00000432786,2056
9606.ENSP00000359019,2057
9606.ENSP00000496422,2058
9606.ENSP00000384964,2059
9606.ENSP00000349131,2060
9606.ENSP00000354995,2061
9606.ENSP00000312631,2062
9606.ENSP00000348635,2063
9606.ENSP00000308970,2064
9606.ENSP00000496699,2065
9606.ENSP00000482093,2066
9606.ENSP00000351947,2067
9606.ENSP00000239223,2068
9606.ENSP00000335044,2069
9606.ENSP00000421339,2070
9606.ENSP00000312411,2071
9606.ENSP00000220507,2072
9606.ENSP00000481006,2073
9606.ENSP00000305941,2074
9606.ENSP00000414856,2075
9606.ENSP00000249075,2076
9606.ENSP00000414886,2077
9606.ENSP00000455897,2078
9606.ENSP00000355013,2079
9606.ENSP00000262376,2080
9606.ENSP00000355465,2081
9606.ENSP00000229304,2082
9606.ENSP00000263056,2083
9606.ENSP00000356530,2084
9606.ENSP00000369814,2085
9606.ENSP00000308258,2086
9606.ENSP00000419692,2087
9606.ENSP00000291232,2088
9606.ENSP00000365006,2089
9606.ENSP00000323063,2090
9606.ENSP00000309270,2091
9606.ENSP00000269216,2092
9606.ENSP00000431983,2093
9606.ENSP00000255476,2094
9606.ENSP00000498630,2095
9606.ENSP00000179259,2096
9606.ENSP00000414922,2097
9606.ENSP00000299339,2098
9606.ENSP00000261574,2099
9606.ENSP00000334148,2100
9606.ENSP00000478479,2101
9606.ENSP00000484687,2102
9606.ENSP00000314879,2103
9606.ENSP00000416523,2104
9606.ENSP00000225655,2105
9606.ENSP00000376472,2106
9606.ENSP00000337746,2107
9606.ENSP00000424495,2108
9606.ENSP00000384164,2109
9606.ENSP00000480091,2110
9606.ENSP00000263314,2111
9606.ENSP00000361021,2112
9606.ENSP00000261667,2113
9606.ENSP00000365256,2114
9606.ENSP00000367888,2115
9606.ENSP00000386759,2116
9606.ENSP00000418695,2117
9606.ENSP00000429900,2118
9606.ENSP00000170150,2119
9606.ENSP00000284262,2120
9606.ENSP00000385795,2121
9606.ENSP00000317904,2122
9606.ENSP00000223167,2123
9606.ENSP00000374566,2124
9606.ENSP00000405738,2125
9606.ENSP00000286639,2126
9606.ENSP00000216254,2127
9606.ENSP00000298556,2128
9606.ENSP00000421377,2129
9606.ENSP00000497112,2130
9606.ENSP00000216218,2131
9606.ENSP00000297537,2132
9606.ENSP00000316476,2133
9606.ENSP00000306991,2134
9606.ENSP00000371169,2135
9606.ENSP00000320663,2136
9606.ENSP00000455229,2137
9606.ENSP00000386660,2138
9606.ENSP00000459962,2139
9606.ENSP00000354610,2140
9606.ENSP00000483276,2141
9606.ENSP00000408205,2142
9606.ENSP00000272895,2143
9606.ENSP00000368152,2144
9606.ENSP00000309521,2145
9606.ENSP00000466953,2146
9606.ENSP00000436596,2147
9606.ENSP00000446872,2148
9606.ENSP00000263645,2149
9606.ENSP00000289746,2150
9606.ENSP00000357048,2151
9606.ENSP00000304604,2152
9606.ENSP00000370635,2153
9606.ENSP00000413625,2154
9606.ENSP00000225726,2155
9606.ENSP00000428417,2156
9606.ENSP00000501085,2157
9606.ENSP00000394107,2158
9606.ENSP00000332448,2159
9606.ENSP00000336687,2160
9606.ENSP00000296238,2161
9606.ENSP00000412324,2162
9606.ENSP00000338862,2163
9606.ENSP00000240079,2164
9606.ENSP00000262644,2165
9606.ENSP00000308873,2166
9606.ENSP00000286657,2167
9606.ENSP00000422834,2168
9606.ENSP00000378359,2169
9606.ENSP00000495398,2170
9606.ENSP00000346112,2171
9606.ENSP00000497642,2172
9606.ENSP00000403465,2173
9606.ENSP00000338844,2174
9606.ENSP00000245810,2175
9606.ENSP00000304592,2176
9606.ENSP00000229307,2177
9606.ENSP00000235372,2178
9606.ENSP00000306335,2179
9606.ENSP00000407336,2180
9606.ENSP00000347717,2181
9606.ENSP00000310998,2182
9606.ENSP00000311219,2183
9606.ENSP00000296557,2184
9606.ENSP00000384364,2185
9606.ENSP00000350928,2186
9606.ENSP00000265564,2187
9606.ENSP00000376395,2188
9606.ENSP00000477437,2189
9606.ENSP00000492233,2190
9606.ENSP00000385096,2191
9606.ENSP00000402060,2192
9606.ENSP00000253110,2193
9606.ENSP00000408910,2194
9606.ENSP00000343552,2195
9606.ENSP00000417078,2196
9606.ENSP00000359212,2197
9606.ENSP00000336769,2198
9606.ENSP00000368952,2199
9606.ENSP00000370555,2200
9606.ENSP00000485527,2201
9606.ENSP00000378812,2202
9606.ENSP00000329932,2203
9606.ENSP00000489959,2204
9606.ENSP00000300283,2205
9606.ENSP00000358501,2206
9606.ENSP00000354681,2207
9606.ENSP00000397297,2208
9606.ENSP00000378588,2209
9606.ENSP00000477856,2210
9606.ENSP00000266058,2211
9606.ENSP00000375647,2212
9606.ENSP00000263980,2213
9606.ENSP00000356920,2214
9606.ENSP00000405574,2215
9606.ENSP00000227752,2216
9606.ENSP00000260408,2217
9606.ENSP00000258457,2218
9606.ENSP00000373952,2219
9606.ENSP00000291842,2220
9606.ENSP00000444688,2221
9606.ENSP00000354689,2222
9606.ENSP00000479202,2223
9606.ENSP00000454229,2224
9606.ENSP00000369038,2225
9606.ENSP00000346173,2226
9606.ENSP00000363339,2227
9606.ENSP00000306906,2228
9606.ENSP00000303525,2229
9606.ENSP00000498190,2230
9606.ENSP00000350348,2231
9606.ENSP00000353475,2232
9606.ENSP00000428056,2233
9606.ENSP00000318480,2234
9606.ENSP00000389300,2235
9606.ENSP00000262455,2236
9606.ENSP00000322396,2237
9606.ENSP00000230582,2238
9606.ENSP00000389427,2239
9606.ENSP00000392906,2240
9606.ENSP00000356951,2241
9606.ENSP00000337691,2242
9606.ENSP00000383333,2243
9606.ENSP00000264705,2244
9606.ENSP00000354652,2245
9606.ENSP00000413572,2246
9606.ENSP00000264144,2247
9606.ENSP00000227524,2248
9606.ENSP00000370745,2249
9606.ENSP00000307155,2250
9606.ENSP00000484841,2251
9606.ENSP00000220764,2252
9606.ENSP00000365817,2253
9606.ENSP00000403663,2254
9606.ENSP00000358698,2255
9606.ENSP00000370624,2256
9606.ENSP00000348099,2257
9606.ENSP00000368648,2258
9606.ENSP00000252711,2259
9606.ENSP00000378757,2260
9606.ENSP00000417914,2261
9606.ENSP00000313034,2262
9606.ENSP00000273398,2263
9606.ENSP00000329093,2264
9606.ENSP00000297130,2265
9606.ENSP00000304501,2266
9606.ENSP00000361803,2267
9606.ENSP00000360076,2268
9606.ENSP00000423673,2269
9606.ENSP00000298542,2270
9606.ENSP00000360811,2271
9606.ENSP00000445135,2272
9606.ENSP00000261866,2273
9606.ENSP00000501053,2274
9606.ENSP00000356105,2275
9606.ENSP00000219252,2276
9606.ENSP00000383096,2277
9606.ENSP00000261383,2278
9606.ENSP00000338369,2279
9606.ENSP00000396688,2280
9606.ENSP00000373706,2281
9606.ENSP00000367173,2282
9606.ENSP00000489733,2283
9606.ENSP00000304336,2284
9606.ENSP00000301458,2285
9606.ENSP00000301457,2286
9606.ENSP00000237455,2287
9606.ENSP00000386520,2288
9606.ENSP00000281038,2289
9606.ENSP00000380877,2290
9606.ENSP00000379204,2291
9606.ENSP00000331727,2292
9606.ENSP00000356433,2293
9606.ENSP00000368881,2294
9606.ENSP00000297848,2295
9606.ENSP00000338191,2296
9606.ENSP00000363817,2297
9606.ENSP00000264596,2298
9606.ENSP00000383382,2299
9606.ENSP00000386857,2300
9606.ENSP00000261600,2301
9606.ENSP00000480763,2302
9606.ENSP00000451419,2303
9606.ENSP00000458290,2304
9606.ENSP00000315006,2305
9606.ENSP00000265727,2306
9606.ENSP00000356047,2307
9606.ENSP00000336923,2308
9606.ENSP00000359866,2309
9606.ENSP00000354213,2310
9606.ENSP00000245544,2311
9606.ENSP00000356465,2312
9606.ENSP00000242351,2313
9606.ENSP00000454500,2314
9606.ENSP00000286070,2315
9606.ENSP00000358532,2316
9606.ENSP00000223127,2317
9606.ENSP00000320025,2318
9606.ENSP00000392500,2319
9606.ENSP00000349957,2320
9606.ENSP00000257430,2321
9606.ENSP00000473391,2322
9606.ENSP00000307850,2323
9606.ENSP00000349274,2324
9606.ENSP00000349085,2325
9606.ENSP00000419901,2326
9606.ENSP00000455026,2327
9606.ENSP00000383003,2328
9606.ENSP00000252603,2329
9606.ENSP00000252729,2330
9606.ENSP00000301396,2331
9606.ENSP00000337194,2332
9606.ENSP00000445829,2333
9606.ENSP00000259212,2334
9606.ENSP00000377640,2335
9606.ENSP00000472914,2336
9606.ENSP00000443965,2337
9606.ENSP00000401237,2338
9606.ENSP00000477613,2339
9606.ENSP00000299198,2340
9606.ENSP00000367220,2341
9606.ENSP00000440704,2342
9606.ENSP00000460274,2343
9606.ENSP00000335382,2344
9606.ENSP00000321874,2345
9606.ENSP00000262965,2346
9606.ENSP00000352271,2347
9606.ENSP00000368970,2348
9606.ENSP00000307208,2349
9606.ENSP00000361522,2350
9606.ENSP00000251968,2351
9606.ENSP00000238558,2352
9606.ENSP00000498784,2353
9606.ENSP00000436836,2354
9606.ENSP00000378275,2355
9606.ENSP00000279058,2356
9606.ENSP00000266077,2357
9606.ENSP00000378725,2358
9606.ENSP00000422176,2359
9606.ENSP00000369547,2360
9606.ENSP00000282903,2361
9606.ENSP00000369424,2362
9606.ENSP00000451300,2363
9606.ENSP00000359787,2364
9606.ENSP00000481109,2365
9606.ENSP00000385852,2366
9606.ENSP00000368667,2367
9606.ENSP00000447378,2368
9606.ENSP00000402515,2369
9606.ENSP00000379847,2370
9606.ENSP00000479624,2371
9606.ENSP00000378414,2372
9606.ENSP00000357055,2373
9606.ENSP00000406970,2374
9606.ENSP00000255030,2375
9606.ENSP00000418669,2376
9606.ENSP00000341082,2377
9606.ENSP00000219204,2378
9606.ENSP00000217182,2379
9606.ENSP00000465500,2380
9606.ENSP00000330221,2381
9606.ENSP00000375238,2382
9606.ENSP00000397157,2383
9606.ENSP00000331019,2384
9606.ENSP00000313159,2385
9606.ENSP00000360683,2386
9606.ENSP00000360242,2387
9606.ENSP00000495537,2388
9606.ENSP00000307971,2389
9606.ENSP00000264072,2390
9606.ENSP00000340913,2391
9606.ENSP00000378529,2392
9606.ENSP00000216223,2393
9606.ENSP00000295321,2394
9606.ENSP00000318355,2395
9606.ENSP00000309463,2396
9606.ENSP00000373600,2397
9606.ENSP00000303575,2398
9606.ENSP00000333551,2399
9606.ENSP00000386766,2400
9606.ENSP00000274311,2401
9606.ENSP00000316173,2402
9606.ENSP00000482829,2403
9606.ENSP00000405252,2404
9606.ENSP00000480492,2405
9606.ENSP00000350673,2406
9606.ENSP00000262525,2407
9606.ENSP00000359668,2408
9606.ENSP00000451828,2409
9606.ENSP00000444561,2410
9606.ENSP00000364193,2411
9606.ENSP00000310356,2412
9606.ENSP00000481056,2413
9606.ENSP00000418447,2414
9606.ENSP00000258149,2415
9606.ENSP00000380054,2416
9606.ENSP00000355599,2417
9606.ENSP00000333640,2418
9606.ENSP00000346635,2419
9606.ENSP00000350162,2420
9606.ENSP00000295746,2421
9606.ENSP00000274140,2422
9606.ENSP00000355377,2423
9606.ENSP00000485582,2424
9606.ENSP00000262384,2425
9606.ENSP00000492047,2426
9606.ENSP00000264246,2427
9606.ENSP00000364766,2428
9606.ENSP00000301599,2429
9606.ENSP00000355968,2430
9606.ENSP00000261386,2431
9606.ENSP00000376823,2432
9606.ENSP00000311505,2433
9606.ENSP00000481357,2434
9606.ENSP00000480960,2435
9606.ENSP00000380252,2436
9606.ENSP00000345008,2437
9606.ENSP00000438483,2438
9606.ENSP00000345853,2439
9606.ENSP00000220751,2440
9606.ENSP00000434516,2441
9606.ENSP00000355361,2442
9606.ENSP00000482732,2443
9606.ENSP00000317039,2444
9606.ENSP00000360538,2445
9606.ENSP00000385021,2446
9606.ENSP00000262809,2447
9606.ENSP00000359848,2448
9606.ENSP00000340691,2449
9606.ENSP00000368797,2450
9606.ENSP00000402152,2451
9606.ENSP00000234454,2452
9606.ENSP00000318635,2453
9606.ENSP00000345341,2454
9606.ENSP00000406549,2455
9606.ENSP00000410309,2456
9606.ENSP00000311816,2457
9606.ENSP00000435210,2458
9606.ENSP00000347742,2459
9606.ENSP00000298119,2460
9606.ENSP00000346300,2461
9606.ENSP00000329403,2462
9606.ENSP00000377033,2463
9606.ENSP00000374014,2464
9606.ENSP00000375108,2465
9606.ENSP00000327650,2466
9606.ENSP00000298048,2467
9606.ENSP00000384869,2468
9606.ENSP00000369268,2469
9606.ENSP00000413720,2470
9606.ENSP00000359829,2471
9606.ENSP00000319974,2472
9606.ENSP00000359297,2473
9606.ENSP00000338812,2474
9606.ENSP00000366488,2475
9606.ENSP00000334198,2476
9606.ENSP00000361918,2477
9606.ENSP00000260947,2478
9606.ENSP00000361625,2479
9606.ENSP00000321449,2480
9606.ENSP00000319169,2481
9606.ENSP00000344401,2482
9606.ENSP00000329522,2483
9606.ENSP00000374424,2484
9606.ENSP00000313670,2485
9606.ENSP00000330391,2486
9606.ENSP00000422435,2487
9606.ENSP00000347213,2488
9606.ENSP00000225916,2489
9606.ENSP00000379911,2490
9606.ENSP00000483585,2491
9606.ENSP00000276282,2492
9606.ENSP00000341141,2493
9606.ENSP00000292579,2494
9606.ENSP00000350198,2495
9606.ENSP00000306459,2496
9606.ENSP00000365411,2497
9606.ENSP00000210313,2498
9606.ENSP00000291547,2499
9606.ENSP00000431800,2500
9606.ENSP00000284382,2501
9606.ENSP00000425133,2502
9606.ENSP00000464535,2503
9606.ENSP00000268383,2504
9606.ENSP00000479719,2505
9606.ENSP00000310244,2506
9606.ENSP00000260372,2507
9606.ENSP00000368452,2508
9606.ENSP00000225296,2509
9606.ENSP00000362352,2510
9606.ENSP00000296125,2511
9606.ENSP00000368666,2512
9606.ENSP00000310335,2513
9606.ENSP00000343118,2514
9606.ENSP00000412673,2515
9606.ENSP00000350874,2516
9606.ENSP00000228476,2517
9606.ENSP00000362570,2518
9606.ENSP00000365280,2519
9606.ENSP00000381237,2520
9606.ENSP00000267202,2521
9606.ENSP00000311687,2522
9606.ENSP00000278572,2523
9606.ENSP00000452746,2524
9606.ENSP00000370767,2525
9606.ENSP00000372199,2526
9606.ENSP00000391311,2527
9606.ENSP00000421592,2528
9606.ENSP00000311447,2529
9606.ENSP00000379457,2530
9606.ENSP00000264784,2531
9606.ENSP00000384604,2532
9606.ENSP00000346340,2533
9606.ENSP00000205948,2534
9606.ENSP00000320543,2535
9606.ENSP00000262613,2536
9606.ENSP00000350358,2537
9606.ENSP00000231449,2538
9606.ENSP00000350937,2539
9606.ENSP00000339804,2540
9606.ENSP00000387875,2541
9606.ENSP00000351539,2542
9606.ENSP00000290200,2543
9606.ENSP00000327959,2544
9606.ENSP00000346466,2545
9606.ENSP00000328137,2546
9606.ENSP00000265022,2547
9606.ENSP00000228027,2548
9606.ENSP00000196371,2549
9606.ENSP00000308770,2550
9606.ENSP00000250124,2551
9606.ENSP00000417229,2552
9606.ENSP00000370003,2553
9606.ENSP00000264444,2554
9606.ENSP00000384537,2555
9606.ENSP00000348429,2556
9606.ENSP00000395738,2557
9606.ENSP00000318944,2558
9606.ENSP00000383398,2559
9606.ENSP00000288078,2560
9606.ENSP00000354822,2561
9606.ENSP00000355237,2562
9606.ENSP00000222254,2563
9606.ENSP00000450337,2564
9606.ENSP00000217086,2565
9606.ENSP00000300900,2566
9606.ENSP00000360167,2567
9606.ENSP00000440329,2568
9606.ENSP00000216225,2569
9606.ENSP00000261233,2570
9606.ENSP00000271715,2571
9606.ENSP00000365963,2572
9606.ENSP00000254193,2573
9606.ENSP00000274008,2574
9606.ENSP00000306117,2575
9606.ENSP00000437621,2576
9606.ENSP00000469049,2577
9606.ENSP00000343818,2578
9606.ENSP00000452280,2579
9606.ENSP00000376035,2580
9606.ENSP00000410943,2581
9606.ENSP00000243878,2582
9606.ENSP00000300145,2583
9606.ENSP00000479261,2584
9606.ENSP00000380247,2585
9606.ENSP00000497185,2586
9606.ENSP00000358488,2587
9606.ENSP00000364289,2588
9606.ENSP00000263974,2589
9606.ENSP00000476100,2590
9606.ENSP00000404860,2591
9606.ENSP00000287859,2592
9606.ENSP00000382684,2593
9606.ENSP00000482445,2594
9606.ENSP00000355155,2595
9606.ENSP00000482335,2596
9606.ENSP00000492894,2597
9606.ENSP00000497588,2598
9606.ENSP00000252071,2599
9606.ENSP00000350815,2600
9606.ENSP00000378877,2601
9606.ENSP00000198801,2602
9606.ENSP00000308405,2603
9606.ENSP00000262719,2604
9606.ENSP00000377546,2605
9606.ENSP00000355637,2606
9606.ENSP00000308012,2607
9606.ENSP00000171887,2608
9606.ENSP00000445905,2609
9606.ENSP00000390590,2610
9606.ENSP00000258415,2611
9606.ENSP00000432845,2612
9606.ENSP00000383067,2613
9606.ENSP00000295900,2614
9606.ENSP00000462309,2615
9606.ENSP00000314897,2616
9606.ENSP00000331682,2617
9606.ENSP00000362115,2618
9606.ENSP00000295926,2619
9606.ENSP00000387435,2620
9606.ENSP00000447297,2621
9606.ENSP00000446184,2622
9606.ENSP00000244519,2623
9606.ENSP00000386892,2624
9606.ENSP00000280191,2625
9606.ENSP00000338010,2626
9606.ENSP00000274545,2627
9606.ENSP00000264192,2628
9606.ENSP00000339532,2629
9606.ENSP00000415090,2630
9606.ENSP00000497402,2631
9606.ENSP00000379174,2632
9606.ENSP00000291700,2633
9606.ENSP00000381492,2634
9606.ENSP00000442464,2635
9606.ENSP00000340648,2636
9606.ENSP00000338629,2637
9606.ENSP00000339238,2638
9606.ENSP00000298854,2639
9606.ENSP00000368244,2640
9606.ENSP00000382805,2641
9606.ENSP00000345656,2642
9606.ENSP00000307636,2643
9606.ENSP00000249504,2644
9606.ENSP00000416387,2645
9606.ENSP00000304586,2646
9606.ENSP00000264001,2647
9606.ENSP00000262340,2648
9606.ENSP00000301159,2649
9606.ENSP00000461433,2650
9606.ENSP00000491894,2651
9606.ENSP00000479889,2652
9606.ENSP00000460547,2653
9606.ENSP00000336655,2654
9606.ENSP00000245539,2655
9606.ENSP00000358535,2656
9606.ENSP00000267890,2657
9606.ENSP00000358955,2658
9606.ENSP00000248975,2659
9606.ENSP00000258930,2660
9606.ENSP00000281141,2661
9606.ENSP00000478396,2662
9606.ENSP00000493101,2663
9606.ENSP00000261708,2664
9606.ENSP00000265087,2665
9606.ENSP00000363638,2666
9606.ENSP00000370034,2667
9606.ENSP00000480364,2668
9606.ENSP00000216200,2669
9606.ENSP00000360310,2670
9606.ENSP00000422896,2671
9606.ENSP00000412292,2672
9606.ENSP00000292476,2673
9606.ENSP00000295645,2674
9606.ENSP00000303427,2675
9606.ENSP00000333633,2676
9606.ENSP00000384193,2677
9606.ENSP00000348416,2678
9606.ENSP00000286175,2679
9606.ENSP00000391669,2680
9606.ENSP00000273179,2681
9606.ENSP00000315152,2682
9606.ENSP00000354488,2683
9606.ENSP00000310459,2684
9606.ENSP00000408025,2685
9606.ENSP00000392371,2686
9606.ENSP00000328511,2687
9606.ENSP00000308578,2688
9606.ENSP00000306129,2689
9606.ENSP00000307822,2690
9606.ENSP00000476412,2691
9606.ENSP00000388107,2692
9606.ENSP00000276440,2693
9606.ENSP00000495240,2694
9606.ENSP00000477507,2695
9606.ENSP00000406261,2696
9606.ENSP00000393098,2697
9606.ENSP00000260361,2698
9606.ENSP00000442688,2699
9606.ENSP00000261367,2700
9606.ENSP00000360905,2701
9606.ENSP00000356840,2702
9606.ENSP00000356404,2703
9606.ENSP00000264956,2704
9606.ENSP00000349790,2705
9606.ENSP00000252677,2706
9606.ENSP00000009530,2707
9606.ENSP00000481570,2708
9606.ENSP00000369889,2709
9606.ENSP00000383232,2710
9606.ENSP00000287078,2711
9606.ENSP00000477445,2712
9606.ENSP00000431284,2713
9606.ENSP00000220597,2714
9606.ENSP00000345361,2715
9606.ENSP00000359594,2716
9606.ENSP00000347451,2717
9606.ENSP00000245552,2718
9606.ENSP00000267101,2719
9606.ENSP00000342015,2720
9606.ENSP00000322570,2721
9606.ENSP00000381499,2722
9606.ENSP00000375810,2723
9606.ENSP00000238651,2724
9606.ENSP00000361845,2725
9606.ENSP00000327246,2726
9606.ENSP00000360268,2727
9606.ENSP00000250457,2728
9606.ENSP00000265729,2729
9606.ENSP00000315997,2730
9606.ENSP00000417161,2731
9606.ENSP00000326491,2732
9606.ENSP00000219207,2733
9606.ENSP00000428085,2734
9606.ENSP00000325594,2735
9606.ENSP00000363895,2736
9606.ENSP00000417291,2737
9606.ENSP00000478417,2738
9606.ENSP00000258955,2739
9606.ENSP00000371188,2740
9606.ENSP00000375616,2741
9606.ENSP00000378176,2742
9606.ENSP00000378721,2743
9606.ENSP00000380675,2744
9606.ENSP00000408002,2745
9606.ENSP00000386385,2746
9606.ENSP00000251566,2747
9606.ENSP00000301452,2748
9606.ENSP00000256458,2749
9606.ENSP00000267812,2750
9606.ENSP00000313420,2751
9606.ENSP00000369820,2752
9606.ENSP00000295962,2753
9606.ENSP00000485117,2754
9606.ENSP00000366679,2755
9606.ENSP00000331305,2756
9606.ENSP00000384474,2757
9606.ENSP00000261475,2758
9606.ENSP00000303246,2759
9606.ENSP00000328524,2760
9606.ENSP00000485615,2761
9606.ENSP00000481850,2762
9606.ENSP00000376345,2763
9606.ENSP00000362105,2764
9606.ENSP00000332062,2765
9606.ENSP00000301585,2766
9606.ENSP00000301149,2767
9606.ENSP00000358762,2768
9606.ENSP00000317272,2769
9606.ENSP00000268099,2770
9606.ENSP00000380659,2771
9606.ENSP00000332879,2772
9606.ENSP00000266503,2773
9606.ENSP00000367263,2774
9606.ENSP00000360002,2775
9606.ENSP00000381339,2776
9606.ENSP00000364585,2777
9606.ENSP00000312618,2778
9606.ENSP00000267205,2779
9606.ENSP00000271688,2780
9606.ENSP00000376456,2781
9606.ENSP00000416706,2782
9606.ENSP00000384296,2783
9606.ENSP00000306788,2784
9606.ENSP00000233025,2785
9606.ENSP00000357909,2786
9606.ENSP00000272645,2787
9606.ENSP00000331111,2788
9606.ENSP00000382241,2789
9606.ENSP00000289957,2790
9606.ENSP00000371321,2791
9606.ENSP00000365686,2792
9606.ENSP00000494504,2793
9606.ENSP00000361923,2794
9606.ENSP00000417583,2795
9606.ENSP00000289575,2796
9606.ENSP00000419101,2797
9606.ENSP00000309474,2798
9606.ENSP00000356113,2799
9606.ENSP00000417132,2800
9606.ENSP00000261070,2801
9606.ENSP00000363205,2802
9606.ENSP00000377171,2803
9606.ENSP00000356224,2804
9606.ENSP00000367739,2805
9606.ENSP00000308472,2806
9606.ENSP00000377854,2807
9606.ENSP00000376287,2808
9606.ENSP00000316335,2809
9606.ENSP00000354916,2810
9606.ENSP00000490393,2811
9606.ENSP00000205402,2812
9606.ENSP00000412237,2813
9606.ENSP00000081029,2814
9606.ENSP00000356399,2815
9606.ENSP00000390475,2816
9606.ENSP00000418572,2817
9606.ENSP00000361162,2818
9606.ENSP00000359128,2819
9606.ENSP00000354340,2820
9606.ENSP00000258302,2821
9606.ENSP00000229829,2822
9606.ENSP00000419370,2823
9606.ENSP00000204517,2824
9606.ENSP00000380676,2825
9606.ENSP00000439625,2826
9606.ENSP00000254719,2827
9606.ENSP00000274368,2828
9606.ENSP00000312397,2829
9606.ENSP00000319992,2830
9606.ENSP00000312664,2831
9606.ENSP00000398803,2832
9606.ENSP00000340220,2833
9606.ENSP00000493020,2834
9606.ENSP00000369863,2835
9606.ENSP00000322421,2836
9606.ENSP00000368682,2837
9606.ENSP00000492463,2838
9606.ENSP00000334844,2839
9606.ENSP00000433277,2840
9606.ENSP00000358548,2841
9606.ENSP00000318165,2842
9606.ENSP00000493152,2843
9606.ENSP00000377357,2844
9606.ENSP00000323580,2845
9606.ENSP00000351446,2846
9606.ENSP00000347484,2847
9606.ENSP00000252674,2848
9606.ENSP00000293879,2849
9606.ENSP00000273588,2850
9606.ENSP00000473665,2851
9606.ENSP00000353025,2852
9606.ENSP00000326119,2853
9606.ENSP00000224073,2854
9606.ENSP00000478725,2855
9606.ENSP00000239891,2856
9606.ENSP00000353794,2857
9606.ENSP00000355082,2858
9606.ENSP00000357052,2859
9606.ENSP00000265728,2860
9606.ENSP00000371054,2861
9606.ENSP00000403362,2862
9606.ENSP00000358301,2863
9606.ENSP00000416508,2864
9606.ENSP00000412457,2865
9606.ENSP00000455106,2866
9606.ENSP00000419851,2867
9606.ENSP00000261416,2868
9606.ENSP00000310657,2869
9606.ENSP00000261537,2870
9606.ENSP00000263881,2871
9606.ENSP00000221573,2872
9606.ENSP00000253381,2873
9606.ENSP00000302801,2874
9606.ENSP00000217971,2875
9606.ENSP00000343405,2876
9606.ENSP00000330433,2877
9606.ENSP00000365744,2878
9606.ENSP00000329312,2879
9606.ENSP00000415011,2880
9606.ENSP00000262113,2881
9606.ENSP00000328083,2882
9606.ENSP00000315630,2883
9606.ENSP00000377867,2884
9606.ENSP00000359216,2885
9606.ENSP00000435637,2886
9606.ENSP00000387239,2887
9606.ENSP00000341677,2888
9606.ENSP00000286371,2889
9606.ENSP00000306682,2890
9606.ENSP00000315564,2891
9606.ENSP00000284885,2892
9606.ENSP00000349967,2893
9606.ENSP00000461862,2894
9606.ENSP00000401470,2895
9606.ENSP00000262659,2896
9606.ENSP00000304502,2897
9606.ENSP00000360162,2898
9606.ENSP00000361027,2899
9606.ENSP00000234371,2900
9606.ENSP00000318912,2901
9606.ENSP00000417763,2902
9606.ENSP00000006015,2903
9606.ENSP00000370748,2904
9606.ENSP00000367312,2905
9606.ENSP00000261693,2906
9606.ENSP00000355741,2907
9606.ENSP00000355580,2908
9606.ENSP00000330898,2909
9606.ENSP00000350934,2910
9606.ENSP00000397026,2911
9606.ENSP00000371897,2912
9606.ENSP00000482916,2913
9606.ENSP00000497509,2914
9606.ENSP00000407818,2915
9606.ENSP00000481675,2916
9606.ENSP00000353735,2917
9606.ENSP00000438993,2918
9606.ENSP00000410715,2919
9606.ENSP00000440288,2920
9606.ENSP00000341361,2921
9606.ENSP00000428055,2922
9606.ENSP00000248923,2923
9606.ENSP00000485407,2924
9606.ENSP00000441765,2925
9606.ENSP00000422533,2926
9606.ENSP00000479870,2927
9606.ENSP00000264376,2928
9606.ENSP00000331879,2929
9606.ENSP00000334538,2930
9606.ENSP00000426359,2931
9606.ENSP00000305721,2932
9606.ENSP00000405068,2933
9606.ENSP00000427866,2934
9606.ENSP00000354560,2935
9606.ENSP00000285947,2936
9606.ENSP00000425394,2937
9606.ENSP00000008938,2938
9606.ENSP00000384719,2939
9606.ENSP00000336914,2940
9606.ENSP00000351644,2941
9606.ENSP00000215882,2942
9606.ENSP00000262210,2943
9606.ENSP00000476145,2944
9606.ENSP00000428182,2945
9606.ENSP00000380718,2946
9606.ENSP00000358799,2947
9606.ENSP00000356940,2948
9606.ENSP00000256785,2949
9606.ENSP00000415556,2950
9606.ENSP00000295240,2951
9606.ENSP00000480538,2952
9606.ENSP00000477548,2953
9606.ENSP00000478474,2954
9606.ENSP00000356541,2955
9606.ENSP00000215567,2956
9606.ENSP00000334197,2957
9606.ENSP00000417138,2958
9606.ENSP00000356033,2959
9606.ENSP00000381340,2960
9606.ENSP00000415998,2961
9606.ENSP00000262498,2962
9606.ENSP00000363349,2963
9606.ENSP00000273936,2964
9606.ENSP00000366974,2965
9606.ENSP00000304915,2966
9606.ENSP00000362613,2967
9606.ENSP00000292478,2968
9606.ENSP00000263650,2969
9606.ENSP00000498215,2970
9606.ENSP00000457991,2971
9606.ENSP00000259469,2972
9606.ENSP00000351646,2973
9606.ENSP00000483375,2974
9606.ENSP00000392270,2975
9606.ENSP00000383692,2976
9606.ENSP00000411010,2977
9606.ENSP00000465039,2978
9606.ENSP00000467262,2979
9606.ENSP00000262518,2980
9606.ENSP00000356694,2981
9606.ENSP00000449428,2982
9606.ENSP00000356319,2983
9606.ENSP00000353582,2984
9606.ENSP00000356912,2985
9606.ENSP00000352414,2986
9606.ENSP00000185150,2987
9606.ENSP00000319851,2988
9606.ENSP00000462154,2989
9606.ENSP00000377353,2990
9606.ENSP00000373570,2991
9606.ENSP00000317790,2992
9606.ENSP00000275016,2993
9606.ENSP00000279028,2994
9606.ENSP00000357022,2995
9606.ENSP00000228567,2996
9606.ENSP00000479097,2997
9606.ENSP00000465261,2998
9606.ENSP00000355533,2999
9606.ENSP00000366513,3000
9606.ENSP00000215917,3001
9606.ENSP00000494017,3002
9606.ENSP00000234453,3003
9606.ENSP00000438553,3004
9606.ENSP00000399511,3005
9606.ENSP00000312987,3006
9606.ENSP00000383710,3007
9606.ENSP00000421280,3008
9606.ENSP00000348278,3009
9606.ENSP00000295886,3010
9606.ENSP00000354901,3011
9606.ENSP00000425130,3012
9606.ENSP00000281938,3013
9606.ENSP00000318351,3014
9606.ENSP00000258428,3015
9606.ENSP00000259021,3016
9606.ENSP00000254250,3017
9606.ENSP00000359575,3018
9606.ENSP00000331210,3019
9606.ENSP00000286186,3020
9606.ENSP00000455716,3021
9606.ENSP00000259938,3022
9606.ENSP00000341957,3023
9606.ENSP00000284073,3024
9606.ENSP00000385312,3025
9606.ENSP00000257600,3026
9606.ENSP00000402935,3027
9606.ENSP00000247977,3028
9606.ENSP00000366093,3029
9606.ENSP00000380227,3030
9606.ENSP00000374354,3031
9606.ENSP00000430955,3032
9606.ENSP00000313454,3033
9606.ENSP00000333212,3034
9606.ENSP00000417580,3035
9606.ENSP00000448219,3036
9606.ENSP00000359991,3037
9606.ENSP00000497422,3038
9606.ENSP00000256854,3039
9606.ENSP00000324944,3040
9606.ENSP00000298690,3041
9606.ENSP00000481021,3042
9606.ENSP00000460437,3043
9606.ENSP00000464443,3044
9606.ENSP00000478982,3045
9606.ENSP00000260270,3046
9606.ENSP00000353734,3047
9606.ENSP00000299022,3048
9606.ENSP00000365049,3049
9606.ENSP00000326022,3050
9606.ENSP00000299192,3051
9606.ENSP00000307259,3052
9606.ENSP00000376352,3053
9606.ENSP00000387007,3054
9606.ENSP00000328236,3055
9606.ENSP00000373696,3056
9606.ENSP00000357106,3057
9606.ENSP00000383364,3058
9606.ENSP00000477973,3059
9606.ENSP00000366534,3060
9606.ENSP00000351206,3061
9606.ENSP00000330753,3062
9606.ENSP00000381109,3063
9606.ENSP00000340402,3064
9606.ENSP00000259211,3065
9606.ENSP00000404296,3066
9606.ENSP00000271308,3067
9606.ENSP00000228468,3068
9606.ENSP00000359890,3069
9606.ENSP00000311196,3070
9606.ENSP00000264914,3071
9606.ENSP00000433126,3072
9606.ENSP00000075503,3073
9606.ENSP00000230340,3074
9606.ENSP00000457703,3075
9606.ENSP00000349588,3076
9606.ENSP00000225371,3077
9606.ENSP00000378235,3078
9606.ENSP00000327890,3079
9606.ENSP00000385834,3080
9606.ENSP00000377789,3081
9606.ENSP00000261879,3082
9606.ENSP00000271857,3083
9606.ENSP00000404079,3084
9606.ENSP00000333779,3085
9606.ENSP00000286298,3086
9606.ENSP00000393889,3087
9606.ENSP00000378534,3088
9606.ENSP00000357804,3089
9606.ENSP00000479969,3090
9606.ENSP00000420443,3091
9606.ENSP00000328228,3092
9606.ENSP00000355979,3093
9606.ENSP00000356437,3094
9606.ENSP00000469158,3095
9606.ENSP00000358854,3096
9606.ENSP00000331044,3097
9606.ENSP00000391381,3098
9606.ENSP00000275603,3099
9606.ENSP00000418668,3100
9606.ENSP00000366863,3101
9606.ENSP00000442521,3102
9606.ENSP00000233638,3103
9606.ENSP00000252599,3104
9606.ENSP00000341765,3105
9606.ENSP00000364190,3106
9606.ENSP00000498879,3107
9606.ENSP00000433847,3108
9606.ENSP00000449386,3109
9606.ENSP00000298355,3110
9606.ENSP00000085068,3111
9606.ENSP00000378731,3112
9606.ENSP00000381984,3113
9606.ENSP00000346697,3114
9606.ENSP00000361716,3115
9606.ENSP00000442682,3116
9606.ENSP00000386918,3117
9606.ENSP00000330875,3118
9606.ENSP00000218176,3119
9606.ENSP00000040584,3120
9606.ENSP00000306512,3121
9606.ENSP00000498251,3122
9606.ENSP00000396937,3123
9606.ENSP00000390265,3124
9606.ENSP00000322408,3125
9606.ENSP00000493353,3126
9606.ENSP00000356828,3127
9606.ENSP00000364270,3128
9606.ENSP00000341874,3129
9606.ENSP00000349687,3130
9606.ENSP00000346160,3131
9606.ENSP00000337128,3132
9606.ENSP00000450565,3133
9606.ENSP00000307023,3134
9606.ENSP00000364119,3135
9606.ENSP00000340466,3136
9606.ENSP00000441828,3137
9606.ENSP00000321971,3138
9606.ENSP00000406598,3139
9606.ENSP00000264552,3140
9606.ENSP00000267584,3141
9606.ENSP00000239940,3142
9606.ENSP00000442736,3143
9606.ENSP00000370430,3144
9606.ENSP00000358857,3145
9606.ENSP00000407546,3146
9606.ENSP00000222693,3147
9606.ENSP00000450385,3148
9606.ENSP00000381008,3149
9606.ENSP00000289081,3150
9606.ENSP00000298585,3151
9606.ENSP00000379691,3152
9606.ENSP00000356381,3153
9606.ENSP00000249373,3154
9606.ENSP00000411770,3155
9606.ENSP00000282326,3156
9606.ENSP00000369274,3157
9606.ENSP00000416561,3158
9606.ENSP00000342098,3159
9606.ENSP00000482753,3160
9606.ENSP00000299106,3161
9606.ENSP00000498258,3162
9606.ENSP00000366506,3163
9606.ENSP00000480322,3164
9606.ENSP00000441365,3165
9606.ENSP00000302177,3166
9606.ENSP00000496396,3167
9606.ENSP00000318982,3168
9606.ENSP00000337477,3169
9606.ENSP00000366898,3170
9606.ENSP00000462745,3171
9606.ENSP00000335565,3172
9606.ENSP00000290866,3173
9606.ENSP00000363832,3174
9606.ENSP00000392879,3175
9606.ENSP00000274458,3176
9606.ENSP00000216336,3177
9606.ENSP00000421686,3178
9606.ENSP00000381717,3179
9606.ENSP00000298097,3180
9606.ENSP00000360141,3181
9606.ENSP00000356814,3182
9606.ENSP00000332791,3183
9606.ENSP00000439800,3184
9606.ENSP00000484135,3185
9606.ENSP00000360609,3186
9606.ENSP00000373669,3187
9606.ENSP00000344260,3188
9606.ENSP00000376543,3189
9606.ENSP00000301459,3190
9606.ENSP00000370882,3191
9606.ENSP00000417548,3192
9606.ENSP00000357768,3193
9606.ENSP00000310003,3194
9606.ENSP00000302768,3195
9606.ENSP00000294119,3196
9606.ENSP00000491742,3197
9606.ENSP00000393417,3198
9606.ENSP00000300648,3199
9606.ENSP00000388910,3200
9606.ENSP00000316512,3201
9606.ENSP00000264717,3202
9606.ENSP00000332900,3203
9606.ENSP00000237283,3204
9606.ENSP00000368215,3205
9606.ENSP00000219255,3206
9606.ENSP00000358894,3207
9606.ENSP00000256015,3208
9606.ENSP00000272367,3209
9606.ENSP00000457411,3210
9606.ENSP00000362991,3211
9606.ENSP00000360423,3212
9606.ENSP00000272342,3213
9606.ENSP00000325958,3214
9606.ENSP00000272164,3215
9606.ENSP00000262430,3216
9606.ENSP00000355605,3217
9606.ENSP00000278222,3218
9606.ENSP00000247879,3219
9606.ENSP00000460871,3220
9606.ENSP00000286827,3221
9606.ENSP00000319781,3222
9606.ENSP00000386212,3223
9606.ENSP00000280706,3224
9606.ENSP00000314157,3225
9606.ENSP00000257290,3226
9606.ENSP00000340578,3227
9606.ENSP00000250498,3228
9606.ENSP00000410833,3229
9606.ENSP00000274773,3230
9606.ENSP00000416996,3231
9606.ENSP00000296589,3232
9606.ENSP00000264065,3233
9606.ENSP00000349156,3234
9606.ENSP00000364794,3235
9606.ENSP00000365858,3236
9606.ENSP00000249776,3237
9606.ENSP00000360170,3238
9606.ENSP00000342501,3239
9606.ENSP00000328340,3240
9606.ENSP00000482107,3241
9606.ENSP00000222388,3242
9606.ENSP00000228251,3243
9606.ENSP00000369456,3244
9606.ENSP00000295030,3245
9606.ENSP00000499289,3246
9606.ENSP00000344393,3247
9606.ENSP00000283006,3248
9606.ENSP00000317468,3249
9606.ENSP00000286307,3250
9606.ENSP00000307540,3251
9606.ENSP00000493102,3252
9606.ENSP00000258385,3253
9606.ENSP00000231004,3254
9606.ENSP00000259873,3255
9606.ENSP00000339314,3256
9606.ENSP00000310219,3257
9606.ENSP00000337393,3258
9606.ENSP00000293826,3259
9606.ENSP00000346012,3260
9606.ENSP00000233630,3261
9606.ENSP00000265643,3262
9606.ENSP00000263708,3263
9606.ENSP00000318834,3264
9606.ENSP00000365322,3265
9606.ENSP00000436691,3266
9606.ENSP00000469332,3267
9606.ENSP00000250405,3268
9606.ENSP00000479910,3269
9606.ENSP00000501245,3270
9606.ENSP00000263932,3271
9606.ENSP00000308339,3272
9606.ENSP00000424598,3273
9606.ENSP00000405453,3274
9606.ENSP00000226105,3275
9606.ENSP00000326110,3276
9606.ENSP00000377633,3277
9606.ENSP00000344749,3278
9606.ENSP00000298925,3279
9606.ENSP00000287139,3280
9606.ENSP00000350224,3281
9606.ENSP00000305372,3282
9606.ENSP00000274498,3283
9606.ENSP00000212355,3284
9606.ENSP00000305988,3285
9606.ENSP00000330694,3286
9606.ENSP00000299155,3287
9606.ENSP00000215531,3288
9606.ENSP00000311545,3289
9606.ENSP00000391137,3290
9606.ENSP00000384400,3291
9606.ENSP00000494550,3292
9606.ENSP00000376135,3293
9606.ENSP00000354468,3294
9606.ENSP00000243924,3295
9606.ENSP00000384369,3296
9606.ENSP00000345436,3297
9606.ENSP00000307199,3298
9606.ENSP00000448073,3299
9606.ENSP00000417330,3300
9606.ENSP00000383115,3301
9606.ENSP00000318147,3302
9606.ENSP00000306523,3303
9606.ENSP00000265849,3304
9606.ENSP00000256925,3305
9606.ENSP00000383599,3306
9606.ENSP00000223642,3307
9606.ENSP00000263321,3308
9606.ENSP00000472985,3309
9606.ENSP00000286523,3310
9606.ENSP00000083182,3311
9606.ENSP00000385479,3312
9606.ENSP00000441369,3313
9606.ENSP00000369373,3314
9606.ENSP00000264161,3315
9606.ENSP00000370891,3316
9606.ENSP00000378760,3317
9606.ENSP00000262316,3318
9606.ENSP00000478249,3319
9606.ENSP00000260191,3320
9606.ENSP00000203001,3321
9606.ENSP00000333984,3322
9606.ENSP00000279488,3323
9606.ENSP00000332756,3324
9606.ENSP00000378165,3325
9606.ENSP00000256443,3326
9606.ENSP00000365426,3327
9606.ENSP00000475615,3328
9606.ENSP00000372499,3329
9606.ENSP00000349709,3330
9606.ENSP00000417128,3331
9606.ENSP00000262726,3332
9606.ENSP00000350833,3333
9606.ENSP00000244520,3334
9606.ENSP00000384371,3335
9606.ENSP00000316416,3336
9606.ENSP00000493302,3337
9606.ENSP00000364847,3338
9606.ENSP00000343435,3339
9606.ENSP00000378769,3340
9606.ENSP00000470262,3341
9606.ENSP00000264710,3342
9606.ENSP00000308361,3343
9606.ENSP00000224950,3344
9606.ENSP00000318822,3345
9606.ENSP00000263663,3346
9606.ENSP00000278353,3347
9606.ENSP00000406157,3348
9606.ENSP00000364501,3349
9606.ENSP00000360120,3350
9606.ENSP00000373364,3351
9606.ENSP00000325655,3352
9606.ENSP00000383396,3353
9606.ENSP00000419446,3354
9606.ENSP00000449038,3355
9606.ENSP00000481486,3356
9606.ENSP00000445831,3357
9606.ENSP00000292432,3358
9606.ENSP00000301141,3359
9606.ENSP00000479955,3360
9606.ENSP00000339495,3361
9606.ENSP00000301146,3362
9606.ENSP00000380251,3363
9606.ENSP00000354911,3364
9606.ENSP00000358554,3365
9606.ENSP00000384700,3366
9606.ENSP00000440905,3367
9606.ENSP00000216513,3368
9606.ENSP00000418563,3369
9606.ENSP00000354032,3370
9606.ENSP00000428540,3371
9606.ENSP00000266395,3372
9606.ENSP00000482599,3373
9606.ENSP00000256857,3374
9606.ENSP00000411898,3375
9606.ENSP00000463069,3376
9606.ENSP00000362656,3377
9606.ENSP00000362638,3378
9606.ENSP00000424838,3379
9606.ENSP00000425587,3380
9606.ENSP00000304643,3381
9606.ENSP00000246548,3382
9606.ENSP00000306100,3383
9606.ENSP00000269214,3384
9606.ENSP00000499067,3385
9606.ENSP00000231887,3386
9606.ENSP00000398882,3387
9606.ENSP00000318158,3388
9606.ENSP00000452747,3389
9606.ENSP00000311609,3390
9606.ENSP00000290765,3391
9606.ENSP00000364802,3392
9606.ENSP00000442786,3393
9606.ENSP00000317817,3394
9606.ENSP00000315915,3395
9606.ENSP00000270625,3396
9606.ENSP00000318131,3397
9606.ENSP00000296792,3398
9606.ENSP00000269740,3399
9606.ENSP00000284116,3400
9606.ENSP00000350719,3401
9606.ENSP00000379873,3402
9606.ENSP00000220913,3403
9606.ENSP00000370867,3404
9606.ENSP00000372221,3405
9606.ENSP00000264954,3406
9606.ENSP00000235310,3407
9606.ENSP00000243077,3408
9606.ENSP00000336721,3409
9606.ENSP00000494468,3410
9606.ENSP00000385026,3411
9606.ENSP00000354607,3412
9606.ENSP00000367527,3413
9606.ENSP00000444586,3414
9606.ENSP00000253778,3415
9606.ENSP00000257287,3416
9606.ENSP00000238156,3417
9606.ENSP00000362717,3418
9606.ENSP00000400870,3419
9606.ENSP00000490935,3420
9606.ENSP00000309493,3421
9606.ENSP00000358092,3422
9606.ENSP00000262554,3423
9606.ENSP00000420616,3424
9606.ENSP00000284719,3425
9606.ENSP00000301463,3426
9606.ENSP00000340900,3427
9606.ENSP00000282272,3428
9606.ENSP00000366246,3429
9606.ENSP00000354669,3430
9606.ENSP00000345243,3431
9606.ENSP00000415049,3432
9606.ENSP00000341159,3433
9606.ENSP00000262662,3434
9606.ENSP00000377601,3435
9606.ENSP00000385780,3436
9606.ENSP00000395474,3437
9606.ENSP00000357583,3438
9606.ENSP00000484261,3439
9606.ENSP00000370812,3440
9606.ENSP00000265354,3441
9606.ENSP00000359531,3442
9606.ENSP00000434056,3443
9606.ENSP00000260952,3444
9606.ENSP00000040738,3445
9606.ENSP00000434435,3446
9606.ENSP00000448059,3447
9606.ENSP00000355302,3448
9606.ENSP00000266674,3449
9606.ENSP00000288050,3450
9606.ENSP00000262843,3451
9606.ENSP00000253237,3452
9606.ENSP00000482358,3453
9606.ENSP00000216962,3454
9606.ENSP00000463533,3455
9606.ENSP00000257626,3456
9606.ENSP00000336750,3457
9606.ENSP00000409318,3458
9606.ENSP00000454468,3459
9606.ENSP00000497744,3460
9606.ENSP00000277010,3461
9606.ENSP00000275300,3462
9606.ENSP00000393557,3463
9606.ENSP00000252809,3464
9606.ENSP00000439056,3465
9606.ENSP00000498939,3466
9606.ENSP00000242057,3467
9606.ENSP00000364731,3468
9606.ENSP00000261892,3469
9606.ENSP00000493153,3470
9606.ENSP00000326052,3471
9606.ENSP00000424417,3472
9606.ENSP00000247225,3473
9606.ENSP00000299166,3474
9606.ENSP00000369438,3475
9606.ENSP00000358884,3476
9606.ENSP00000323720,3477
9606.ENSP00000348538,3478
9606.ENSP00000357265,3479
9606.ENSP00000321070,3480
9606.ENSP00000235347,3481
9606.ENSP00000473348,3482
9606.ENSP00000293761,3483
9606.ENSP00000357863,3484
9606.ENSP00000297435,3485
9606.ENSP00000285928,3486
9606.ENSP00000370593,3487
9606.ENSP00000263269,3488
9606.ENSP00000368814,3489
9606.ENSP00000368370,3490
9606.ENSP00000470059,3491
9606.ENSP00000353874,3492
9606.ENSP00000437041,3493
9606.ENSP00000390783,3494
9606.ENSP00000491865,3495
9606.ENSP00000309336,3496
9606.ENSP00000379401,3497
9606.ENSP00000440826,3498
9606.ENSP00000322181,3499
9606.ENSP00000264228,3500
9606.ENSP00000366234,3501
9606.ENSP00000346534,3502
9606.ENSP00000203630,3503
9606.ENSP00000291688,3504
9606.ENSP00000351497,3505
9606.ENSP00000487358,3506
9606.ENSP00000373340,3507
9606.ENSP00000355969,3508
9606.ENSP00000305422,3509
9606.ENSP00000369962,3510
9606.ENSP00000252486,3511
9606.ENSP00000312663,3512
9606.ENSP00000279387,3513
9606.ENSP00000020945,3514
9606.ENSP00000452245,3515
9606.ENSP00000262146,3516
9606.ENSP00000222256,3517
9606.ENSP00000480703,3518
9606.ENSP00000419087,3519
9606.ENSP00000345107,3520
9606.ENSP00000359098,3521
9606.ENSP00000404281,3522
9606.ENSP00000417171,3523
9606.ENSP00000216133,3524
9606.ENSP00000352163,3525
9606.ENSP00000386069,3526
9606.ENSP00000346916,3527
9606.ENSP00000330825,3528
9606.ENSP00000418915,3529
9606.ENSP00000009105,3530
9606.ENSP00000354394,3531
9606.ENSP00000385207,3532
9606.ENSP00000370128,3533
9606.ENSP00000379601,3534
9606.ENSP00000369643,3535
9606.ENSP00000480012,3536
9606.ENSP00000367123,3537
9606.ENSP00000356587,3538
9606.ENSP00000265866,3539
9606.ENSP00000493768,3540
9606.ENSP00000343656,3541
9606.ENSP00000360296,3542
9606.ENSP00000324101,3543
9606.ENSP00000359230,3544
9606.ENSP00000317580,3545
9606.ENSP00000498766,3546
9606.ENSP00000381148,3547
9606.ENSP00000354451,3548
9606.ENSP00000270066,3549
9606.ENSP00000359385,3550
9606.ENSP00000053468,3551
9606.ENSP00000342295,3552
9606.ENSP00000340519,3553
9606.ENSP00000265441,3554
9606.ENSP00000347198,3555
9606.ENSP00000284274,3556
9606.ENSP00000303252,3557
9606.ENSP00000372035,3558
9606.ENSP00000402849,3559
9606.ENSP00000497810,3560
9606.ENSP00000269305,3561
9606.ENSP00000306099,3562
9606.ENSP00000261890,3563
9606.ENSP00000334042,3564
9606.ENSP00000491259,3565
9606.ENSP00000316543,3566
9606.ENSP00000372136,3567
9606.ENSP00000265462,3568
9606.ENSP00000264832,3569
9606.ENSP00000304078,3570
9606.ENSP00000364150,3571
9606.ENSP00000484855,3572
9606.ENSP00000323967,3573
9606.ENSP00000382434,3574
9606.ENSP00000302913,3575
9606.ENSP00000356070,3576
9606.ENSP00000357633,3577
9606.ENSP00000318177,3578
9606.ENSP00000265602,3579
9606.ENSP00000363397,3580
9606.ENSP00000355492,3581
9606.ENSP00000440185,3582
9606.ENSP00000222674,3583
9606.ENSP00000466542,3584
9606.ENSP00000216968,3585
9606.ENSP00000386772,3586
9606.ENSP00000349929,3587
9606.ENSP00000309714,3588
9606.ENSP00000321744,3589
9606.ENSP00000361867,3590
9606.ENSP00000360231,3591
9606.ENSP00000450864,3592
9606.ENSP00000306844,3593
9606.ENSP00000369965,3594
9606.ENSP00000242576,3595
9606.ENSP00000386239,3596
9606.ENSP00000299001,3597
9606.ENSP00000480527,3598
9606.ENSP00000392395,3599
9606.ENSP00000433459,3600
9606.ENSP00000246868,3601
9606.ENSP00000264554,3602
9606.ENSP00000320488,3603
9606.ENSP00000356981,3604
9606.ENSP00000345681,3605
9606.ENSP00000300086,3606
9606.ENSP00000423933,3607
9606.ENSP00000494686,3608
9606.ENSP00000482504,3609
9606.ENSP00000470555,3610
9606.ENSP00000336931,3611
9606.ENSP00000501317,3612
9606.ENSP00000482270,3613
9606.ENSP00000386636,3614
9606.ENSP00000283415,3615
9606.ENSP00000360425,3616
9606.ENSP00000495715,3617
9606.ENSP00000385905,3618
9606.ENSP00000364831,3619
9606.ENSP00000323155,3620
9606.ENSP00000300113,3621
9606.ENSP00000324956,3622
9606.ENSP00000377007,3623
9606.ENSP00000322323,3624
9606.ENSP00000263253,3625
9606.ENSP00000362135,3626
9606.ENSP00000332371,3627
9606.ENSP00000263440,3628
9606.ENSP00000355330,3629
9606.ENSP00000362041,3630
9606.ENSP00000340328,3631
9606.ENSP00000375063,3632
9606.ENSP00000318318,3633
9606.ENSP00000244043,3634
9606.ENSP00000380921,3635
9606.ENSP00000442424,3636
9606.ENSP00000454545,3637
9606.ENSP00000332812,3638
9606.ENSP00000360718,3639
9606.ENSP00000380081,3640
9606.ENSP00000363250,3641
9606.ENSP00000016913,3642
9606.ENSP00000494277,3643
9606.ENSP00000386834,3644
9606.ENSP00000400099,3645
9606.ENSP00000336606,3646
9606.ENSP00000366314,3647
9606.ENSP00000409952,3648
9606.ENSP00000290921,3649
9606.ENSP00000347464,3650
9606.ENSP00000376544,3651
9606.ENSP00000281701,3652
9606.ENSP00000362339,3653
9606.ENSP00000358414,3654
9606.ENSP00000365220,3655
9606.ENSP00000338093,3656
9606.ENSP00000368030,3657
9606.ENSP00000490375,3658
9606.ENSP00000299335,3659
9606.ENSP00000328777,3660
9606.ENSP00000276420,3661
9606.ENSP00000359988,3662
9606.ENSP00000354686,3663
9606.ENSP00000349078,3664
9606.ENSP00000345774,3665
9606.ENSP00000313350,3666
9606.ENSP00000255681,3667
9606.ENSP00000478874,3668
9606.ENSP00000358064,3669
9606.ENSP00000328426,3670
9606.ENSP00000322229,3671
9606.ENSP00000301838,3672
9606.ENSP00000421180,3673
9606.ENSP00000423313,3674
9606.ENSP00000415034,3675
9606.ENSP00000304783,3676
9606.ENSP00000256194,3677
9606.ENSP00000341821,3678
9606.ENSP00000392094,3679
9606.ENSP00000284320,3680
9606.ENSP00000482620,3681
9606.ENSP00000342267,3682
9606.ENSP00000442224,3683
9606.ENSP00000288014,3684
9606.ENSP00000289316,3685
9606.ENSP00000466285,3686
9606.ENSP00000298552,3687
9606.ENSP00000418525,3688
9606.ENSP00000409279,3689
9606.ENSP00000330349,3690
9606.ENSP00000218388,3691
9606.ENSP00000363391,3692
9606.ENSP00000375086,3693
9606.ENSP00000262932,3694
9606.ENSP00000323549,3695
9606.ENSP00000271331,3696
9606.ENSP00000327054,3697
9606.ENSP00000269703,3698
9606.ENSP00000396954,3699
9606.ENSP00000359518,3700
9606.ENSP00000485010,3701
9606.ENSP00000366915,3702
9606.ENSP00000477707,3703
9606.ENSP00000221742,3704
9606.ENSP00000339467,3705
9606.ENSP00000219905,3706
9606.ENSP00000493162,3707
9606.ENSP00000359490,3708
9606.ENSP00000368880,3709
9606.ENSP00000327824,3710
9606.ENSP00000319231,3711
9606.ENSP00000353007,3712
9606.ENSP00000345445,3713
9606.ENSP00000380116,3714
9606.ENSP00000495778,3715
9606.ENSP00000236877,3716
9606.ENSP00000339916,3717
9606.ENSP00000435233,3718
9606.ENSP00000428220,3719
9606.ENSP00000463778,3720
9606.ENSP00000342434,3721
9606.ENSP00000311962,3722
9606.ENSP00000333821,3723
9606.ENSP00000449751,3724
9606.ENSP00000006275,3725
9606.ENSP00000255613,3726
9606.ENSP00000363018,3727
9606.ENSP00000418009,3728
9606.ENSP00000356696,3729
9606.ENSP00000371553,3730
9606.ENSP00000257749,3731
9606.ENSP00000403343,3732
9606.ENSP00000365643,3733
9606.ENSP00000325312,3734
9606.ENSP00000378464,3735
9606.ENSP00000445920,3736
9606.ENSP00000303775,3737
9606.ENSP00000445806,3738
9606.ENSP00000341550,3739
9606.ENSP00000398597,3740
9606.ENSP00000302938,3741
9606.ENSP00000317636,3742
9606.ENSP00000295463,3743
9606.ENSP00000292211,3744
9606.ENSP00000299575,3745
9606.ENSP00000302160,3746
9606.ENSP00000384513,3747
9606.ENSP00000347710,3748
9606.ENSP00000258091,3749
9606.ENSP00000307567,3750
9606.ENSP00000261015,3751
9606.ENSP00000416741,3752
9606.ENSP00000264029,3753
9606.ENSP00000261623,3754
9606.ENSP00000490116,3755
9606.ENSP00000360526,3756
9606.ENSP00000451594,3757
9606.ENSP00000379612,3758
9606.ENSP00000440100,3759
9606.ENSP00000346634,3760
9606.ENSP00000260302,3761
9606.ENSP00000385334,3762
9606.ENSP00000434024,3763
9606.ENSP00000302716,3764
9606.ENSP00000331608,3765
9606.ENSP00000326247,3766
9606.ENSP00000384359,3767
9606.ENSP00000322804,3768
9606.ENSP00000379263,3769
9606.ENSP00000216237,3770
9606.ENSP00000039007,3771
9606.ENSP00000340305,3772
9606.ENSP00000220496,3773
9606.ENSP00000332723,3774
9606.ENSP00000385216,3775
9606.ENSP00000389014,3776
9606.ENSP00000372313,3777
9606.ENSP00000424226,3778
9606.ENSP00000300181,3779
9606.ENSP00000296043,3780
9606.ENSP00000245838,3781
9606.ENSP00000356395,3782
9606.ENSP00000499465,3783
9606.ENSP00000478721,3784
9606.ENSP00000262765,3785
9606.ENSP00000396441,3786
9606.ENSP00000379999,3787
9606.ENSP00000494321,3788
9606.ENSP00000308275,3789
9606.ENSP00000468280,3790
9606.ENSP00000323071,3791
9606.ENSP00000264260,3792
9606.ENSP00000276449,3793
9606.ENSP00000498905,3794
9606.ENSP00000360247,3795
9606.ENSP00000320378,3796
9606.ENSP00000417706,3797
9606.ENSP00000357905,3798
9606.ENSP00000463361,3799
9606.ENSP00000498875,3800
9606.ENSP00000441802,3801
9606.ENSP00000328598,3802
9606.ENSP00000367343,3803
9606.ENSP00000317992,3804
9606.ENSP00000497650,3805
9606.ENSP00000261366,3806
9606.ENSP00000251642,3807
9606.ENSP00000495263,3808
9606.ENSP00000265322,3809
9606.ENSP00000421799,3810
9606.ENSP00000375066,3811
9606.ENSP00000433999,3812
9606.ENSP00000379144,3813
9606.ENSP00000356468,3814
9606.ENSP00000263856,3815
9606.ENSP00000263256,3816
9606.ENSP00000314080,3817
9606.ENSP00000409346,3818
9606.ENSP00000334415,3819
9606.ENSP00000221496,3820
9606.ENSP00000384517,3821
9606.ENSP00000366487,3822
9606.ENSP00000261464,3823
9606.ENSP00000366249,3824
9606.ENSP00000261593,3825
9606.ENSP00000261584,3826
9606.ENSP00000374632,3827
9606.ENSP00000357206,3828
9606.ENSP00000294638,3829
9606.ENSP00000342276,3830
9606.ENSP00000317327,3831
9606.ENSP00000265029,3832
9606.ENSP00000199764,3833
9606.ENSP00000225983,3834
9606.ENSP00000304422,3835
9606.ENSP00000484552,3836
9606.ENSP00000418582,3837
9606.ENSP00000254616,3838
9606.ENSP00000379294,3839
9606.ENSP00000453302,3840
9606.ENSP00000338207,3841
9606.ENSP00000355568,3842
9606.ENSP00000287641,3843
9606.ENSP00000378105,3844
9606.ENSP00000278319,3845
9606.ENSP00000264093,3846
9606.ENSP00000262302,3847
9606.ENSP00000359215,3848
9606.ENSP00000231198,3849
9606.ENSP00000296464,3850
9606.ENSP00000429148,3851
9606.ENSP00000304845,3852
9606.ENSP00000314806,3853
9606.ENSP00000316527,3854
9606.ENSP00000441600,3855
9606.ENSP00000493594,3856
9606.ENSP00000362464,3857
9606.ENSP00000481848,3858
9606.ENSP00000379826,3859
9606.ENSP00000218004,3860
9606.ENSP00000239906,3861
9606.ENSP00000365606,3862
9606.ENSP00000485292,3863
9606.ENSP00000341324,3864
9606.ENSP00000352561,3865
9606.ENSP00000363255,3866
9606.ENSP00000349679,3867
9606.ENSP00000334448,3868
9606.ENSP00000231749,3869
9606.ENSP00000419411,3870
9606.ENSP00000376753,3871
9606.ENSP00000336741,3872
9606.ENSP00000359319,3873
9606.ENSP00000164024,3874
9606.ENSP00000243440,3875
9606.ENSP00000362287,3876
9606.ENSP00000417653,3877
9606.ENSP00000303507,3878
9606.ENSP00000287652,3879
9606.ENSP00000354125,3880
9606.ENSP00000369871,3881
9606.ENSP00000418529,3882
9606.ENSP00000305702,3883
9606.ENSP00000298545,3884
9606.ENSP00000371067,3885
9606.ENSP00000249806,3886
9606.ENSP00000369756,3887
9606.ENSP00000318113,3888
9606.ENSP00000295491,3889
9606.ENSP00000301788,3890
9606.ENSP00000298910,3891
9606.ENSP00000498602,3892
9606.ENSP00000296370,3893
9606.ENSP00000269848,3894
9606.ENSP00000476141,3895
9606.ENSP00000458879,3896
9606.ENSP00000410759,3897
9606.ENSP00000288774,3898
9606.ENSP00000410452,3899
9606.ENSP00000361092,3900
9606.ENSP00000293230,3901
9606.ENSP00000482826,3902
9606.ENSP00000220772,3903
9606.ENSP00000415243,3904
9606.ENSP00000317027,3905
9606.ENSP00000353537,3906
9606.ENSP00000297325,3907
9606.ENSP00000501111,3908
9606.ENSP00000361366,3909
9606.ENSP00000354850,3910
9606.ENSP00000364591,3911
9606.ENSP00000333800,3912
9606.ENSP00000259845,3913
9606.ENSP00000240328,3914
9606.ENSP00000482899,3915
9606.ENSP00000478754,3916
9606.ENSP00000303058,3917
9606.ENSP00000391249,3918
9606.ENSP00000294489,3919
9606.ENSP00000481697,3920
9606.ENSP00000477627,3921
9606.ENSP00000351790,3922
9606.ENSP00000450607,3923
9606.ENSP00000385142,3924
9606.ENSP00000234816,3925
9606.ENSP00000419881,3926
9606.ENSP00000290552,3927
9606.ENSP00000320188,3928
9606.ENSP00000184183,3929
9606.ENSP00000455308,3930
9606.ENSP00000407487,3931
9606.ENSP00000262290,3932
9606.ENSP00000355718,3933
9606.ENSP00000261507,3934
9606.ENSP00000464813,3935
9606.ENSP00000433138,3936
9606.ENSP00000285879,3937
9606.ENSP00000392762,3938
9606.ENSP00000390625,3939
9606.ENSP00000394842,3940
9606.ENSP00000156109,3941
9606.ENSP00000357766,3942
9606.ENSP00000252506,3943
9606.ENSP00000425915,3944
9606.ENSP00000370057,3945
9606.ENSP00000296861,3946
9606.ENSP00000306362,3947
9606.ENSP00000388731,3948
9606.ENSP00000489784,3949
9606.ENSP00000305613,3950
9606.ENSP00000382800,3951
9606.ENSP00000223026,3952
9606.ENSP00000248572,3953
9606.ENSP00000299886,3954
9606.ENSP00000291009,3955
9606.ENSP00000291294,3956
9606.ENSP00000217423,3957
9606.ENSP00000219481,3958
9606.ENSP00000334805,3959
9606.ENSP00000310263,3960
9606.ENSP00000445508,3961
9606.ENSP00000360210,3962
9606.ENSP00000376553,3963
9606.ENSP00000490943,3964
9606.ENSP00000424040,3965
9606.ENSP00000321239,3966
9606.ENSP00000290246,3967
9606.ENSP00000387710,3968
9606.ENSP00000321447,3969
9606.ENSP00000472465,3970
9606.ENSP00000383563,3971
9606.ENSP00000263094,3972
9606.ENSP00000296504,3973
9606.ENSP00000325561,3974
9606.ENSP00000286713,3975
9606.ENSP00000320376,3976
9606.ENSP00000369578,3977
9606.ENSP00000341021,3978
9606.ENSP00000236671,3979
9606.ENSP00000440542,3980
9606.ENSP00000281142,3981
9606.ENSP00000412178,3982
9606.ENSP00000374013,3983
9606.ENSP00000364978,3984
9606.ENSP00000264645,3985
9606.ENSP00000364183,3986
9606.ENSP00000444565,3987
9606.ENSP00000240851,3988
9606.ENSP00000310880,3989
9606.ENSP00000257901,3990
9606.ENSP00000366306,3991
9606.ENSP00000398273,3992
9606.ENSP00000342952,3993
9606.ENSP00000233535,3994
9606.ENSP00000399518,3995
9606.ENSP00000242067,3996
9606.ENSP00000495332,3997
9606.ENSP00000408411,3998
9606.ENSP00000477352,3999
9606.ENSP00000217426,4000
9606.ENSP00000484252,4001
9606.ENSP00000442788,4002
9606.ENSP00000358582,4003
9606.ENSP00000345575,4004
9606.ENSP00000319464,4005
9606.ENSP00000326095,4006
9606.ENSP00000386593,4007
9606.ENSP00000252723,4008
9606.ENSP00000330696,4009
9606.ENSP00000251203,4010
9606.ENSP00000299162,4011
9606.ENSP00000249396,4012
9606.ENSP00000269834,4013
9606.ENSP00000229135,4014
9606.ENSP00000306662,4015
9606.ENSP00000361725,4016
9606.ENSP00000356030,4017
9606.ENSP00000342836,4018
9606.ENSP00000483236,4019
9606.ENSP00000497806,4020
9606.ENSP00000256078,4021
9606.ENSP00000364076,4022
9606.ENSP00000377374,4023
9606.ENSP00000221543,4024
9606.ENSP00000244051,4025
9606.ENSP00000354813,4026
9606.ENSP00000363944,4027
9606.ENSP00000336800,4028
9606.ENSP00000357065,4029
9606.ENSP00000355847,4030
9606.ENSP00000221930,4031
9606.ENSP00000332215,4032
9606.ENSP00000365227,4033
9606.ENSP00000215727,4034
9606.ENSP00000254958,4035
9606.ENSP00000264904,4036
9606.ENSP00000384302,4037
9606.ENSP00000347232,4038
9606.ENSP00000240123,4039
9606.ENSP00000255381,4040
9606.ENSP00000369753,4041
9606.ENSP00000364805,4042
9606.ENSP00000265593,4043
9606.ENSP00000317439,4044
9606.ENSP00000365380,4045
9606.ENSP00000294753,4046
9606.ENSP00000264977,4047
9606.ENSP00000478893,4048
9606.ENSP00000478473,4049
9606.ENSP00000299492,4050
9606.ENSP00000262031,4051
9606.ENSP00000064724,4052
9606.ENSP00000261326,4053
9606.ENSP00000382379,4054
9606.ENSP00000418194,4055
9606.ENSP00000357511,4056
9606.ENSP00000338990,4057
9606.ENSP00000265052,4058
9606.ENSP00000413606,4059
9606.ENSP00000378181,4060
9606.ENSP00000446039,4061
9606.ENSP00000330199,4062
9606.ENSP00000330720,4063
9606.ENSP00000288022,4064
9606.ENSP00000416097,4065
9606.ENSP00000446955,4066
9606.ENSP00000418910,4067
9606.ENSP00000385477,4068
9606.ENSP00000311436,4069
9606.ENSP00000326598,4070
9606.ENSP00000379891,4071
9606.ENSP00000292596,4072
9606.ENSP00000256951,4073
9606.ENSP00000337451,4074
9606.ENSP00000330587,4075
9606.ENSP00000485952,4076
9606.ENSP00000283928,4077
9606.ENSP00000360672,4078
9606.ENSP00000345464,4079
9606.ENSP00000358753,4080
9606.ENSP00000387683,4081
9606.ENSP00000353590,4082
9606.ENSP00000415332,4083
9606.ENSP00000347942,4084
9606.ENSP00000361635,4085
9606.ENSP00000432561,4086
9606.ENSP00000392617,4087
9606.ENSP00000495672,4088
9606.ENSP00000230124,4089
9606.ENSP00000360124,4090
9606.ENSP00000292879,4091
9606.ENSP00000263093,4092
9606.ENSP00000370989,4093
9606.ENSP00000318429,4094
9606.ENSP00000318297,4095
9606.ENSP00000428982,4096
9606.ENSP00000382982,4097
9606.ENSP00000368318,4098
9606.ENSP00000221452,4099
9606.ENSP00000317686,4100
9606.ENSP00000309142,4101
9606.ENSP00000356448,4102
9606.ENSP00000337991,4103
9606.ENSP00000348064,4104
9606.ENSP00000344820,4105
9606.ENSP00000357535,4106
9606.ENSP00000466664,4107
9606.ENSP00000319713,4108
9606.ENSP00000310129,4109
9606.ENSP00000364749,4110
9606.ENSP00000357731,4111
9606.ENSP00000404251,4112
9606.ENSP00000378089,4113
9606.ENSP00000360483,4114
9606.ENSP00000272190,4115
9606.ENSP00000360682,4116
9606.ENSP00000362588,4117
9606.ENSP00000380901,4118
9606.ENSP00000332737,4119
9606.ENSP00000379680,4120
9606.ENSP00000216034,4121
9606.ENSP00000297265,4122
9606.ENSP00000355084,4123
9606.ENSP00000362532,4124
9606.ENSP00000433378,4125
9606.ENSP00000302079,4126
9606.ENSP00000441039,4127
9606.ENSP00000342235,4128
9606.ENSP00000357998,4129
9606.ENSP00000289359,4130
9606.ENSP00000357736,4131
9606.ENSP00000344903,4132
9606.ENSP00000481127,4133
9606.ENSP00000272369,4134
9606.ENSP00000361306,4135
9606.ENSP00000384408,4136
9606.ENSP00000268379,4137
9606.ENSP00000245457,4138
9606.ENSP00000339186,4139
9606.ENSP00000251582,4140
9606.ENSP00000263795,4141
9606.ENSP00000362139,4142
9606.ENSP00000263083,4143
9606.ENSP00000362981,4144
9606.ENSP00000265379,4145
9606.ENSP00000359958,4146
9606.ENSP00000324318,4147
9606.ENSP00000357643,4148
9606.ENSP00000322191,4149
9606.ENSP00000340841,4150
9606.ENSP00000485656,4151
9606.ENSP00000237837,4152
9606.ENSP00000240093,4153
9606.ENSP00000333275,4154
9606.ENSP00000263672,4155
9606.ENSP00000462355,4156
9606.ENSP00000316054,4157
9606.ENSP00000365042,4158
9606.ENSP00000279804,4159
9606.ENSP00000322924,4160
9606.ENSP00000382004,4161
9606.ENSP00000382091,4162
9606.ENSP00000302833,4163
9606.ENSP00000265276,4164
9606.ENSP00000219789,4165
9606.ENSP00000379808,4166
9606.ENSP00000304642,4167
9606.ENSP00000360293,4168
9606.ENSP00000339912,4169
9606.ENSP00000300896,4170
9606.ENSP00000366474,4171
9606.ENSP00000308750,4172
9606.ENSP00000278379,4173
9606.ENSP00000344488,4174
9606.ENSP00000421736,4175
9606.ENSP00000414330,4176
9606.ENSP00000014914,4177
9606.ENSP00000300055,4178
9606.ENSP00000362888,4179
9606.ENSP00000380178,4180
9606.ENSP00000377250,4181
9606.ENSP00000251119,4182
9606.ENSP00000249647,4183
9606.ENSP00000302968,4184
9606.ENSP00000252482,4185
9606.ENSP00000389913,4186
9606.ENSP00000282111,4187
9606.ENSP00000263346,4188
9606.ENSP00000318298,4189
9606.ENSP00000288699,4190
9606.ENSP00000347433,4191
9606.ENSP00000268989,4192
9606.ENSP00000499695,4193
9606.ENSP00000360973,4194
9606.ENSP00000498074,4195
9606.ENSP00000425107,4196
9606.ENSP00000361642,4197
9606.ENSP00000271450,4198
9606.ENSP00000451575,4199
9606.ENSP00000291890,4200
9606.ENSP00000479064,4201
9606.ENSP00000381699,4202
9606.ENSP00000337513,4203
9606.ENSP00000262848,4204
9606.ENSP00000484638,4205
9606.ENSP00000305480,4206
9606.ENSP00000355471,4207
9606.ENSP00000308236,4208
9606.ENSP00000256593,4209
9606.ENSP00000331474,4210
9606.ENSP00000262139,4211
9606.ENSP00000296135,4212
9606.ENSP00000426909,4213
9606.ENSP00000415430,4214
9606.ENSP00000346001,4215
9606.ENSP00000479169,4216
9606.ENSP00000473383,4217
9606.ENSP00000246794,4218
9606.ENSP00000306900,4219
9606.ENSP00000417402,4220
9606.ENSP00000290354,4221
9606.ENSP00000286063,4222
9606.ENSP00000265651,4223
9606.ENSP00000357552,4224
9606.ENSP00000273859,4225
9606.ENSP00000483364,4226
9606.ENSP00000379512,4227
9606.ENSP00000371514,4228
9606.ENSP00000346080,4229
9606.ENSP00000265713,4230
9606.ENSP00000355613,4231
9606.ENSP00000363694,4232
9606.ENSP00000371638,4233
9606.ENSP00000357453,4234
9606.ENSP00000463080,4235
9606.ENSP00000312506,4236
9606.ENSP00000328472,4237
9606.ENSP00000223136,4238
9606.ENSP00000182527,4239
9606.ENSP00000301057,4240
9606.ENSP00000310491,4241
9606.ENSP00000431040,4242
9606.ENSP00000269980,4243
9606.ENSP00000361097,4244
9606.ENSP00000358151,4245
9606.ENSP00000263379,4246
9606.ENSP00000379496,4247
9606.ENSP00000265723,4248
9606.ENSP00000419975,4249
9606.ENSP00000257895,4250
9606.ENSP00000304353,4251
9606.ENSP00000419185,4252
9606.ENSP00000246166,4253
9606.ENSP00000437910,4254
9606.ENSP00000483781,4255
9606.ENSP00000304930,4256
9606.ENSP00000294618,4257
9606.ENSP00000401645,4258
9606.ENSP00000477829,4259
9606.ENSP00000365458,4260
9606.ENSP00000374125,4261
9606.ENSP00000228872,4262
9606.ENSP00000318094,4263
9606.ENSP00000420449,4264
9606.ENSP00000437737,4265
9606.ENSP00000363999,4266
9606.ENSP00000302543,4267
9606.ENSP00000274382,4268
9606.ENSP00000371175,4269
9606.ENSP00000305221,4270
9606.ENSP00000291386,4271
9606.ENSP00000386264,4272
9606.ENSP00000349677,4273
9606.ENSP00000257570,4274
9606.ENSP00000364609,4275
9606.ENSP00000357655,4276
9606.ENSP00000473036,4277
9606.ENSP00000368523,4278
9606.ENSP00000373860,4279
9606.ENSP00000263556,4280
9606.ENSP00000365048,4281
9606.ENSP00000377700,4282
9606.ENSP00000357110,4283
9606.ENSP00000451040,4284
9606.ENSP00000364685,4285
9606.ENSP00000216160,4286
9606.ENSP00000389649,4287
9606.ENSP00000403925,4288
9606.ENSP00000497759,4289
9606.ENSP00000011619,4290
9606.ENSP00000358247,4291
9606.ENSP00000403982,4292
9606.ENSP00000292475,4293
9606.ENSP00000284509,4294
9606.ENSP00000478298,4295
9606.ENSP00000363211,4296
9606.ENSP00000364210,4297
9606.ENSP00000275517,4298
9606.ENSP00000367851,4299
9606.ENSP00000238112,4300
9606.ENSP00000266087,4301
9606.ENSP00000367049,4302
9606.ENSP00000382021,4303
9606.ENSP00000263088,4304
9606.ENSP00000494147,4305
9606.ENSP00000379839,4306
9606.ENSP00000326603,4307
9606.ENSP00000381553,4308
9606.ENSP00000358563,4309
9606.ENSP00000314544,4310
9606.ENSP00000226951,4311
9606.ENSP00000303153,4312
9606.ENSP00000271234,4313
9606.ENSP00000264972,4314
9606.ENSP00000403172,4315
9606.ENSP00000343273,4316
9606.ENSP00000365601,4317
9606.ENSP00000370213,4318
9606.ENSP00000457016,4319
9606.ENSP00000274364,4320
9606.ENSP00000339527,4321
9606.ENSP00000349931,4322
9606.ENSP00000343515,4323
9606.ENSP00000359563,4324
9606.ENSP00000295824,4325
9606.ENSP00000265038,4326
9606.ENSP00000360944,4327
9606.ENSP00000428585,4328
9606.ENSP00000310241,4329
9606.ENSP00000266037,4330
9606.ENSP00000370744,4331
9606.ENSP00000217109,4332
9606.ENSP00000371785,4333
9606.ENSP00000296499,4334
9606.ENSP00000387122,4335
9606.ENSP00000300291,4336
9606.ENSP00000499387,4337
9606.ENSP00000378260,4338
9606.ENSP00000339976,4339
9606.ENSP00000268483,4340
9606.ENSP00000361120,4341
9606.ENSP00000380334,4342
9606.ENSP00000364742,4343
9606.ENSP00000363799,4344
9606.ENSP00000406229,4345
9606.ENSP00000361967,4346
9606.ENSP00000391088,4347
9606.ENSP00000319831,4348
9606.ENSP00000370803,4349
9606.ENSP00000273550,4350
9606.ENSP00000344741,4351
9606.ENSP00000418379,4352
9606.ENSP00000270590,4353
9606.ENSP00000155858,4354
9606.ENSP00000365725,4355
9606.ENSP00000338258,4356
9606.ENSP00000338777,4357
9606.ENSP00000339145,4358
9606.ENSP00000385886,4359
9606.ENSP00000358154,4360
9606.ENSP00000380855,4361
9606.ENSP00000263864,4362
9606.ENSP00000233668,4363
9606.ENSP00000358490,4364
9606.ENSP00000266505,4365
9606.ENSP00000283109,4366
9606.ENSP00000270570,4367
9606.ENSP00000260682,4368
9606.ENSP00000221459,4369
9606.ENSP00000359567,4370
9606.ENSP00000354778,4371
9606.ENSP00000480359,4372
9606.ENSP00000350630,4373
9606.ENSP00000447241,4374
9606.ENSP00000370193,4375
9606.ENSP00000254630,4376
9606.ENSP00000308897,4377
9606.ENSP00000433102,4378
9606.ENSP00000343952,4379
9606.ENSP00000233809,4380
9606.ENSP00000370557,4381
9606.ENSP00000498737,4382
9606.ENSP00000494689,4383
9606.ENSP00000378350,4384
9606.ENSP00000340507,4385
9606.ENSP00000357297,4386
9606.ENSP00000295550,4387
9606.ENSP00000340546,4388
9606.ENSP00000371512,4389
9606.ENSP00000349860,4390
9606.ENSP00000274276,4391
9606.ENSP00000355870,4392
9606.ENSP00000337450,4393
9606.ENSP00000418751,4394
9606.ENSP00000486574,4395
9606.ENSP00000355785,4396
9606.ENSP00000477587,4397
9606.ENSP00000306372,4398
9606.ENSP00000481114,4399
9606.ENSP00000494609,4400
9606.ENSP00000276416,4401
9606.ENSP00000233468,4402
9606.ENSP00000358478,4403
9606.ENSP00000355656,4404
9606.ENSP00000241041,4405
9606.ENSP00000347358,4406
9606.ENSP00000368818,4407
9606.ENSP00000457748,4408
9606.ENSP00000262039,4409
9606.ENSP00000363973,4410
9606.ENSP00000229447,4411
9606.ENSP00000326737,4412
9606.ENSP00000255198,4413
9606.ENSP00000256255,4414
9606.ENSP00000368538,4415
9606.ENSP00000259467,4416
9606.ENSP00000360642,4417
9606.ENSP00000259470,4418
9606.ENSP00000238616,4419
9606.ENSP00000265641,4420
9606.ENSP00000364389,4421
9606.ENSP00000315702,4422
9606.ENSP00000273390,4423
9606.ENSP00000194214,4424
9606.ENSP00000307634,4425
9606.ENSP00000499140,4426
9606.ENSP00000358105,4427
9606.ENSP00000355735,4428
9606.ENSP00000302843,4429
9606.ENSP00000430338,4430
9606.ENSP00000448083,4431
9606.ENSP00000450040,4432
9606.ENSP00000312081,4433
9606.ENSP00000446917,4434
9606.ENSP00000318197,4435
9606.ENSP00000335062,4436
9606.ENSP00000252575,4437
9606.ENSP00000264414,4438
9606.ENSP00000334145,4439
9606.ENSP00000263125,4440
9606.ENSP00000366354,4441
9606.ENSP00000414378,4442
9606.ENSP00000228799,4443
9606.ENSP00000357744,4444
9606.ENSP00000295121,4445
9606.ENSP00000497532,4446
9606.ENSP00000339115,4447
9606.ENSP00000297323,4448
9606.ENSP00000361232,4449
9606.ENSP00000212015,4450
9606.ENSP00000361965,4451
9606.ENSP00000344758,4452
9606.ENSP00000354848,4453
9606.ENSP00000321656,4454
9606.ENSP00000427975,4455
9606.ENSP00000335560,4456
9606.ENSP00000260116,4457
9606.ENSP00000265471,4458
9606.ENSP00000405165,4459
9606.ENSP00000437872,4460
9606.ENSP00000338082,4461
9606.ENSP00000310094,4462
9606.ENSP00000361595,4463
9606.ENSP00000227163,4464
9606.ENSP00000389588,4465
9606.ENSP00000363708,4466
9606.ENSP00000379842,4467
9606.ENSP00000482063,4468
9606.ENSP00000292566,4469
9606.ENSP00000405926,4470
9606.ENSP00000498587,4471
9606.ENSP00000219244,4472
9606.ENSP00000361711,4473
9606.ENSP00000328207,4474
9606.ENSP00000317123,4475
9606.ENSP00000390513,4476
9606.ENSP00000263576,4477
9606.ENSP00000331369,4478
9606.ENSP00000362151,4479
9606.ENSP00000378289,4480
9606.ENSP00000315477,4481
9606.ENSP00000359621,4482
9606.ENSP00000391803,4483
9606.ENSP00000375770,4484
9606.ENSP00000419712,4485
9606.ENSP00000362186,4486
9606.ENSP00000418944,4487
9606.ENSP00000292524,4488
9606.ENSP00000258098,4489
9606.ENSP00000477213,4490
9606.ENSP00000489123,4491
9606.ENSP00000206262,4492
9606.ENSP00000335203,4493
9606.ENSP00000282499,4494
9606.ENSP00000341213,4495
9606.ENSP00000371870,4496
9606.ENSP00000321805,4497
9606.ENSP00000263073,4498
9606.ENSP00000299529,4499
9606.ENSP00000360761,4500
9606.ENSP00000394794,4501
9606.ENSP00000415139,4502
9606.ENSP00000389026,4503
9606.ENSP00000319096,4504
9606.ENSP00000498684,4505
9606.ENSP00000372924,4506
9606.ENSP00000363390,4507
9606.ENSP00000257215,4508
9606.ENSP00000265132,4509
9606.ENSP00000315713,4510
9606.ENSP00000278407,4511
9606.ENSP00000308921,4512
9606.ENSP00000320679,4513
9606.ENSP00000261313,4514
9606.ENSP00000392398,4515
9606.ENSP00000469696,4516
9606.ENSP00000238788,4517
9606.ENSP00000266604,4518
9606.ENSP00000373312,4519
9606.ENSP00000483570,4520
9606.ENSP00000340279,4521
9606.ENSP00000401437,4522
9606.ENSP00000493712,4523
9606.ENSP00000376178,4524
9606.ENSP00000252512,4525
9606.ENSP00000360021,4526
9606.ENSP00000360431,4527
9606.ENSP00000370222,4528
9606.ENSP00000306425,4529
9606.ENSP00000445622,4530
9606.ENSP00000451129,4531
9606.ENSP00000348163,4532
9606.ENSP00000320017,4533
9606.ENSP00000379183,4534
9606.ENSP00000316338,4535
9606.ENSP00000343635,4536
9606.ENSP00000473200,4537
9606.ENSP00000469759,4538
9606.ENSP00000354525,4539
9606.ENSP00000363590,4540
9606.ENSP00000188790,4541
9606.ENSP00000296702,4542
9606.ENSP00000339826,4543
9606.ENSP00000290039,4544
9606.ENSP00000483814,4545
9606.ENSP00000356480,4546
9606.ENSP00000278025,4547
9606.ENSP00000344674,4548
9606.ENSP00000263257,4549
9606.ENSP00000389445,4550
9606.ENSP00000383053,4551
9606.ENSP00000285071,4552
9606.ENSP00000287387,4553
9606.ENSP00000381652,4554
9606.ENSP00000297338,4555
9606.ENSP00000309262,4556
9606.ENSP00000382226,4557
9606.ENSP00000480571,4558
9606.ENSP00000331849,4559
9606.ENSP00000364032,4560
9606.ENSP00000301178,4561
9606.ENSP00000368959,4562
9606.ENSP00000346874,4563
9606.ENSP00000331258,4564
9606.ENSP00000415579,4565
9606.ENSP00000336747,4566
9606.ENSP00000262215,4567
9606.ENSP00000495860,4568
9606.ENSP00000349658,4569
9606.ENSP00000317997,4570
9606.ENSP00000390394,4571
9606.ENSP00000454341,4572
9606.ENSP00000269298,4573
9606.ENSP00000341564,4574
9606.ENSP00000349396,4575
9606.ENSP00000495128,4576
9606.ENSP00000498469,4577
9606.ENSP00000289473,4578
9606.ENSP00000380702,4579
9606.ENSP00000361915,4580
9606.ENSP00000483403,4581
9606.ENSP00000299427,4582
9606.ENSP00000480991,4583
9606.ENSP00000482180,4584
9606.ENSP00000499522,4585
9606.ENSP00000283290,4586
9606.ENSP00000496415,4587
9606.ENSP00000313199,4588
9606.ENSP00000322845,4589
9606.ENSP00000260010,4590
9606.ENSP00000246194,4591
9606.ENSP00000225927,4592
9606.ENSP00000371451,4593
9606.ENSP00000390535,4594
9606.ENSP00000222399,4595
9606.ENSP00000383185,4596
9606.ENSP00000385480,4597
9606.ENSP00000449241,4598
9606.ENSP00000363689,4599
9606.ENSP00000253410,4600
9606.ENSP00000204604,4601
9606.ENSP00000384398,4602
9606.ENSP00000216044,4603
9606.ENSP00000318641,4604
9606.ENSP00000362299,4605
9606.ENSP00000258411,4606
9606.ENSP00000363019,4607
9606.ENSP00000344208,4608
9606.ENSP00000362403,4609
9606.ENSP00000378504,4610
9606.ENSP00000354665,4611
9606.ENSP00000364013,4612
9606.ENSP00000355865,4613
9606.ENSP00000296564,4614
9606.ENSP00000362381,4615
9606.ENSP00000336866,4616
9606.ENSP00000313601,4617
9606.ENSP00000253577,4618
9606.ENSP00000249344,4619
9606.ENSP00000364635,4620
9606.ENSP00000218340,4621
9606.ENSP00000234038,4622
9606.ENSP00000355651,4623
9606.ENSP00000342197,4624
9606.ENSP00000355958,4625
9606.ENSP00000016171,4626
9606.ENSP00000497590,4627
9606.ENSP00000307280,4628
9606.ENSP00000277165,4629
9606.ENSP00000335153,4630
9606.ENSP00000371234,4631
9606.ENSP00000371594,4632
9606.ENSP00000390232,4633
9606.ENSP00000378917,4634
9606.ENSP00000337439,4635
9606.ENSP00000316578,4636
9606.ENSP00000271332,4637
9606.ENSP00000372394,4638
9606.ENSP00000307134,4639
9606.ENSP00000359795,4640
9606.ENSP00000424261,4641
9606.ENSP00000267814,4642
9606.ENSP00000363593,4643
9606.ENSP00000441434,4644
9606.ENSP00000303830,4645
9606.ENSP00000401514,4646
9606.ENSP00000255224,4647
9606.ENSP00000484710,4648
9606.ENSP00000353850,4649
9606.ENSP00000320434,4650
9606.ENSP00000474823,4651
9606.ENSP00000264057,4652
9606.ENSP00000217958,4653
9606.ENSP00000354566,4654
9606.ENSP00000470381,4655
9606.ENSP00000384198,4656
9606.ENSP00000264313,4657
9606.ENSP00000247881,4658
9606.ENSP00000401770,4659
9606.ENSP00000349359,4660
9606.ENSP00000398410,4661
9606.ENSP00000379051,4662
9606.ENSP00000313809,4663
9606.ENSP00000357320,4664
9606.ENSP00000373191,4665
9606.ENSP00000478303,4666
9606.ENSP00000343497,4667
9606.ENSP00000492902,4668
9606.ENSP00000484689,4669
9606.ENSP00000261024,4670
9606.ENSP00000293404,4671
9606.ENSP00000313933,4672
9606.ENSP00000370394,4673
9606.ENSP00000300057,4674
9606.ENSP00000274787,4675
9606.ENSP00000264245,4676
9606.ENSP00000334300,4677
9606.ENSP00000263102,4678
9606.ENSP00000264515,4679
9606.ENSP00000450353,4680
9606.ENSP00000321797,4681
9606.ENSP00000337452,4682
9606.ENSP00000498610,4683
9606.ENSP00000166345,4684
9606.ENSP00000452398,4685
9606.ENSP00000306320,4686
9606.ENSP00000480826,4687
9606.ENSP00000373325,4688
9606.ENSP00000314173,4689
9606.ENSP00000278947,4690
9606.ENSP00000348668,4691
9606.ENSP00000005284,4692
9606.ENSP00000340361,4693
9606.ENSP00000325677,4694
9606.ENSP00000410746,4695
9606.ENSP00000362183,4696
9606.ENSP00000317310,4697
9606.ENSP00000497651,4698
9606.ENSP00000352835,4699
9606.ENSP00000246553,4700
9606.ENSP00000299855,4701
9606.ENSP00000388552,4702
9606.ENSP00000274507,4703
9606.ENSP00000434359,4704
9606.ENSP00000335615,4705
9606.ENSP00000358880,4706
9606.ENSP00000378408,4707
9606.ENSP00000356702,4708
9606.ENSP00000451812,4709
9606.ENSP00000494061,4710
9606.ENSP00000361302,4711
9606.ENSP00000266070,4712
9606.ENSP00000359539,4713
9606.ENSP00000055335,4714
9606.ENSP00000216117,4715
9606.ENSP00000330746,4716
9606.ENSP00000329662,4717
9606.ENSP00000393541,4718
9606.ENSP00000265071,4719
9606.ENSP00000309538,4720
9606.ENSP00000261405,4721
9606.ENSP00000233948,4722
9606.ENSP00000483495,4723
9606.ENSP00000239316,4724
9606.ENSP00000356975,4725
9606.ENSP00000332679,4726
9606.ENSP00000324302,4727
9606.ENSP00000362702,4728
9606.ENSP00000476746,4729
9606.ENSP00000493110,4730
9606.ENSP00000225171,4731
9606.ENSP00000326305,4732
9606.ENSP00000218068,4733
9606.ENSP00000373215,4734
9606.ENSP00000445247,4735
9606.ENSP00000455507,4736
9606.ENSP00000407193,4737
9606.ENSP00000354982,4738
9606.ENSP00000356946,4739
9606.ENSP00000356162,4740
9606.ENSP00000219022,4741
9606.ENSP00000244227,4742
9606.ENSP00000427550,4743
9606.ENSP00000386190,4744
9606.ENSP00000309504,4745
9606.ENSP00000250237,4746
9606.ENSP00000332592,4747
9606.ENSP00000379133,4748
9606.ENSP00000261835,4749
9606.ENSP00000276533,4750
9606.ENSP00000361895,4751
9606.ENSP00000363411,4752
9606.ENSP00000323302,4753
9606.ENSP00000479636,4754
9606.ENSP00000260247,4755
9606.ENSP00000216330,4756
9606.ENSP00000261658,4757
9606.ENSP00000328423,4758
9606.ENSP00000409652,4759
9606.ENSP00000315130,4760
9606.ENSP00000501254,4761
9606.ENSP00000412302,4762
9606.ENSP00000497585,4763
9606.ENSP00000356251,4764
9606.ENSP00000253814,4765
9606.ENSP00000262441,4766
9606.ENSP00000319126,4767
9606.ENSP00000306163,4768
9606.ENSP00000498660,4769
9606.ENSP00000357702,4770
9606.ENSP00000378888,4771
9606.ENSP00000282058,4772
9606.ENSP00000311677,4773
9606.ENSP00000416040,4774
9606.ENSP00000218348,4775
9606.ENSP00000222224,4776
9606.ENSP00000449535,4777
9606.ENSP00000338348,4778
9606.ENSP00000274093,4779
9606.ENSP00000370483,4780
9606.ENSP00000450480,4781
9606.ENSP00000326227,4782
9606.ENSP00000362300,4783
9606.ENSP00000269299,4784
9606.ENSP00000390941,4785
9606.ENSP00000304956,4786
9606.ENSP00000349503,4787
9606.ENSP00000228928,4788
9606.ENSP00000485478,4789
9606.ENSP00000323455,4790
9606.ENSP00000488422,4791
9606.ENSP00000383428,4792
9606.ENSP00000386810,4793
9606.ENSP00000404203,4794
9606.ENSP00000333283,4795
9606.ENSP00000286317,4796
9606.ENSP00000368104,4797
9606.ENSP00000370886,4798
9606.ENSP00000319052,4799
9606.ENSP00000324560,4800
9606.ENSP00000436318,4801
9606.ENSP00000379038,4802
9606.ENSP00000352438,4803
9606.ENSP00000304437,4804
9606.ENSP00000473290,4805
9606.ENSP00000341045,4806
9606.ENSP00000409799,4807
9606.ENSP00000229332,4808
9606.ENSP00000298281,4809
9606.ENSP00000323867,4810
9606.ENSP00000287675,4811
9606.ENSP00000497690,4812
9606.ENSP00000302579,4813
9606.ENSP00000413017,4814
9606.ENSP00000351345,4815
9606.ENSP00000301896,4816
9606.ENSP00000244926,4817
9606.ENSP00000476384,4818
9606.ENSP00000447942,4819
9606.ENSP00000362353,4820
9606.ENSP00000351908,4821
9606.ENSP00000352785,4822
9606.ENSP00000303300,4823
9606.ENSP00000335557,4824
9606.ENSP00000315035,4825
9606.ENSP00000355094,4826
9606.ENSP00000392411,4827
9606.ENSP00000315568,4828
9606.ENSP00000323858,4829
9606.ENSP00000494175,4830
9606.ENSP00000261783,4831
9606.ENSP00000358866,4832
9606.ENSP00000331791,4833
9606.ENSP00000345702,4834
9606.ENSP00000329102,4835
9606.ENSP00000442658,4836
9606.ENSP00000344572,4837
9606.ENSP00000223398,4838
9606.ENSP00000312734,4839
9606.ENSP00000433208,4840
9606.ENSP00000370343,4841
9606.ENSP00000299481,4842
9606.ENSP00000317578,4843
9606.ENSP00000344215,4844
9606.ENSP00000270139,4845
9606.ENSP00000481859,4846
9606.ENSP00000498019,4847
9606.ENSP00000386651,4848
9606.ENSP00000233826,4849
9606.ENSP00000419298,4850
9606.ENSP00000362071,4851
9606.ENSP00000247992,4852
9606.ENSP00000359910,4853
9606.ENSP00000299413,4854
9606.ENSP00000365938,4855
9606.ENSP00000373691,4856
9606.ENSP00000384183,4857
9606.ENSP00000307513,4858
9606.ENSP00000358795,4859
9606.ENSP00000462963,4860
9606.ENSP00000361813,4861
9606.ENSP00000327213,4862
9606.ENSP00000363193,4863
9606.ENSP00000361562,4864
9606.ENSP00000253107,4865
9606.ENSP00000267953,4866
9606.ENSP00000308032,4867
9606.ENSP00000350278,4868
9606.ENSP00000325136,4869
9606.ENSP00000386458,4870
9606.ENSP00000329647,4871
9606.ENSP00000215659,4872
9606.ENSP00000369960,4873
9606.ENSP00000307674,4874
9606.ENSP00000380530,4875
9606.ENSP00000352927,4876
9606.ENSP00000262865,4877
9606.ENSP00000480059,4878
9606.ENSP00000262653,4879
9606.ENSP00000356058,4880
9606.ENSP00000473361,4881
9606.ENSP00000463027,4882
9606.ENSP00000441000,4883
9606.ENSP00000324419,4884
9606.ENSP00000358165,4885
9606.ENSP00000363641,4886
9606.ENSP00000477725,4887
9606.ENSP00000342858,4888
9606.ENSP00000348888,4889
9606.ENSP00000291552,4890
9606.ENSP00000317714,4891
9606.ENSP00000380466,4892
9606.ENSP00000381840,4893
9606.ENSP00000362592,4894
9606.ENSP00000293777,4895
9606.ENSP00000327368,4896
9606.ENSP00000419628,4897
9606.ENSP00000381070,4898
9606.ENSP00000267294,4899
9606.ENSP00000356646,4900
9606.ENSP00000343782,4901
9606.ENSP00000247270,4902
9606.ENSP00000347635,4903
9606.ENSP00000376417,4904
9606.ENSP00000285311,4905
9606.ENSP00000479526,4906
9606.ENSP00000281631,4907
9606.ENSP00000370443,4908
9606.ENSP00000356936,4909
9606.ENSP00000287842,4910
9606.ENSP00000337838,4911
9606.ENSP00000216484,4912
9606.ENSP00000262102,4913
9606.ENSP00000269391,4914
9606.ENSP00000321038,4915
9606.ENSP00000223321,4916
9606.ENSP00000376889,4917
9606.ENSP00000325863,4918
9606.ENSP00000430269,4919
9606.ENSP00000467024,4920
9606.ENSP00000352627,4921
9606.ENSP00000493131,4922
9606.ENSP00000295057,4923
9606.ENSP00000487719,4924
9606.ENSP00000264933,4925
9606.ENSP00000393776,4926
9606.ENSP00000351591,4927
9606.ENSP00000322304,4928
9606.ENSP00000332208,4929
9606.ENSP00000257910,4930
9606.ENSP00000295266,4931
9606.ENSP00000263268,4932
9606.ENSP00000250024,4933
9606.ENSP00000354742,4934
9606.ENSP00000385432,4935
9606.ENSP00000359505,4936
9606.ENSP00000496982,4937
9606.ENSP00000376297,4938
9606.ENSP00000480050,4939
9606.ENSP00000333993,4940
9606.ENSP00000345147,4941
9606.ENSP00000358851,4942
9606.ENSP00000355587,4943
9606.ENSP00000318406,4944
9606.ENSP00000293217,4945
9606.ENSP00000438677,4946
9606.ENSP00000368496,4947
9606.ENSP00000400223,4948
9606.ENSP00000417960,4949
9606.ENSP00000361141,4950
9606.ENSP00000305416,4951
9606.ENSP00000319597,4952
9606.ENSP00000339881,4953
9606.ENSP00000498702,4954
9606.ENSP00000220058,4955
9606.ENSP00000273480,4956
9606.ENSP00000435421,4957
9606.ENSP00000000233,4958
9606.ENSP00000376303,4959
9606.ENSP00000411909,4960
9606.ENSP00000317473,4961
9606.ENSP00000347754,4962
9606.ENSP00000265562,4963
9606.ENSP00000355428,4964
9606.ENSP00000368835,4965
9606.ENSP00000369996,4966
9606.ENSP00000349595,4967
9606.ENSP00000308583,4968
9606.ENSP00000375248,4969
9606.ENSP00000333837,4970
9606.ENSP00000284240,4971
9606.ENSP00000327760,4972
9606.ENSP00000379042,4973
9606.ENSP00000263390,4974
9606.ENSP00000316924,4975
9606.ENSP00000359526,4976
9606.ENSP00000469468,4977
9606.ENSP00000353408,4978
9606.ENSP00000324827,4979
9606.ENSP00000299663,4980
9606.ENSP00000482538,4981
9606.ENSP00000412388,4982
9606.ENSP00000497880,4983
9606.ENSP00000376123,4984
9606.ENSP00000327950,4985
9606.ENSP00000453508,4986
9606.ENSP00000311010,4987
9606.ENSP00000356102,4988
9606.ENSP00000452549,4989
9606.ENSP00000231751,4990
9606.ENSP00000318154,4991
9606.ENSP00000337335,4992
9606.ENSP00000389168,4993
9606.ENSP00000349874,4994
9606.ENSP00000316130,4995
9606.ENSP00000009041,4996
9606.ENSP00000339063,4997
9606.ENSP00000244763,4998
9606.ENSP00000337623,4999
9606.ENSP00000362456,5000
9606.ENSP00000324806,5001
9606.ENSP00000270233,5002
9606.ENSP00000363017,5003
9606.ENSP00000347140,5004
9606.ENSP00000487444,5005
9606.ENSP00000372067,5006
9606.ENSP00000493109,5007
9606.ENSP00000252835,5008
9606.ENSP00000313921,5009
9606.ENSP00000260585,5010
9606.ENSP00000352672,5011
9606.ENSP00000358155,5012
9606.ENSP00000315263,5013
9606.ENSP00000361544,5014
9606.ENSP00000418401,5015
9606.ENSP00000481593,5016
9606.ENSP00000398837,5017
9606.ENSP00000302276,5018
9606.ENSP00000282611,5019
9606.ENSP00000411593,5020
9606.ENSP00000315064,5021
9606.ENSP00000400101,5022
9606.ENSP00000366179,5023
9606.ENSP00000354487,5024
9606.ENSP00000272067,5025
9606.ENSP00000352097,5026
9606.ENSP00000356919,5027
9606.ENSP00000364349,5028
9606.ENSP00000449544,5029
9606.ENSP00000378306,5030
9606.ENSP00000267260,5031
9606.ENSP00000309913,5032
9606.ENSP00000385923,5033
9606.ENSP00000272091,5034
9606.ENSP00000216129,5035
9606.ENSP00000207870,5036
9606.ENSP00000315410,5037
9606.ENSP00000388996,5038
9606.ENSP00000295079,5039
9606.ENSP00000278060,5040
9606.ENSP00000420608,5041
9606.ENSP00000386921,5042
9606.ENSP00000446215,5043
9606.ENSP00000387050,5044
9606.ENSP00000361064,5045
9606.ENSP00000355896,5046
9606.ENSP00000358316,5047
9606.ENSP00000414398,5048
9606.ENSP00000344155,5049
9606.ENSP00000078445,5050
9606.ENSP00000316496,5051
9606.ENSP00000222219,5052
9606.ENSP00000246529,5053
9606.ENSP00000207549,5054
9606.ENSP00000245817,5055
9606.ENSP00000347672,5056
9606.ENSP00000336724,5057
9606.ENSP00000356172,5058
9606.ENSP00000384996,5059
9606.ENSP00000239165,5060
9606.ENSP00000319341,5061
9606.ENSP00000254803,5062
9606.ENSP00000316454,5063
9606.ENSP00000363993,5064
9606.ENSP00000430241,5065
9606.ENSP00000319788,5066
9606.ENSP00000332766,5067
9606.ENSP00000295728,5068
9606.ENSP00000295448,5069
9606.ENSP00000394394,5070
9606.ENSP00000491174,5071
9606.ENSP00000357076,5072
9606.ENSP00000376268,5073
9606.ENSP00000498791,5074
9606.ENSP00000336799,5075
9606.ENSP00000363970,5076
9606.ENSP00000276651,5077
9606.ENSP00000384597,5078
9606.ENSP00000500386,5079
9606.ENSP00000332591,5080
9606.ENSP00000385523,5081
9606.ENSP00000240100,5082
9606.ENSP00000420306,5083
9606.ENSP00000491351,5084
9606.ENSP00000220616,5085
9606.ENSP00000264663,5086
9606.ENSP00000265343,5087
9606.ENSP00000261497,5088
9606.ENSP00000259371,5089
9606.ENSP00000322915,5090
9606.ENSP00000348769,5091
9606.ENSP00000299626,5092
9606.ENSP00000428518,5093
9606.ENSP00000316881,5094
9606.ENSP00000342143,5095
9606.ENSP00000385025,5096
9606.ENSP00000247003,5097
9606.ENSP00000334474,5098
9606.ENSP00000227348,5099
9606.ENSP00000309430,5100
9606.ENSP00000296877,5101
9606.ENSP00000273986,5102
9606.ENSP00000222511,5103
9606.ENSP00000375093,5104
9606.ENSP00000313504,5105
9606.ENSP00000357384,5106
9606.ENSP00000364164,5107
9606.ENSP00000217043,5108
9606.ENSP00000393154,5109
9606.ENSP00000249269,5110
9606.ENSP00000298139,5111
9606.ENSP00000307143,5112
9606.ENSP00000473381,5113
9606.ENSP00000479904,5114
9606.ENSP00000242728,5115
9606.ENSP00000274192,5116
9606.ENSP00000383986,5117
9606.ENSP00000306884,5118
9606.ENSP00000263160,5119
9606.ENSP00000419412,5120
9606.ENSP00000269221,5121
9606.ENSP00000300961,5122
9606.ENSP00000391498,5123
9606.ENSP00000353496,5124
9606.ENSP00000355470,5125
9606.ENSP00000480987,5126
9606.ENSP00000498569,5127
9606.ENSP00000353010,5128
9606.ENSP00000309132,5129
9606.ENSP00000350378,5130
9606.ENSP00000419803,5131
9606.ENSP00000269187,5132
9606.ENSP00000355077,5133
9606.ENSP00000329507,5134
9606.ENSP00000348461,5135
9606.ENSP00000482032,5136
9606.ENSP00000430950,5137
9606.ENSP00000483386,5138
9606.ENSP00000378856,5139
9606.ENSP00000484095,5140
9606.ENSP00000226413,5141
9606.ENSP00000360255,5142
9606.ENSP00000497574,5143
9606.ENSP00000251047,5144
9606.ENSP00000366800,5145
9606.ENSP00000486146,5146
9606.ENSP00000233078,5147
9606.ENSP00000452414,5148
9606.ENSP00000216797,5149
9606.ENSP00000312675,5150
9606.ENSP00000260184,5151
9606.ENSP00000242786,5152
9606.ENSP00000335628,5153
9606.ENSP00000289429,5154
9606.ENSP00000303468,5155
9606.ENSP00000312304,5156
9606.ENSP00000298223,5157
9606.ENSP00000263208,5158
9606.ENSP00000359285,5159
9606.ENSP00000354357,5160
9606.ENSP00000346298,5161
9606.ENSP00000360916,5162
9606.ENSP00000411418,5163
9606.ENSP00000483825,5164
9606.ENSP00000291860,5165
9606.ENSP00000319053,5166
9606.ENSP00000269582,5167
9606.ENSP00000493970,5168
9606.ENSP00000403910,5169
9606.ENSP00000360997,5170
9606.ENSP00000272133,5171
9606.ENSP00000371483,5172
9606.ENSP00000499238,5173
9606.ENSP00000426191,5174
9606.ENSP00000256366,5175
9606.ENSP00000482657,5176
9606.ENSP00000447149,5177
9606.ENSP00000271452,5178
9606.ENSP00000357581,5179
9606.ENSP00000394757,5180
9606.ENSP00000172229,5181
9606.ENSP00000353401,5182
9606.ENSP00000310723,5183
9606.ENSP00000253079,5184
9606.ENSP00000337618,5185
9606.ENSP00000370074,5186
9606.ENSP00000420256,5187
9606.ENSP00000488748,5188
9606.ENSP00000347379,5189
9606.ENSP00000304327,5190
9606.ENSP00000251496,5191
9606.ENSP00000359504,5192
9606.ENSP00000429150,5193
9606.ENSP00000263228,5194
9606.ENSP00000309285,5195
9606.ENSP00000313419,5196
9606.ENSP00000490579,5197
9606.ENSP00000484479,5198
9606.ENSP00000377344,5199
9606.ENSP00000262013,5200
9606.ENSP00000365838,5201
9606.ENSP00000460964,5202
9606.ENSP00000468086,5203
9606.ENSP00000259727,5204
9606.ENSP00000417510,5205
9606.ENSP00000322061,5206
9606.ENSP00000370669,5207
9606.ENSP00000275198,5208
9606.ENSP00000332659,5209
9606.ENSP00000348056,5210
9606.ENSP00000370194,5211
9606.ENSP00000374309,5212
9606.ENSP00000370395,5213
9606.ENSP00000335246,5214
9606.ENSP00000386884,5215
9606.ENSP00000386722,5216
9606.ENSP00000380044,5217
9606.ENSP00000311360,5218
9606.ENSP00000490119,5219
9606.ENSP00000334872,5220
9606.ENSP00000426455,5221
9606.ENSP00000280098,5222
9606.ENSP00000329991,5223
9606.ENSP00000334373,5224
9606.ENSP00000384763,5225
9606.ENSP00000217420,5226
9606.ENSP00000432568,5227
9606.ENSP00000450540,5228
9606.ENSP00000295256,5229
9606.ENSP00000475107,5230
9606.ENSP00000431459,5231
9606.ENSP00000376436,5232
9606.ENSP00000305442,5233
9606.ENSP00000479461,5234
9606.ENSP00000355249,5235
9606.ENSP00000316109,5236
9606.ENSP00000466090,5237
9606.ENSP00000276893,5238
9606.ENSP00000444210,5239
9606.ENSP00000344635,5240
9606.ENSP00000296545,5241
9606.ENSP00000442068,5242
9606.ENSP00000411821,5243
9606.ENSP00000385746,5244
9606.ENSP00000232496,5245
9606.ENSP00000301972,5246
9606.ENSP00000369899,5247
9606.ENSP00000380671,5248
9606.ENSP00000495557,5249
9606.ENSP00000321584,5250
9606.ENSP00000363254,5251
9606.ENSP00000353344,5252
9606.ENSP00000290299,5253
9606.ENSP00000356024,5254
9606.ENSP00000259870,5255
9606.ENSP00000381958,5256
9606.ENSP00000345206,5257
9606.ENSP00000315693,5258
9606.ENSP00000354910,5259
9606.ENSP00000246912,5260
9606.ENSP00000253693,5261
9606.ENSP00000295888,5262
9606.ENSP00000260102,5263
9606.ENSP00000265371,5264
9606.ENSP00000429168,5265
9606.ENSP00000367942,5266
9606.ENSP00000325377,5267
9606.ENSP00000364145,5268
9606.ENSP00000273308,5269
9606.ENSP00000339404,5270
9606.ENSP00000292180,5271
9606.ENSP00000317891,5272
9606.ENSP00000268661,5273
9606.ENSP00000497008,5274
9606.ENSP00000350651,5275
9606.ENSP00000297579,5276
9606.ENSP00000309334,5277
9606.ENSP00000379353,5278
9606.ENSP00000418491,5279
9606.ENSP00000383737,5280
9606.ENSP00000312107,5281
9606.ENSP00000308764,5282
9606.ENSP00000451188,5283
9606.ENSP00000355675,5284
9606.ENSP00000355486,5285
9606.ENSP00000301244,5286
9606.ENSP00000371230,5287
9606.ENSP00000490829,5288
9606.ENSP00000255764,5289
9606.ENSP00000378332,5290
9606.ENSP00000351155,5291
9606.ENSP00000384564,5292
9606.ENSP00000280020,5293
9606.ENSP00000402584,5294
9606.ENSP00000360270,5295
9606.ENSP00000419740,5296
9606.ENSP00000291572,5297
9606.ENSP00000499750,5298
9606.ENSP00000432692,5299
9606.ENSP00000229595,5300
9606.ENSP00000260383,5301
9606.ENSP00000301030,5302
9606.ENSP00000359240,5303
9606.ENSP00000376808,5304
9606.ENSP00000475750,5305
9606.ENSP00000177694,5306
9606.ENSP00000456908,5307
9606.ENSP00000445595,5308
9606.ENSP00000339992,5309
9606.ENSP00000243253,5310
9606.ENSP00000371420,5311
9606.ENSP00000384433,5312
9606.ENSP00000433157,5313
9606.ENSP00000397566,5314
9606.ENSP00000360112,5315
9606.ENSP00000341826,5316
9606.ENSP00000454562,5317
9606.ENSP00000363943,5318
9606.ENSP00000379350,5319
9606.ENSP00000381844,5320
9606.ENSP00000356429,5321
9606.ENSP00000254521,5322
9606.ENSP00000259915,5323
9606.ENSP00000432305,5324
9606.ENSP00000469613,5325
9606.ENSP00000499300,5326
9606.ENSP00000221480,5327
9606.ENSP00000331479,5328
9606.ENSP00000370200,5329
9606.ENSP00000433209,5330
9606.ENSP00000357149,5331
9606.ENSP00000296318,5332
9606.ENSP00000327234,5333
9606.ENSP00000003084,5334
9606.ENSP00000320957,5335
9606.ENSP00000293897,5336
9606.ENSP00000493295,5337
9606.ENSP00000290759,5338
9606.ENSP00000434717,5339
9606.ENSP00000385478,5340
9606.ENSP00000416797,5341
9606.ENSP00000373474,5342
9606.ENSP00000282670,5343
9606.ENSP00000340914,5344
9606.ENSP00000421863,5345
9606.ENSP00000475344,5346
9606.ENSP00000492874,5347
9606.ENSP00000463051,5348
9606.ENSP00000370119,5349
9606.ENSP00000498627,5350
9606.ENSP00000385269,5351
9606.ENSP00000305810,5352
9606.ENSP00000373301,5353
9606.ENSP00000355880,5354
9606.ENSP00000493906,5355
9606.ENSP00000300079,5356
9606.ENSP00000466690,5357
9606.ENSP00000360108,5358
9606.ENSP00000321606,5359
9606.ENSP00000357873,5360
9606.ENSP00000496842,5361
9606.ENSP00000251864,5362
9606.ENSP00000355011,5363
9606.ENSP00000314036,5364
9606.ENSP00000245157,5365
9606.ENSP00000335358,5366
9606.ENSP00000491472,5367
9606.ENSP00000351310,5368
9606.ENSP00000222481,5369
9606.ENSP00000343325,5370
9606.ENSP00000260746,5371
9606.ENSP00000254442,5372
9606.ENSP00000363054,5373
9606.ENSP00000334851,5374
9606.ENSP00000379836,5375
9606.ENSP00000341189,5376
9606.ENSP00000396225,5377
9606.ENSP00000337443,5378
9606.ENSP00000251102,5379
9606.ENSP00000429744,5380
9606.ENSP00000215375,5381
9606.ENSP00000335091,5382
9606.ENSP00000256178,5383
9606.ENSP00000382341,5384
9606.ENSP00000343490,5385
9606.ENSP00000495996,5386
9606.ENSP00000391739,5387
9606.ENSP00000296343,5388
9606.ENSP00000357753,5389
9606.ENSP00000388723,5390
9606.ENSP00000369411,5391
9606.ENSP00000450962,5392
9606.ENSP00000481495,5393
9606.ENSP00000371643,5394
9606.ENSP00000473001,5395
9606.ENSP00000481091,5396
9606.ENSP00000276654,5397
9606.ENSP00000366827,5398
9606.ENSP00000378702,5399
9606.ENSP00000353379,5400
9606.ENSP00000223862,5401
9606.ENSP00000287295,5402
9606.ENSP00000286479,5403
9606.ENSP00000262345,5404
9606.ENSP00000232975,5405
9606.ENSP00000333593,5406
9606.ENSP00000245312,5407
9606.ENSP00000300452,5408
9606.ENSP00000435790,5409
9606.ENSP00000342026,5410
9606.ENSP00000321636,5411
9606.ENSP00000422007,5412
9606.ENSP00000496625,5413
9606.ENSP00000264649,5414
9606.ENSP00000247026,5415
9606.ENSP00000257408,5416
9606.ENSP00000417898,5417
9606.ENSP00000366999,5418
9606.ENSP00000054668,5419
9606.ENSP00000332809,5420
9606.ENSP00000226230,5421
9606.ENSP00000355645,5422
9606.ENSP00000315774,5423
9606.ENSP00000366902,5424
9606.ENSP00000466379,5425
9606.ENSP00000414253,5426
9606.ENSP00000311083,5427
9606.ENSP00000299441,5428
9606.ENSP00000325690,5429
9606.ENSP00000403039,5430
9606.ENSP00000364404,5431
9606.ENSP00000386710,5432
9606.ENSP00000270800,5433
9606.ENSP00000225525,5434
9606.ENSP00000219478,5435
9606.ENSP00000398655,5436
9606.ENSP00000495385,5437
9606.ENSP00000395708,5438
9606.ENSP00000251643,5439
9606.ENSP00000355261,5440
9606.ENSP00000484634,5441
9606.ENSP00000357914,5442
9606.ENSP00000240488,5443
9606.ENSP00000360217,5444
9606.ENSP00000497594,5445
9606.ENSP00000367615,5446
9606.ENSP00000335503,5447
9606.ENSP00000364550,5448
9606.ENSP00000255324,5449
9606.ENSP00000332287,5450
9606.ENSP00000442050,5451
9606.ENSP00000375914,5452
9606.ENSP00000470652,5453
9606.ENSP00000433664,5454
9606.ENSP00000424328,5455
9606.ENSP00000352833,5456
9606.ENSP00000256797,5457
9606.ENSP00000334382,5458
9606.ENSP00000355500,5459
9606.ENSP00000355114,5460
9606.ENSP00000387209,5461
9606.ENSP00000352544,5462
9606.ENSP00000355518,5463
9606.ENSP00000224721,5464
9606.ENSP00000294818,5465
9606.ENSP00000365477,5466
9606.ENSP00000477567,5467
9606.ENSP00000462701,5468
9606.ENSP00000358812,5469
9606.ENSP00000364204,5470
9606.ENSP00000339328,5471
9606.ENSP00000486361,5472
9606.ENSP00000361076,5473
9606.ENSP00000426932,5474
9606.ENSP00000252825,5475
9606.ENSP00000481646,5476
9606.ENSP00000313088,5477
9606.ENSP00000235382,5478
9606.ENSP00000370340,5479
9606.ENSP00000361603,5480
9606.ENSP00000461830,5481
9606.ENSP00000298527,5482
9606.ENSP00000296953,5483
9606.ENSP00000377486,5484
9606.ENSP00000352035,5485
9606.ENSP00000306920,5486
9606.ENSP00000360697,5487
9606.ENSP00000349970,5488
9606.ENSP00000365891,5489
9606.ENSP00000357342,5490
9606.ENSP00000234389,5491
9606.ENSP00000368022,5492
9606.ENSP00000383421,5493
9606.ENSP00000362481,5494
9606.ENSP00000343412,5495
9606.ENSP00000357288,5496
9606.ENSP00000349298,5497
9606.ENSP00000347457,5498
9606.ENSP00000337587,5499
9606.ENSP00000399136,5500
9606.ENSP00000301258,5501
9606.ENSP00000346879,5502
9606.ENSP00000338783,5503
9606.ENSP00000450244,5504
9606.ENSP00000364883,5505
9606.ENSP00000499734,5506
9606.ENSP00000296051,5507
9606.ENSP00000216036,5508
9606.ENSP00000483280,5509
9606.ENSP00000269439,5510
9606.ENSP00000358542,5511
9606.ENSP00000483811,5512
9606.ENSP00000264607,5513
9606.ENSP00000367967,5514
9606.ENSP00000426964,5515
9606.ENSP00000317691,5516
9606.ENSP00000433769,5517
9606.ENSP00000380779,5518
9606.ENSP00000373278,5519
9606.ENSP00000484824,5520
9606.ENSP00000350071,5521
9606.ENSP00000217386,5522
9606.ENSP00000262995,5523
9606.ENSP00000490587,5524
9606.ENSP00000358421,5525
9606.ENSP00000483631,5526
9606.ENSP00000356729,5527
9606.ENSP00000428223,5528
9606.ENSP00000269878,5529
9606.ENSP00000398880,5530
9606.ENSP00000438262,5531
9606.ENSP00000292114,5532
9606.ENSP00000334379,5533
9606.ENSP00000370503,5534
9606.ENSP00000227918,5535
9606.ENSP00000382071,5536
9606.ENSP00000336783,5537
9606.ENSP00000415078,5538
9606.ENSP00000302620,5539
9606.ENSP00000261772,5540
9606.ENSP00000349629,5541
9606.ENSP00000360065,5542
9606.ENSP00000478255,5543
9606.ENSP00000216373,5544
9606.ENSP00000338788,5545
9606.ENSP00000278927,5546
9606.ENSP00000432816,5547
9606.ENSP00000317159,5548
9606.ENSP00000295488,5549
9606.ENSP00000359292,5550
9606.ENSP00000253669,5551
9606.ENSP00000362334,5552
9606.ENSP00000381436,5553
9606.ENSP00000366702,5554
9606.ENSP00000216338,5555
9606.ENSP00000324196,5556
9606.ENSP00000410758,5557
9606.ENSP00000478289,5558
9606.ENSP00000368190,5559
9606.ENSP00000248643,5560
9606.ENSP00000222482,5561
9606.ENSP00000339524,5562
9606.ENSP00000305302,5563
9606.ENSP00000397863,5564
9606.ENSP00000489442,5565
9606.ENSP00000410339,5566
9606.ENSP00000297540,5567
9606.ENSP00000472467,5568
9606.ENSP00000380353,5569
9606.ENSP00000231668,5570
9606.ENSP00000301656,5571
9606.ENSP00000360054,5572
9606.ENSP00000307014,5573
9606.ENSP00000484228,5574
9606.ENSP00000362946,5575
9606.ENSP00000263035,5576
9606.ENSP00000333496,5577
9606.ENSP00000262394,5578
9606.ENSP00000264159,5579
9606.ENSP00000217260,5580
9606.ENSP00000329565,5581
9606.ENSP00000391596,5582
9606.ENSP00000354623,5583
9606.ENSP00000440864,5584
9606.ENSP00000373399,5585
9606.ENSP00000165524,5586
9606.ENSP00000357748,5587
9606.ENSP00000243167,5588
9606.ENSP00000478179,5589
9606.ENSP00000259206,5590
9606.ENSP00000243298,5591
9606.ENSP00000323191,5592
9606.ENSP00000420009,5593
9606.ENSP00000346442,5594
9606.ENSP00000385586,5595
9606.ENSP00000481824,5596
9606.ENSP00000364995,5597
9606.ENSP00000351813,5598
9606.ENSP00000354006,5599
9606.ENSP00000494360,5600
9606.ENSP00000228945,5601
9606.ENSP00000295640,5602
9606.ENSP00000260818,5603
9606.ENSP00000256404,5604
9606.ENSP00000499582,5605
9606.ENSP00000262189,5606
9606.ENSP00000398629,5607
9606.ENSP00000250092,5608
9606.ENSP00000358407,5609
9606.ENSP00000361777,5610
9606.ENSP00000262577,5611
9606.ENSP00000380785,5612
9606.ENSP00000340736,5613
9606.ENSP00000349722,5614
9606.ENSP00000234347,5615
9606.ENSP00000297591,5616
9606.ENSP00000382390,5617
9606.ENSP00000296102,5618
9606.ENSP00000252542,5619
9606.ENSP00000251143,5620
9606.ENSP00000354775,5621
9606.ENSP00000390436,5622
9606.ENSP00000301202,5623
9606.ENSP00000337731,5624
9606.ENSP00000354152,5625
9606.ENSP00000297436,5626
9606.ENSP00000377195,5627
9606.ENSP00000265036,5628
9606.ENSP00000320509,5629
9606.ENSP00000013222,5630
9606.ENSP00000332602,5631
9606.ENSP00000263317,5632
9606.ENSP00000292303,5633
9606.ENSP00000264718,5634
9606.ENSP00000348054,5635
9606.ENSP00000379330,5636
9606.ENSP00000357308,5637
9606.ENSP00000358867,5638
9606.ENSP00000408695,5639
9606.ENSP00000339917,5640
9606.ENSP00000391800,5641
9606.ENSP00000315379,5642
9606.ENSP00000319829,5643
9606.ENSP00000056233,5644
9606.ENSP00000261813,5645
9606.ENSP00000366330,5646
9606.ENSP00000287020,5647
9606.ENSP00000255409,5648
9606.ENSP00000341364,5649
9606.ENSP00000276414,5650
9606.ENSP00000384053,5651
9606.ENSP00000302476,5652
9606.ENSP00000386717,5653
9606.ENSP00000312027,5654
9606.ENSP00000371811,5655
9606.ENSP00000162749,5656
9606.ENSP00000359859,5657
9606.ENSP00000383295,5658
9606.ENSP00000375733,5659
9606.ENSP00000391488,5660
9606.ENSP00000336528,5661
9606.ENSP00000311165,5662
9606.ENSP00000400894,5663
9606.ENSP00000362555,5664
9606.ENSP00000298307,5665
9606.ENSP00000355316,5666
9606.ENSP00000325240,5667
9606.ENSP00000358042,5668
9606.ENSP00000367770,5669
9606.ENSP00000451974,5670
9606.ENSP00000380241,5671
9606.ENSP00000306678,5672
9606.ENSP00000369383,5673
9606.ENSP00000239462,5674
9606.ENSP00000319250,5675
9606.ENSP00000400325,5676
9606.ENSP00000256474,5677
9606.ENSP00000391211,5678
9606.ENSP00000352138,5679
9606.ENSP00000342502,5680
9606.ENSP00000366061,5681
9606.ENSP00000328848,5682
9606.ENSP00000294168,5683
9606.ENSP00000356329,5684
9606.ENSP00000348020,5685
9606.ENSP00000241337,5686
9606.ENSP00000258648,5687
9606.ENSP00000437402,5688
9606.ENSP00000341947,5689
9606.ENSP00000441065,5690
9606.ENSP00000257068,5691
9606.ENSP00000342109,5692
9606.ENSP00000353863,5693
9606.ENSP00000222033,5694
9606.ENSP00000498132,5695
9606.ENSP00000261745,5696
9606.ENSP00000085219,5697
9606.ENSP00000493298,5698
9606.ENSP00000338283,5699
9606.ENSP00000272321,5700
9606.ENSP00000469315,5701
9606.ENSP00000298767,5702
9606.ENSP00000311005,5703
9606.ENSP00000354504,5704
9606.ENSP00000262395,5705
9606.ENSP00000290524,5706
9606.ENSP00000323811,5707
9606.ENSP00000263433,5708
9606.ENSP00000280612,5709
9606.ENSP00000075120,5710
9606.ENSP00000405841,5711
9606.ENSP00000347003,5712
9606.ENSP00000371233,5713
9606.ENSP00000481920,5714
9606.ENSP00000497641,5715
9606.ENSP00000342392,5716
9606.ENSP00000311095,5717
9606.ENSP00000356562,5718
9606.ENSP00000337733,5719
9606.ENSP00000348596,5720
9606.ENSP00000343674,5721
9606.ENSP00000402280,5722
9606.ENSP00000305632,5723
9606.ENSP00000359424,5724
9606.ENSP00000347538,5725
9606.ENSP00000442053,5726
9606.ENSP00000363371,5727
9606.ENSP00000352936,5728
9606.ENSP00000319730,5729
9606.ENSP00000366047,5730
9606.ENSP00000304553,5731
9606.ENSP00000322343,5732
9606.ENSP00000216124,5733
9606.ENSP00000361668,5734
9606.ENSP00000303920,5735
9606.ENSP00000369895,5736
9606.ENSP00000444271,5737
9606.ENSP00000379078,5738
9606.ENSP00000439065,5739
9606.ENSP00000366070,5740
9606.ENSP00000261712,5741
9606.ENSP00000223836,5742
9606.ENSP00000357842,5743
9606.ENSP00000348211,5744
9606.ENSP00000320866,5745
9606.ENSP00000493026,5746
9606.ENSP00000287169,5747
9606.ENSP00000483345,5748
9606.ENSP00000340688,5749
9606.ENSP00000233242,5750
9606.ENSP00000380286,5751
9606.ENSP00000414521,5752
9606.ENSP00000334681,5753
9606.ENSP00000405812,5754
9606.ENSP00000053243,5755
9606.ENSP00000378803,5756
9606.ENSP00000367050,5757
9606.ENSP00000236137,5758
9606.ENSP00000498999,5759
9606.ENSP00000319817,5760
9606.ENSP00000233057,5761
9606.ENSP00000262887,5762
9606.ENSP00000264156,5763
9606.ENSP00000468927,5764
9606.ENSP00000405965,5765
9606.ENSP00000432660,5766
9606.ENSP00000333019,5767
9606.ENSP00000490584,5768
9606.ENSP00000265074,5769
9606.ENSP00000368678,5770
9606.ENSP00000321810,5771
9606.ENSP00000371073,5772
9606.ENSP00000280358,5773
9606.ENSP00000287727,5774
9606.ENSP00000282878,5775
9606.ENSP00000438406,5776
9606.ENSP00000472118,5777
9606.ENSP00000254928,5778
9606.ENSP00000219150,5779
9606.ENSP00000364737,5780
9606.ENSP00000278826,5781
9606.ENSP00000305069,5782
9606.ENSP00000228820,5783
9606.ENSP00000407509,5784
9606.ENSP00000345751,5785
9606.ENSP00000329926,5786
9606.ENSP00000368314,5787
9606.ENSP00000420195,5788
9606.ENSP00000320813,5789
9606.ENSP00000345719,5790
9606.ENSP00000442129,5791
9606.ENSP00000491385,5792
9606.ENSP00000290155,5793
9606.ENSP00000344392,5794
9606.ENSP00000353793,5795
9606.ENSP00000308720,5796
9606.ENSP00000357442,5797
9606.ENSP00000235332,5798
9606.ENSP00000217133,5799
9606.ENSP00000467423,5800
9606.ENSP00000480140,5801
9606.ENSP00000370208,5802
9606.ENSP00000259075,5803
9606.ENSP00000328596,5804
9606.ENSP00000483484,5805
9606.ENSP00000278618,5806
9606.ENSP00000389787,5807
9606.ENSP00000244336,5808
9606.ENSP00000376886,5809
9606.ENSP00000379287,5810
9606.ENSP00000330393,5811
9606.ENSP00000392513,5812
9606.ENSP00000296509,5813
9606.ENSP00000278780,5814
9606.ENSP00000250378,5815
9606.ENSP00000283946,5816
9606.ENSP00000332247,5817
9606.ENSP00000348108,5818
9606.ENSP00000229922,5819
9606.ENSP00000416951,5820
9606.ENSP00000352173,5821
9606.ENSP00000465589,5822
9606.ENSP00000464030,5823
9606.ENSP00000313050,5824
9606.ENSP00000411471,5825
9606.ENSP00000348554,5826
9606.ENSP00000402608,5827
9606.ENSP00000288139,5828
9606.ENSP00000219479,5829
9606.ENSP00000394051,5830
9606.ENSP00000397269,5831
9606.ENSP00000400459,5832
9606.ENSP00000379339,5833
9606.ENSP00000378402,5834
9606.ENSP00000387278,5835
9606.ENSP00000263238,5836
9606.ENSP00000426103,5837
9606.ENSP00000308597,5838
9606.ENSP00000430242,5839
9606.ENSP00000301332,5840
9606.ENSP00000429754,5841
9606.ENSP00000351605,5842
9606.ENSP00000358294,5843
9606.ENSP00000380872,5844
9606.ENSP00000295709,5845
9606.ENSP00000441624,5846
9606.ENSP00000299432,5847
9606.ENSP00000285667,5848
9606.ENSP00000394624,5849
9606.ENSP00000269973,5850
9606.ENSP00000230449,5851
9606.ENSP00000282251,5852
9606.ENSP00000444433,5853
9606.ENSP00000354280,5854
9606.ENSP00000476672,5855
9606.ENSP00000369573,5856
9606.ENSP00000465099,5857
9606.ENSP00000275233,5858
9606.ENSP00000354501,5859
9606.ENSP00000352420,5860
9606.ENSP00000329219,5861
9606.ENSP00000362399,5862
9606.ENSP00000360829,5863
9606.ENSP00000362444,5864
9606.ENSP00000367938,5865
9606.ENSP00000288937,5866
9606.ENSP00000373328,5867
9606.ENSP00000297135,5868
9606.ENSP00000378487,5869
9606.ENSP00000252602,5870
9606.ENSP00000302548,5871
9606.ENSP00000482647,5872
9606.ENSP00000222330,5873
9606.ENSP00000323300,5874
9606.ENSP00000419923,5875
9606.ENSP00000353245,5876
9606.ENSP00000311035,5877
9606.ENSP00000359370,5878
9606.ENSP00000381448,5879
9606.ENSP00000420641,5880
9606.ENSP00000345055,5881
9606.ENSP00000353516,5882
9606.ENSP00000221847,5883
9606.ENSP00000417601,5884
9606.ENSP00000472109,5885
9606.ENSP00000395535,5886
9606.ENSP00000325827,5887
9606.ENSP00000480476,5888
9606.ENSP00000367030,5889
9606.ENSP00000263997,5890
9606.ENSP00000340454,5891
9606.ENSP00000263092,5892
9606.ENSP00000284856,5893
9606.ENSP00000376306,5894
9606.ENSP00000376840,5895
9606.ENSP00000281031,5896
9606.ENSP00000349678,5897
9606.ENSP00000438689,5898
9606.ENSP00000360777,5899
9606.ENSP00000359864,5900
9606.ENSP00000368637,5901
9606.ENSP00000384848,5902
9606.ENSP00000355866,5903
9606.ENSP00000308546,5904
9606.ENSP00000360216,5905
9606.ENSP00000480851,5906
9606.ENSP00000364855,5907
9606.ENSP00000333401,5908
9606.ENSP00000418735,5909
9606.ENSP00000362401,5910
9606.ENSP00000365924,5911
9606.ENSP00000360821,5912
9606.ENSP00000386331,5913
9606.ENSP00000264218,5914
9606.ENSP00000265195,5915
9606.ENSP00000361107,5916
9606.ENSP00000310631,5917
9606.ENSP00000006053,5918
9606.ENSP00000365851,5919
9606.ENSP00000262133,5920
9606.ENSP00000348299,5921
9606.ENSP00000350359,5922
9606.ENSP00000344446,5923
9606.ENSP00000225576,5924
9606.ENSP00000496577,5925
9606.ENSP00000375629,5926
9606.ENSP00000380856,5927
9606.ENSP00000493333,5928
9606.ENSP00000428184,5929
9606.ENSP00000421965,5930
9606.ENSP00000477455,5931
9606.ENSP00000373948,5932
9606.ENSP00000396749,5933
9606.ENSP00000399588,5934
9606.ENSP00000419313,5935
9606.ENSP00000334216,5936
9606.ENSP00000343867,5937
9606.ENSP00000246914,5938
9606.ENSP00000243578,5939
9606.ENSP00000247970,5940
9606.ENSP00000394496,5941
9606.ENSP00000392025,5942
9606.ENSP00000333887,5943
9606.ENSP00000325638,5944
9606.ENSP00000264344,5945
9606.ENSP00000256319,5946
9606.ENSP00000387662,5947
9606.ENSP00000262043,5948
9606.ENSP00000277632,5949
9606.ENSP00000250056,5950
9606.ENSP00000219476,5951
9606.ENSP00000446054,5952
9606.ENSP00000386896,5953
9606.ENSP00000382250,5954
9606.ENSP00000360608,5955
9606.ENSP00000299459,5956
9606.ENSP00000278823,5957
9606.ENSP00000404833,5958
9606.ENSP00000224862,5959
9606.ENSP00000279441,5960
9606.ENSP00000338766,5961
9606.ENSP00000246105,5962
9606.ENSP00000336887,5963
9606.ENSP00000484237,5964
9606.ENSP00000411070,5965
9606.ENSP00000262962,5966
9606.ENSP00000306822,5967
9606.ENSP00000303070,5968
9606.ENSP00000462729,5969
9606.ENSP00000363308,5970
9606.ENSP00000302234,5971
9606.ENSP00000239347,5972
9606.ENSP00000363794,5973
9606.ENSP00000309749,5974
9606.ENSP00000406861,5975
9606.ENSP00000472808,5976
9606.ENSP00000458762,5977
9606.ENSP00000258381,5978
9606.ENSP00000380421,5979
9606.ENSP00000468007,5980
9606.ENSP00000331746,5981
9606.ENSP00000498556,5982
9606.ENSP00000354691,5983
9606.ENSP00000360530,5984
9606.ENSP00000358921,5985
9606.ENSP00000282516,5986
9606.ENSP00000240316,5987
9606.ENSP00000289547,5988
9606.ENSP00000261858,5989
9606.ENSP00000370055,5990
9606.ENSP00000359310,5991
9606.ENSP00000378611,5992
9606.ENSP00000370254,5993
9606.ENSP00000363826,5994
9606.ENSP00000283351,5995
9606.ENSP00000489630,5996
9606.ENSP00000496494,5997
9606.ENSP00000377969,5998
9606.ENSP00000321826,5999
9606.ENSP00000387266,6000
9606.ENSP00000315768,6001
9606.ENSP00000314484,6002
9606.ENSP00000438273,6003
9606.ENSP00000237201,6004
9606.ENSP00000377836,6005
9606.ENSP00000379866,6006
9606.ENSP00000483872,6007
9606.ENSP00000427552,6008
9606.ENSP00000377508,6009
9606.ENSP00000320247,6010
9606.ENSP00000025008,6011
9606.ENSP00000375882,6012
9606.ENSP00000357564,6013
9606.ENSP00000252229,6014
9606.ENSP00000360797,6015
9606.ENSP00000378485,6016
9606.ENSP00000260210,6017
9606.ENSP00000492441,6018
9606.ENSP00000328938,6019
9606.ENSP00000305603,6020
9606.ENSP00000438204,6021
9606.ENSP00000374507,6022
9606.ENSP00000448035,6023
9606.ENSP00000380888,6024
9606.ENSP00000329858,6025
9606.ENSP00000297431,6026
9606.ENSP00000341905,6027
9606.ENSP00000357740,6028
9606.ENSP00000271971,6029
9606.ENSP00000363313,6030
9606.ENSP00000411152,6031
9606.ENSP00000262483,6032
9606.ENSP00000242208,6033
9606.ENSP00000376822,6034
9606.ENSP00000388293,6035
9606.ENSP00000356560,6036
9606.ENSP00000357769,6037
9606.ENSP00000355652,6038
9606.ENSP00000369299,6039
9606.ENSP00000375795,6040
9606.ENSP00000485401,6041
9606.ENSP00000215885,6042
9606.ENSP00000321195,6043
9606.ENSP00000378365,6044
9606.ENSP00000361084,6045
9606.ENSP00000222139,6046
9606.ENSP00000435648,6047
9606.ENSP00000345808,6048
9606.ENSP00000363286,6049
9606.ENSP00000233735,6050
9606.ENSP00000386419,6051
9606.ENSP00000495855,6052
9606.ENSP00000262103,6053
9606.ENSP00000401764,6054
9606.ENSP00000480514,6055
9606.ENSP00000227474,6056
9606.ENSP00000380605,6057
9606.ENSP00000461784,6058
9606.ENSP00000377796,6059
9606.ENSP00000383301,6060
9606.ENSP00000260385,6061
9606.ENSP00000442795,6062
9606.ENSP00000439467,6063
9606.ENSP00000499089,6064
9606.ENSP00000371724,6065
9606.ENSP00000369897,6066
9606.ENSP00000326170,6067
9606.ENSP00000307260,6068
9606.ENSP00000379802,6069
9606.ENSP00000243776,6070
9606.ENSP00000356790,6071
9606.ENSP00000284503,6072
9606.ENSP00000318770,6073
9606.ENSP00000263202,6074
9606.ENSP00000325296,6075
9606.ENSP00000323355,6076
9606.ENSP00000296777,6077
9606.ENSP00000352264,6078
9606.ENSP00000170168,6079
9606.ENSP00000497510,6080
9606.ENSP00000324510,6081
9606.ENSP00000472836,6082
9606.ENSP00000302599,6083
9606.ENSP00000350132,6084
9606.ENSP00000321424,6085
9606.ENSP00000341911,6086
9606.ENSP00000261868,6087
9606.ENSP00000321348,6088
9606.ENSP00000287143,6089
9606.ENSP00000350310,6090
9606.ENSP00000261707,6091
9606.ENSP00000350386,6092
9606.ENSP00000307292,6093
9606.ENSP00000410769,6094
9606.ENSP00000377617,6095
9606.ENSP00000336571,6096
9606.ENSP00000314299,6097
9606.ENSP00000493181,6098
9606.ENSP00000432886,6099
9606.ENSP00000469863,6100
9606.ENSP00000480637,6101
9606.ENSP00000413697,6102
9606.ENSP00000401508,6103
9606.ENSP00000397925,6104
9606.ENSP00000420213,6105
9606.ENSP00000263694,6106
9606.ENSP00000347916,6107
9606.ENSP00000348010,6108
9606.ENSP00000233893,6109
9606.ENSP00000453750,6110
9606.ENSP00000497997,6111
9606.ENSP00000372042,6112
9606.ENSP00000399968,6113
9606.ENSP00000316909,6114
9606.ENSP00000401980,6115
9606.ENSP00000384615,6116
9606.ENSP00000438071,6117
9606.ENSP00000483117,6118
9606.ENSP00000376167,6119
9606.ENSP00000456226,6120
9606.ENSP00000384716,6121
9606.ENSP00000174618,6122
9606.ENSP00000333037,6123
9606.ENSP00000224652,6124
9606.ENSP00000410242,6125
9606.ENSP00000270225,6126
9606.ENSP00000334644,6127
9606.ENSP00000215565,6128
9606.ENSP00000371802,6129
9606.ENSP00000423390,6130
9606.ENSP00000366416,6131
9606.ENSP00000369139,6132
9606.ENSP00000390011,6133
9606.ENSP00000312599,6134
9606.ENSP00000337701,6135
9606.ENSP00000219097,6136
9606.ENSP00000497569,6137
9606.ENSP00000354458,6138
9606.ENSP00000391788,6139
9606.ENSP00000375951,6140
9606.ENSP00000297494,6141
9606.ENSP00000430620,6142
9606.ENSP00000353575,6143
9606.ENSP00000216832,6144
9606.ENSP00000465894,6145
9606.ENSP00000386862,6146
9606.ENSP00000305974,6147
9606.ENSP00000367433,6148
9606.ENSP00000353512,6149
9606.ENSP00000375881,6150
9606.ENSP00000396345,6151
9606.ENSP00000348496,6152
9606.ENSP00000430494,6153
9606.ENSP00000376776,6154
9606.ENSP00000251303,6155
9606.ENSP00000351642,6156
9606.ENSP00000244241,6157
9606.ENSP00000361662,6158
9606.ENSP00000346577,6159
9606.ENSP00000470123,6160
9606.ENSP00000332805,6161
9606.ENSP00000272286,6162
9606.ENSP00000281950,6163
9606.ENSP00000498336,6164
9606.ENSP00000299698,6165
9606.ENSP00000429931,6166
9606.ENSP00000384610,6167
9606.ENSP00000216185,6168
9606.ENSP00000311825,6169
9606.ENSP00000361930,6170
9606.ENSP00000467931,6171
9606.ENSP00000382697,6172
9606.ENSP00000428756,6173
9606.ENSP00000334941,6174
9606.ENSP00000369860,6175
9606.ENSP00000259895,6176
9606.ENSP00000354791,6177
9606.ENSP00000482202,6178
9606.ENSP00000485661,6179
9606.ENSP00000353331,6180
9606.ENSP00000414321,6181
9606.ENSP00000367316,6182
9606.ENSP00000399718,6183
9606.ENSP00000216807,6184
9606.ENSP00000389383,6185
9606.ENSP00000285379,6186
9606.ENSP00000442920,6187
9606.ENSP00000355421,6188
9606.ENSP00000498382,6189
9606.ENSP00000428263,6190
9606.ENSP00000449756,6191
9606.ENSP00000169551,6192
9606.ENSP00000362205,6193
9606.ENSP00000392828,6194
9606.ENSP00000216277,6195
9606.ENSP00000385415,6196
9606.ENSP00000362730,6197
9606.ENSP00000333667,6198
9606.ENSP00000355185,6199
9606.ENSP00000295228,6200
9606.ENSP00000376419,6201
9606.ENSP00000498653,6202
9606.ENSP00000378324,6203
9606.ENSP00000324842,6204
9606.ENSP00000362924,6205
9606.ENSP00000347714,6206
9606.ENSP00000251127,6207
9606.ENSP00000358547,6208
9606.ENSP00000343891,6209
9606.ENSP00000225609,6210
9606.ENSP00000316782,6211
9606.ENSP00000394331,6212
9606.ENSP00000424565,6213
9606.ENSP00000395793,6214
9606.ENSP00000326261,6215
9606.ENSP00000265598,6216
9606.ENSP00000305906,6217
9606.ENSP00000357858,6218
9606.ENSP00000475028,6219
9606.ENSP00000265094,6220
9606.ENSP00000355251,6221
9606.ENSP00000380185,6222
9606.ENSP00000387123,6223
9606.ENSP00000389998,6224
9606.ENSP00000465765,6225
9606.ENSP00000381588,6226
9606.ENSP00000044462,6227
9606.ENSP00000363055,6228
9606.ENSP00000366265,6229
9606.ENSP00000349324,6230
9606.ENSP00000406490,6231
9606.ENSP00000317431,6232
9606.ENSP00000381098,6233
9606.ENSP00000267845,6234
9606.ENSP00000175756,6235
9606.ENSP00000333896,6236
9606.ENSP00000362058,6237
9606.ENSP00000364486,6238
9606.ENSP00000363492,6239
9606.ENSP00000389810,6240
9606.ENSP00000326759,6241
9606.ENSP00000363103,6242
9606.ENSP00000381949,6243
9606.ENSP00000462468,6244
9606.ENSP00000315137,6245
9606.ENSP00000226284,6246
9606.ENSP00000302100,6247
9606.ENSP00000493900,6248
9606.ENSP00000387282,6249
9606.ENSP00000324463,6250
9606.ENSP00000217026,6251
9606.ENSP00000354876,6252
9606.ENSP00000315654,6253
9606.ENSP00000387164,6254
9606.ENSP00000345824,6255
9606.ENSP00000485525,6256
9606.ENSP00000275364,6257
9606.ENSP00000370214,6258
9606.ENSP00000254436,6259
9606.ENSP00000282074,6260
9606.ENSP00000296518,6261
9606.ENSP00000483424,6262
9606.ENSP00000359392,6263
9606.ENSP00000218008,6264
9606.ENSP00000290573,6265
9606.ENSP00000393559,6266
9606.ENSP00000377941,6267
9606.ENSP00000375109,6268
9606.ENSP00000385143,6269
9606.ENSP00000264828,6270
9606.ENSP00000248306,6271
9606.ENSP00000412209,6272
9606.ENSP00000380093,6273
9606.ENSP00000268876,6274
9606.ENSP00000486676,6275
9606.ENSP00000358149,6276
9606.ENSP00000361423,6277
9606.ENSP00000325548,6278
9606.ENSP00000383199,6279
9606.ENSP00000354478,6280
9606.ENSP00000359398,6281
9606.ENSP00000356989,6282
9606.ENSP00000264080,6283
9606.ENSP00000259782,6284
9606.ENSP00000353767,6285
9606.ENSP00000209873,6286
9606.ENSP00000376432,6287
9606.ENSP00000371070,6288
9606.ENSP00000427004,6289
9606.ENSP00000285402,6290
9606.ENSP00000305692,6291
9606.ENSP00000240189,6292
9606.ENSP00000216802,6293
9606.ENSP00000457168,6294
9606.ENSP00000386380,6295
9606.ENSP00000500695,6296
9606.ENSP00000496129,6297
9606.ENSP00000440125,6298
9606.ENSP00000311684,6299
9606.ENSP00000368459,6300
9606.ENSP00000218516,6301
9606.ENSP00000262958,6302
9606.ENSP00000431759,6303
9606.ENSP00000261921,6304
9606.ENSP00000263062,6305
9606.ENSP00000299697,6306
9606.ENSP00000301522,6307
9606.ENSP00000425759,6308
9606.ENSP00000285735,6309
9606.ENSP00000357047,6310
9606.ENSP00000225614,6311
9606.ENSP00000376349,6312
9606.ENSP00000466121,6313
9606.ENSP00000376919,6314
9606.ENSP00000308479,6315
9606.ENSP00000260803,6316
9606.ENSP00000261200,6317
9606.ENSP00000257829,6318
9606.ENSP00000300231,6319
9606.ENSP00000360715,6320
9606.ENSP00000297107,6321
9606.ENSP00000464275,6322
9606.ENSP00000396068,6323
9606.ENSP00000296785,6324
9606.ENSP00000283147,6325
9606.ENSP00000310042,6326
9606.ENSP00000412733,6327
9606.ENSP00000391090,6328
9606.ENSP00000311405,6329
9606.ENSP00000376453,6330
9606.ENSP00000409666,6331
9606.ENSP00000480680,6332
9606.ENSP00000424501,6333
9606.ENSP00000470176,6334
9606.ENSP00000365116,6335
9606.ENSP00000356191,6336
9606.ENSP00000293825,6337
9606.ENSP00000437532,6338
9606.ENSP00000381654,6339
9606.ENSP00000372210,6340
9606.ENSP00000362759,6341
9606.ENSP00000317379,6342
9606.ENSP00000330200,6343
9606.ENSP00000268835,6344
9606.ENSP00000265431,6345
9606.ENSP00000368710,6346
9606.ENSP00000499655,6347
9606.ENSP00000314807,6348
9606.ENSP00000412752,6349
9606.ENSP00000378517,6350
9606.ENSP00000324020,6351
9606.ENSP00000220003,6352
9606.ENSP00000365663,6353
9606.ENSP00000355629,6354
9606.ENSP00000428657,6355
9606.ENSP00000310722,6356
9606.ENSP00000327889,6357
9606.ENSP00000307479,6358
9606.ENSP00000222547,6359
9606.ENSP00000483059,6360
9606.ENSP00000304290,6361
9606.ENSP00000365351,6362
9606.ENSP00000226444,6363
9606.ENSP00000259631,6364
9606.ENSP00000406674,6365
9606.ENSP00000394033,6366
9606.ENSP00000264377,6367
9606.ENSP00000263239,6368
9606.ENSP00000281154,6369
9606.ENSP00000265073,6370
9606.ENSP00000301391,6371
9606.ENSP00000349954,6372
9606.ENSP00000478220,6373
9606.ENSP00000353104,6374
9606.ENSP00000384109,6375
9606.ENSP00000297268,6376
9606.ENSP00000270142,6377
9606.ENSP00000430282,6378
9606.ENSP00000343526,6379
9606.ENSP00000283632,6380
9606.ENSP00000426548,6381
9606.ENSP00000444736,6382
9606.ENSP00000303424,6383
9606.ENSP00000449795,6384
9606.ENSP00000371221,6385
9606.ENSP00000392936,6386
9606.ENSP00000247470,6387
9606.ENSP00000355141,6388
9606.ENSP00000255390,6389
9606.ENSP00000273853,6390
9606.ENSP00000319240,6391
9606.ENSP00000311899,6392
9606.ENSP00000264595,6393
9606.ENSP00000473444,6394
9606.ENSP00000358747,6395
9606.ENSP00000354952,6396
9606.ENSP00000314649,6397
9606.ENSP00000297261,6398
9606.ENSP00000494087,6399
9606.ENSP00000360762,6400
9606.ENSP00000449404,6401
9606.ENSP00000398832,6402
9606.ENSP00000257787,6403
9606.ENSP00000356107,6404
9606.ENSP00000221978,6405
9606.ENSP00000263579,6406
9606.ENSP00000361214,6407
9606.ENSP00000292401,6408
9606.ENSP00000334187,6409
9606.ENSP00000359665,6410
9606.ENSP00000222271,6411
9606.ENSP00000215637,6412
9606.ENSP00000484668,6413
9606.ENSP00000358953,6414
9606.ENSP00000500374,6415
9606.ENSP00000326693,6416
9606.ENSP00000481029,6417
9606.ENSP00000332772,6418
9606.ENSP00000326219,6419
9606.ENSP00000266557,6420
9606.ENSP00000331487,6421
9606.ENSP00000385452,6422
9606.ENSP00000367407,6423
9606.ENSP00000363405,6424
9606.ENSP00000501259,6425
9606.ENSP00000341940,6426
9606.ENSP00000323264,6427
9606.ENSP00000352021,6428
9606.ENSP00000163416,6429
9606.ENSP00000340373,6430
9606.ENSP00000349244,6431
9606.ENSP00000324404,6432
9606.ENSP00000360689,6433
9606.ENSP00000210633,6434
9606.ENSP00000337122,6435
9606.ENSP00000443256,6436
9606.ENSP00000369774,6437
9606.ENSP00000327608,6438
9606.ENSP00000477870,6439
9606.ENSP00000354721,6440
9606.ENSP00000398824,6441
9606.ENSP00000306528,6442
9606.ENSP00000287538,6443
9606.ENSP00000401277,6444
9606.ENSP00000323275,6445
9606.ENSP00000468304,6446
9606.ENSP00000366109,6447
9606.ENSP00000347532,6448
9606.ENSP00000380401,6449
9606.ENSP00000262640,6450
9606.ENSP00000284136,6451
9606.ENSP00000300873,6452
9606.ENSP00000355627,6453
9606.ENSP00000359077,6454
9606.ENSP00000309198,6455
9606.ENSP00000297142,6456
9606.ENSP00000348132,6457
9606.ENSP00000427802,6458
9606.ENSP00000355022,6459
9606.ENSP00000222792,6460
9606.ENSP00000264360,6461
9606.ENSP00000493623,6462
9606.ENSP00000314348,6463
9606.ENSP00000466009,6464
9606.ENSP00000284245,6465
9606.ENSP00000296503,6466
9606.ENSP00000322251,6467
9606.ENSP00000299299,6468
9606.ENSP00000295756,6469
9606.ENSP00000439228,6470
9606.ENSP00000295201,6471
9606.ENSP00000438038,6472
9606.ENSP00000464121,6473
9606.ENSP00000476480,6474
9606.ENSP00000333934,6475
9606.ENSP00000381698,6476
9606.ENSP00000369318,6477
9606.ENSP00000364293,6478
9606.ENSP00000258886,6479
9606.ENSP00000382953,6480
9606.ENSP00000354461,6481
9606.ENSP00000286733,6482
9606.ENSP00000385428,6483
9606.ENSP00000232607,6484
9606.ENSP00000262105,6485
9606.ENSP00000329033,6486
9606.ENSP00000264926,6487
9606.ENSP00000287482,6488
9606.ENSP00000295379,6489
9606.ENSP00000420176,6490
9606.ENSP00000461947,6491
9606.ENSP00000354080,6492
9606.ENSP00000357981,6493
9606.ENSP00000235349,6494
9606.ENSP00000370345,6495
9606.ENSP00000360379,6496
9606.ENSP00000480750,6497
9606.ENSP00000296328,6498
9606.ENSP00000381740,6499
9606.ENSP00000429633,6500
9606.ENSP00000325681,6501
9606.ENSP00000306887,6502
9606.ENSP00000376457,6503
9606.ENSP00000391457,6504
9606.ENSP00000368528,6505
9606.ENSP00000364277,6506
9606.ENSP00000430031,6507
9606.ENSP00000252934,6508
9606.ENSP00000310226,6509
9606.ENSP00000493218,6510
9606.ENSP00000351380,6511
9606.ENSP00000363043,6512
9606.ENSP00000313600,6513
9606.ENSP00000286955,6514
9606.ENSP00000242104,6515
9606.ENSP00000364765,6516
9606.ENSP00000356713,6517
9606.ENSP00000351475,6518
9606.ENSP00000369210,6519
9606.ENSP00000339017,6520
9606.ENSP00000434466,6521
9606.ENSP00000290277,6522
9606.ENSP00000225728,6523
9606.ENSP00000407822,6524
9606.ENSP00000357452,6525
9606.ENSP00000234195,6526
9606.ENSP00000421710,6527
9606.ENSP00000496713,6528
9606.ENSP00000364683,6529
9606.ENSP00000282570,6530
9606.ENSP00000364235,6531
9606.ENSP00000401947,6532
9606.ENSP00000381823,6533
9606.ENSP00000415536,6534
9606.ENSP00000399805,6535
9606.ENSP00000478024,6536
9606.ENSP00000388940,6537
9606.ENSP00000358865,6538
9606.ENSP00000342755,6539
9606.ENSP00000352678,6540
9606.ENSP00000427514,6541
9606.ENSP00000466259,6542
9606.ENSP00000459439,6543
9606.ENSP00000436455,6544
9606.ENSP00000359571,6545
9606.ENSP00000381911,6546
9606.ENSP00000371037,6547
9606.ENSP00000218249,6548
9606.ENSP00000359488,6549
9606.ENSP00000368127,6550
9606.ENSP00000221992,6551
9606.ENSP00000325526,6552
9606.ENSP00000457205,6553
9606.ENSP00000343657,6554
9606.ENSP00000367608,6555
9606.ENSP00000481622,6556
9606.ENSP00000263168,6557
9606.ENSP00000228506,6558
9606.ENSP00000216139,6559
9606.ENSP00000303206,6560
9606.ENSP00000449026,6561
9606.ENSP00000259698,6562
9606.ENSP00000248564,6563
9606.ENSP00000274063,6564
9606.ENSP00000221498,6565
9606.ENSP00000484580,6566
9606.ENSP00000377446,6567
9606.ENSP00000373477,6568
9606.ENSP00000352167,6569
9606.ENSP00000265748,6570
9606.ENSP00000373194,6571
9606.ENSP00000251646,6572
9606.ENSP00000265709,6573
9606.ENSP00000384794,6574
9606.ENSP00000379025,6575
9606.ENSP00000416015,6576
9606.ENSP00000325634,6577
9606.ENSP00000262507,6578
9606.ENSP00000252655,6579
9606.ENSP00000437616,6580
9606.ENSP00000368771,6581
9606.ENSP00000346694,6582
9606.ENSP00000333919,6583
9606.ENSP00000245923,6584
9606.ENSP00000386125,6585
9606.ENSP00000303511,6586
9606.ENSP00000265753,6587
9606.ENSP00000371798,6588
9606.ENSP00000463574,6589
9606.ENSP00000482760,6590
9606.ENSP00000242505,6591
9606.ENSP00000341208,6592
9606.ENSP00000279168,6593
9606.ENSP00000360597,6594
9606.ENSP00000297029,6595
9606.ENSP00000386439,6596
9606.ENSP00000382218,6597
9606.ENSP00000326981,6598
9606.ENSP00000356959,6599
9606.ENSP00000365770,6600
9606.ENSP00000266269,6601
9606.ENSP00000222574,6602
9606.ENSP00000327251,6603
9606.ENSP00000230640,6604
9606.ENSP00000295522,6605
9606.ENSP00000342278,6606
9606.ENSP00000430236,6607
9606.ENSP00000359073,6608
9606.ENSP00000497737,6609
9606.ENSP00000370150,6610
9606.ENSP00000243056,6611
9606.ENSP00000245185,6612
9606.ENSP00000376307,6613
9606.ENSP00000355167,6614
9606.ENSP00000367848,6615
9606.ENSP00000333845,6616
9606.ENSP00000380460,6617
9606.ENSP00000343290,6618
9606.ENSP00000331313,6619
9606.ENSP00000421981,6620
9606.ENSP00000222747,6621
9606.ENSP00000270502,6622
9606.ENSP00000261880,6623
9606.ENSP00000341680,6624
9606.ENSP00000455561,6625
9606.ENSP00000474385,6626
9606.ENSP00000379430,6627
9606.ENSP00000377245,6628
9606.ENSP00000367841,6629
9606.ENSP00000371472,6630
9606.ENSP00000363840,6631
9606.ENSP00000405327,6632
9606.ENSP00000283268,6633
9606.ENSP00000496438,6634
9606.ENSP00000370966,6635
9606.ENSP00000307181,6636
9606.ENSP00000314444,6637
9606.ENSP00000252456,6638
9606.ENSP00000274353,6639
9606.ENSP00000419060,6640
9606.ENSP00000359018,6641
9606.ENSP00000337053,6642
9606.ENSP00000351407,6643
9606.ENSP00000264834,6644
9606.ENSP00000221485,6645
9606.ENSP00000401145,6646
9606.ENSP00000363869,6647
9606.ENSP00000302625,6648
9606.ENSP00000342981,6649
9606.ENSP00000349459,6650
9606.ENSP00000369553,6651
9606.ENSP00000297613,6652
9606.ENSP00000327459,6653
9606.ENSP00000479580,6654
9606.ENSP00000375778,6655
9606.ENSP00000377298,6656
9606.ENSP00000257312,6657
9606.ENSP00000464359,6658
9606.ENSP00000368305,6659
9606.ENSP00000356584,6660
9606.ENSP00000402758,6661
9606.ENSP00000239440,6662
9606.ENSP00000258198,6663
9606.ENSP00000429808,6664
9606.ENSP00000274255,6665
9606.ENSP00000337425,6666
9606.ENSP00000468348,6667
9606.ENSP00000295225,6668
9606.ENSP00000258829,6669
9606.ENSP00000272452,6670
9606.ENSP00000275216,6671
9606.ENSP00000280190,6672
9606.ENSP00000430024,6673
9606.ENSP00000221700,6674
9606.ENSP00000296484,6675
9606.ENSP00000352536,6676
9606.ENSP00000268802,6677
9606.ENSP00000320147,6678
9606.ENSP00000279227,6679
9606.ENSP00000307156,6680
9606.ENSP00000456500,6681
9606.ENSP00000353030,6682
9606.ENSP00000318868,6683
9606.ENSP00000301012,6684
9606.ENSP00000334437,6685
9606.ENSP00000371475,6686
9606.ENSP00000379975,6687
9606.ENSP00000371532,6688
9606.ENSP00000419475,6689
9606.ENSP00000470560,6690
9606.ENSP00000303148,6691
9606.ENSP00000350676,6692
9606.ENSP00000420875,6693
9606.ENSP00000354218,6694
9606.ENSP00000495061,6695
9606.ENSP00000301464,6696
9606.ENSP00000402457,6697
9606.ENSP00000419449,6698
9606.ENSP00000332771,6699
9606.ENSP00000458770,6700
9606.ENSP00000421172,6701
9606.ENSP00000254301,6702
9606.ENSP00000291568,6703
9606.ENSP00000405210,6704
9606.ENSP00000303580,6705
9606.ENSP00000292539,6706
9606.ENSP00000261037,6707
9606.ENSP00000498512,6708
9606.ENSP00000374399,6709
9606.ENSP00000241052,6710
9606.ENSP00000252250,6711
9606.ENSP00000368358,6712
9606.ENSP00000300574,6713
9606.ENSP00000376855,6714
9606.ENSP00000359663,6715
9606.ENSP00000468425,6716
9606.ENSP00000209929,6717
9606.ENSP00000418767,6718
9606.ENSP00000362873,6719
9606.ENSP00000414670,6720
9606.ENSP00000290208,6721
9606.ENSP00000306461,6722
9606.ENSP00000457788,6723
9606.ENSP00000225328,6724
9606.ENSP00000463154,6725
9606.ENSP00000379217,6726
9606.ENSP00000342710,6727
9606.ENSP00000309830,6728
9606.ENSP00000477796,6729
9606.ENSP00000327763,6730
9606.ENSP00000361998,6731
9606.ENSP00000433343,6732
9606.ENSP00000251993,6733
9606.ENSP00000439937,6734
9606.ENSP00000342307,6735
9606.ENSP00000216361,6736
9606.ENSP00000367815,6737
9606.ENSP00000261692,6738
9606.ENSP00000345193,6739
9606.ENSP00000012049,6740
9606.ENSP00000362734,6741
9606.ENSP00000439985,6742
9606.ENSP00000417602,6743
9606.ENSP00000330658,6744
9606.ENSP00000483125,6745
9606.ENSP00000471735,6746
9606.ENSP00000363081,6747
9606.ENSP00000415822,6748
9606.ENSP00000313691,6749
9606.ENSP00000199708,6750
9606.ENSP00000326424,6751
9606.ENSP00000327268,6752
9606.ENSP00000376800,6753
9606.ENSP00000381231,6754
9606.ENSP00000380281,6755
9606.ENSP00000386840,6756
9606.ENSP00000263265,6757
9606.ENSP00000295082,6758
9606.ENSP00000268717,6759
9606.ENSP00000260762,6760
9606.ENSP00000375236,6761
9606.ENSP00000475489,6762
9606.ENSP00000301891,6763
9606.ENSP00000288221,6764
9606.ENSP00000339634,6765
9606.ENSP00000334564,6766
9606.ENSP00000429190,6767
9606.ENSP00000297354,6768
9606.ENSP00000322716,6769
9606.ENSP00000377665,6770
9606.ENSP00000449328,6771
9606.ENSP00000229390,6772
9606.ENSP00000295050,6773
9606.ENSP00000474861,6774
9606.ENSP00000268719,6775
9606.ENSP00000249016,6776
9606.ENSP00000359233,6777
9606.ENSP00000457421,6778
9606.ENSP00000325266,6779
9606.ENSP00000257248,6780
9606.ENSP00000211122,6781
9606.ENSP00000334100,6782
9606.ENSP00000269856,6783
9606.ENSP00000450456,6784
9606.ENSP00000395281,6785
9606.ENSP00000361626,6786
9606.ENSP00000465356,6787
9606.ENSP00000350012,6788
9606.ENSP00000384744,6789
9606.ENSP00000221797,6790
9606.ENSP00000357835,6791
9606.ENSP00000343103,6792
9606.ENSP00000396467,6793
9606.ENSP00000436604,6794
9606.ENSP00000354476,6795
9606.ENSP00000407323,6796
9606.ENSP00000320246,6797
9606.ENSP00000287844,6798
9606.ENSP00000309565,6799
9606.ENSP00000314129,6800
9606.ENSP00000202967,6801
9606.ENSP00000393324,6802
9606.ENSP00000264042,6803
9606.ENSP00000407613,6804
9606.ENSP00000339001,6805
9606.ENSP00000225275,6806
9606.ENSP00000262768,6807
9606.ENSP00000287437,6808
9606.ENSP00000311697,6809
9606.ENSP00000398596,6810
9606.ENSP00000360190,6811
9606.ENSP00000273666,6812
9606.ENSP00000250416,6813
9606.ENSP00000446335,6814
9606.ENSP00000374265,6815
9606.ENSP00000403888,6816
9606.ENSP00000380638,6817
9606.ENSP00000363216,6818
9606.ENSP00000375428,6819
9606.ENSP00000355315,6820
9606.ENSP00000272520,6821
9606.ENSP00000481575,6822
9606.ENSP00000360317,6823
9606.ENSP00000433642,6824
9606.ENSP00000253968,6825
9606.ENSP00000341165,6826
9606.ENSP00000307423,6827
9606.ENSP00000378207,6828
9606.ENSP00000324511,6829
9606.ENSP00000318697,6830
9606.ENSP00000355996,6831
9606.ENSP00000257909,6832
9606.ENSP00000254854,6833
9606.ENSP00000320176,6834
9606.ENSP00000385019,6835
9606.ENSP00000381036,6836
9606.ENSP00000289788,6837
9606.ENSP00000266732,6838
9606.ENSP00000254624,6839
9606.ENSP00000476815,6840
9606.ENSP00000261435,6841
9606.ENSP00000382708,6842
9606.ENSP00000296420,6843
9606.ENSP00000280701,6844
9606.ENSP00000364709,6845
9606.ENSP00000254846,6846
9606.ENSP00000263629,6847
9606.ENSP00000375632,6848
9606.ENSP00000349748,6849
9606.ENSP00000262300,6850
9606.ENSP00000483523,6851
9606.ENSP00000389277,6852
9606.ENSP00000423333,6853
9606.ENSP00000294785,6854
9606.ENSP00000471454,6855
9606.ENSP00000459551,6856
9606.ENSP00000334472,6857
9606.ENSP00000257017,6858
9606.ENSP00000485513,6859
9606.ENSP00000378313,6860
9606.ENSP00000372295,6861
9606.ENSP00000244007,6862
9606.ENSP00000384214,6863
9606.ENSP00000312774,6864
9606.ENSP00000340982,6865
9606.ENSP00000220478,6866
9606.ENSP00000297350,6867
9606.ENSP00000369349,6868
9606.ENSP00000339260,6869
9606.ENSP00000385714,6870
9606.ENSP00000300131,6871
9606.ENSP00000333833,6872
9606.ENSP00000252595,6873
9606.ENSP00000370750,6874
9606.ENSP00000450482,6875
9606.ENSP00000252037,6876
9606.ENSP00000498596,6877
9606.ENSP00000363929,6878
9606.ENSP00000373854,6879
9606.ENSP00000384708,6880
9606.ENSP00000255152,6881
9606.ENSP00000284727,6882
9606.ENSP00000367880,6883
9606.ENSP00000362222,6884
9606.ENSP00000280350,6885
9606.ENSP00000496168,6886
9606.ENSP00000216099,6887
9606.ENSP00000282146,6888
9606.ENSP00000351113,6889
9606.ENSP00000256151,6890
9606.ENSP00000496184,6891
9606.ENSP00000446280,6892
9606.ENSP00000309116,6893
9606.ENSP00000498665,6894
9606.ENSP00000496959,6895
9606.ENSP00000238146,6896
9606.ENSP00000280527,6897
9606.ENSP00000345873,6898
9606.ENSP00000262319,6899
9606.ENSP00000340271,6900
9606.ENSP00000389513,6901
9606.ENSP00000320648,6902
9606.ENSP00000286548,6903
9606.ENSP00000471493,6904
9606.ENSP00000276816,6905
9606.ENSP00000300056,6906
9606.ENSP00000362768,6907
9606.ENSP00000290015,6908
9606.ENSP00000217270,6909
9606.ENSP00000498888,6910
9606.ENSP00000358458,6911
9606.ENSP00000346015,6912
9606.ENSP00000379869,6913
9606.ENSP00000420168,6914
9606.ENSP00000369461,6915
9606.ENSP00000363597,6916
9606.ENSP00000469836,6917
9606.ENSP00000490726,6918
9606.ENSP00000357695,6919
9606.ENSP00000478568,6920
9606.ENSP00000362131,6921
9606.ENSP00000405620,6922
9606.ENSP00000495631,6923
9606.ENSP00000335292,6924
9606.ENSP00000410446,6925
9606.ENSP00000369666,6926
9606.ENSP00000320291,6927
9606.ENSP00000360133,6928
9606.ENSP00000259607,6929
9606.ENSP00000495563,6930
9606.ENSP00000265162,6931
9606.ENSP00000380998,6932
9606.ENSP00000487094,6933
9606.ENSP00000380153,6934
9606.ENSP00000383923,6935
9606.ENSP00000242719,6936
9606.ENSP00000381216,6937
9606.ENSP00000351190,6938
9606.ENSP00000374455,6939
9606.ENSP00000201586,6940
9606.ENSP00000497164,6941
9606.ENSP00000385610,6942
9606.ENSP00000262407,6943
9606.ENSP00000233027,6944
9606.ENSP00000385110,6945
9606.ENSP00000494957,6946
9606.ENSP00000327786,6947
9606.ENSP00000219409,6948
9606.ENSP00000261303,6949
9606.ENSP00000396452,6950
9606.ENSP00000326869,6951
9606.ENSP00000222284,6952
9606.ENSP00000264382,6953
9606.ENSP00000478993,6954
9606.ENSP00000482954,6955
9606.ENSP00000372112,6956
9606.ENSP00000293860,6957
9606.ENSP00000460348,6958
9606.ENSP00000342097,6959
9606.ENSP00000234170,6960
9606.ENSP00000376568,6961
9606.ENSP00000404232,6962
9606.ENSP00000270861,6963
9606.ENSP00000253462,6964
9606.ENSP00000360365,6965
9606.ENSP00000358617,6966
9606.ENSP00000378736,6967
9606.ENSP00000377123,6968
9606.ENSP00000302393,6969
9606.ENSP00000349204,6970
9606.ENSP00000262186,6971
9606.ENSP00000377845,6972
9606.ENSP00000286428,6973
9606.ENSP00000400376,6974
9606.ENSP00000442460,6975
9606.ENSP00000263413,6976
9606.ENSP00000352626,6977
9606.ENSP00000211076,6978
9606.ENSP00000489061,6979
9606.ENSP00000436426,6980
9606.ENSP00000320521,6981
9606.ENSP00000367177,6982
9606.ENSP00000346809,6983
9606.ENSP00000247194,6984
9606.ENSP00000230050,6985
9606.ENSP00000291582,6986
9606.ENSP00000226798,6987
9606.ENSP00000355437,6988
9606.ENSP00000373489,6989
9606.ENSP00000296486,6990
9606.ENSP00000246069,6991
9606.ENSP00000382646,6992
9606.ENSP00000366953,6993
9606.ENSP00000243997,6994
9606.ENSP00000301945,6995
9606.ENSP00000473091,6996
9606.ENSP00000342812,6997
9606.ENSP00000362340,6998
9606.ENSP00000247665,6999
9606.ENSP00000280362,7000
9606.ENSP00000373648,7001
9606.ENSP00000438085,7002
9606.ENSP00000406723,7003
9606.ENSP00000246190,7004
9606.ENSP00000276201,7005
9606.ENSP00000335677,7006
9606.ENSP00000304234,7007
9606.ENSP00000305255,7008
9606.ENSP00000364035,7009
9606.ENSP00000367284,7010
9606.ENSP00000262593,7011
9606.ENSP00000412150,7012
9606.ENSP00000276431,7013
9606.ENSP00000334928,7014
9606.ENSP00000367762,7015
9606.ENSP00000492033,7016
9606.ENSP00000329140,7017
9606.ENSP00000486540,7018
9606.ENSP00000323587,7019
9606.ENSP00000462664,7020
9606.ENSP00000309836,7021
9606.ENSP00000292169,7022
9606.ENSP00000351132,7023
9606.ENSP00000263071,7024
9606.ENSP00000353770,7025
9606.ENSP00000480035,7026
9606.ENSP00000358695,7027
9606.ENSP00000249007,7028
9606.ENSP00000380440,7029
9606.ENSP00000382767,7030
9606.ENSP00000338171,7031
9606.ENSP00000265872,7032
9606.ENSP00000364140,7033
9606.ENSP00000349785,7034
9606.ENSP00000374212,7035
9606.ENSP00000434343,7036
9606.ENSP00000339801,7037
9606.ENSP00000477760,7038
9606.ENSP00000429089,7039
9606.ENSP00000418438,7040
9606.ENSP00000265107,7041
9606.ENSP00000438349,7042
9606.ENSP00000222145,7043
9606.ENSP00000338785,7044
9606.ENSP00000305995,7045
9606.ENSP00000298492,7046
9606.ENSP00000265361,7047
9606.ENSP00000295461,7048
9606.ENSP00000481450,7049
9606.ENSP00000384330,7050
9606.ENSP00000292430,7051
9606.ENSP00000301050,7052
9606.ENSP00000265016,7053
9606.ENSP00000320209,7054
9606.ENSP00000264824,7055
9606.ENSP00000313377,7056
9606.ENSP00000479669,7057
9606.ENSP00000344352,7058
9606.ENSP00000389140,7059
9606.ENSP00000270162,7060
9606.ENSP00000317985,7061
9606.ENSP00000406286,7062
9606.ENSP00000443631,7063
9606.ENSP00000229270,7064
9606.ENSP00000325002,7065
9606.ENSP00000369677,7066
9606.ENSP00000297439,7067
9606.ENSP00000427366,7068
9606.ENSP00000343890,7069
9606.ENSP00000389351,7070
9606.ENSP00000382140,7071
9606.ENSP00000345347,7072
9606.ENSP00000380322,7073
9606.ENSP00000215530,7074
9606.ENSP00000264990,7075
9606.ENSP00000193391,7076
9606.ENSP00000243662,7077
9606.ENSP00000299766,7078
9606.ENSP00000266544,7079
9606.ENSP00000070846,7080
9606.ENSP00000387286,7081
9606.ENSP00000199447,7082
9606.ENSP00000466818,7083
9606.ENSP00000389326,7084
9606.ENSP00000367922,7085
9606.ENSP00000351933,7086
9606.ENSP00000492985,7087
9606.ENSP00000482704,7088
9606.ENSP00000317177,7089
9606.ENSP00000428489,7090
9606.ENSP00000357079,7091
9606.ENSP00000253408,7092
9606.ENSP00000479322,7093
9606.ENSP00000377148,7094
9606.ENSP00000349576,7095
9606.ENSP00000283131,7096
9606.ENSP00000357733,7097
9606.ENSP00000304004,7098
9606.ENSP00000423541,7099
9606.ENSP00000224784,7100
9606.ENSP00000325239,7101
9606.ENSP00000261609,7102
9606.ENSP00000268206,7103
9606.ENSP00000357150,7104
9606.ENSP00000364813,7105
9606.ENSP00000356156,7106
9606.ENSP00000355589,7107
9606.ENSP00000483721,7108
9606.ENSP00000279392,7109
9606.ENSP00000300151,7110
9606.ENSP00000294409,7111
9606.ENSP00000222329,7112
9606.ENSP00000220853,7113
9606.ENSP00000254940,7114
9606.ENSP00000400887,7115
9606.ENSP00000499406,7116
9606.ENSP00000367992,7117
9606.ENSP00000386488,7118
9606.ENSP00000361666,7119
9606.ENSP00000474253,7120
9606.ENSP00000307766,7121
9606.ENSP00000257915,7122
9606.ENSP00000262198,7123
9606.ENSP00000326366,7124
9606.ENSP00000361032,7125
9606.ENSP00000369538,7126
9606.ENSP00000482259,7127
9606.ENSP00000290374,7128
9606.ENSP00000376686,7129
9606.ENSP00000384490,7130
9606.ENSP00000234739,7131
9606.ENSP00000452535,7132
9606.ENSP00000365678,7133
9606.ENSP00000352706,7134
9606.ENSP00000450584,7135
9606.ENSP00000498268,7136
9606.ENSP00000330381,7137
9606.ENSP00000236826,7138
9606.ENSP00000226382,7139
9606.ENSP00000368516,7140
9606.ENSP00000274278,7141
9606.ENSP00000407592,7142
9606.ENSP00000301738,7143
9606.ENSP00000320236,7144
9606.ENSP00000444149,7145
9606.ENSP00000457513,7146
9606.ENSP00000221891,7147
9606.ENSP00000449999,7148
9606.ENSP00000357040,7149
9606.ENSP00000375717,7150
9606.ENSP00000264938,7151
9606.ENSP00000297440,7152
9606.ENSP00000389395,7153
9606.ENSP00000498497,7154
9606.ENSP00000074304,7155
9606.ENSP00000244565,7156
9606.ENSP00000365198,7157
9606.ENSP00000482786,7158
9606.ENSP00000329797,7159
9606.ENSP00000353915,7160
9606.ENSP00000351473,7161
9606.ENSP00000443827,7162
9606.ENSP00000426120,7163
9606.ENSP00000263946,7164
9606.ENSP00000258772,7165
9606.ENSP00000260128,7166
9606.ENSP00000216554,7167
9606.ENSP00000463057,7168
9606.ENSP00000368140,7169
9606.ENSP00000480707,7170
9606.ENSP00000263377,7171
9606.ENSP00000419243,7172
9606.ENSP00000365462,7173
9606.ENSP00000300128,7174
9606.ENSP00000319501,7175
9606.ENSP00000356426,7176
9606.ENSP00000355799,7177
9606.ENSP00000420826,7178
9606.ENSP00000338988,7179
9606.ENSP00000345083,7180
9606.ENSP00000388337,7181
9606.ENSP00000311184,7182
9606.ENSP00000234701,7183
9606.ENSP00000360281,7184
9606.ENSP00000287916,7185
9606.ENSP00000338814,7186
9606.ENSP00000358723,7187
9606.ENSP00000239450,7188
9606.ENSP00000356906,7189
9606.ENSP00000403768,7190
9606.ENSP00000320924,7191
9606.ENSP00000379181,7192
9606.ENSP00000263710,7193
9606.ENSP00000360688,7194
9606.ENSP00000243108,7195
9606.ENSP00000381859,7196
9606.ENSP00000445162,7197
9606.ENSP00000310260,7198
9606.ENSP00000381504,7199
9606.ENSP00000278833,7200
9606.ENSP00000245479,7201
9606.ENSP00000335094,7202
9606.ENSP00000494831,7203
9606.ENSP00000262971,7204
9606.ENSP00000486252,7205
9606.ENSP00000307305,7206
9606.ENSP00000380837,7207
9606.ENSP00000228740,7208
9606.ENSP00000334560,7209
9606.ENSP00000411613,7210
9606.ENSP00000254963,7211
9606.ENSP00000293303,7212
9606.ENSP00000355988,7213
9606.ENSP00000355053,7214
9606.ENSP00000232375,7215
9606.ENSP00000341637,7216
9606.ENSP00000377807,7217
9606.ENSP00000369017,7218
9606.ENSP00000366886,7219
9606.ENSP00000263666,7220
9606.ENSP00000360147,7221
9606.ENSP00000386992,7222
9606.ENSP00000484669,7223
9606.ENSP00000346148,7224
9606.ENSP00000456218,7225
9606.ENSP00000338796,7226
9606.ENSP00000478763,7227
9606.ENSP00000341117,7228
9606.ENSP00000274629,7229
9606.ENSP00000367747,7230
9606.ENSP00000410409,7231
9606.ENSP00000332454,7232
9606.ENSP00000493664,7233
9606.ENSP00000230053,7234
9606.ENSP00000310551,7235
9606.ENSP00000378394,7236
9606.ENSP00000463245,7237
9606.ENSP00000477841,7238
9606.ENSP00000352738,7239
9606.ENSP00000427926,7240
9606.ENSP00000304292,7241
9606.ENSP00000358363,7242
9606.ENSP00000427985,7243
9606.ENSP00000385632,7244
9606.ENSP00000265077,7245
9606.ENSP00000378191,7246
9606.ENSP00000262426,7247
9606.ENSP00000440066,7248
9606.ENSP00000245304,7249
9606.ENSP00000483486,7250
9606.ENSP00000370376,7251
9606.ENSP00000480332,7252
9606.ENSP00000360154,7253
9606.ENSP00000362125,7254
9606.ENSP00000264712,7255
9606.ENSP00000285737,7256
9606.ENSP00000363748,7257
9606.ENSP00000388137,7258
9606.ENSP00000248948,7259
9606.ENSP00000265686,7260
9606.ENSP00000264866,7261
9606.ENSP00000228606,7262
9606.ENSP00000367872,7263
9606.ENSP00000256010,7264
9606.ENSP00000310688,7265
9606.ENSP00000365230,7266
9606.ENSP00000222644,7267
9606.ENSP00000341071,7268
9606.ENSP00000371711,7269
9606.ENSP00000366280,7270
9606.ENSP00000294304,7271
9606.ENSP00000270722,7272
9606.ENSP00000362508,7273
9606.ENSP00000386096,7274
9606.ENSP00000265634,7275
9606.ENSP00000264409,7276
9606.ENSP00000291295,7277
9606.ENSP00000368698,7278
9606.ENSP00000364265,7279
9606.ENSP00000356515,7280
9606.ENSP00000261721,7281
9606.ENSP00000483018,7282
9606.ENSP00000312946,7283
9606.ENSP00000286744,7284
9606.ENSP00000420860,7285
9606.ENSP00000301825,7286
9606.ENSP00000310658,7287
9606.ENSP00000351232,7288
9606.ENSP00000311857,7289
9606.ENSP00000365107,7290
9606.ENSP00000354724,7291
9606.ENSP00000326948,7292
9606.ENSP00000464893,7293
9606.ENSP00000368767,7294
9606.ENSP00000378857,7295
9606.ENSP00000372459,7296
9606.ENSP00000371341,7297
9606.ENSP00000244289,7298
9606.ENSP00000256362,7299
9606.ENSP00000417610,7300
9606.ENSP00000319170,7301
9606.ENSP00000272238,7302
9606.ENSP00000372193,7303
9606.ENSP00000364649,7304
9606.ENSP00000370625,7305
9606.ENSP00000357838,7306
9606.ENSP00000370889,7307
9606.ENSP00000477527,7308
9606.ENSP00000362650,7309
9606.ENSP00000256190,7310
9606.ENSP00000458021,7311
9606.ENSP00000355609,7312
9606.ENSP00000280614,7313
9606.ENSP00000370975,7314
9606.ENSP00000380070,7315
9606.ENSP00000340989,7316
9606.ENSP00000219431,7317
9606.ENSP00000386609,7318
9606.ENSP00000361892,7319
9606.ENSP00000327832,7320
9606.ENSP00000498976,7321
9606.ENSP00000407586,7322
9606.ENSP00000335371,7323
9606.ENSP00000498065,7324
9606.ENSP00000215832,7325
9606.ENSP00000359258,7326
9606.ENSP00000311344,7327
9606.ENSP00000337289,7328
9606.ENSP00000379739,7329
9606.ENSP00000423602,7330
9606.ENSP00000266736,7331
9606.ENSP00000316737,7332
9606.ENSP00000438244,7333
9606.ENSP00000361554,7334
9606.ENSP00000454804,7335
9606.ENSP00000377793,7336
9606.ENSP00000264039,7337
9606.ENSP00000344166,7338
9606.ENSP00000376921,7339
9606.ENSP00000319281,7340
9606.ENSP00000305133,7341
9606.ENSP00000476091,7342
9606.ENSP00000426503,7343
9606.ENSP00000307297,7344
9606.ENSP00000400878,7345
9606.ENSP00000376276,7346
9606.ENSP00000454303,7347
9606.ENSP00000356202,7348
9606.ENSP00000300249,7349
9606.ENSP00000178640,7350
9606.ENSP00000302485,7351
9606.ENSP00000368450,7352
9606.ENSP00000362994,7353
9606.ENSP00000386029,7354
9606.ENSP00000419665,7355
9606.ENSP00000298229,7356
9606.ENSP00000389631,7357
9606.ENSP00000410584,7358
9606.ENSP00000262030,7359
9606.ENSP00000483888,7360
9606.ENSP00000421566,7361
9606.ENSP00000307726,7362
9606.ENSP00000445175,7363
9606.ENSP00000442973,7364
9606.ENSP00000366091,7365
9606.ENSP00000258739,7366
9606.ENSP00000436423,7367
9606.ENSP00000325448,7368
9606.ENSP00000329684,7369
9606.ENSP00000340874,7370
9606.ENSP00000302724,7371
9606.ENSP00000347648,7372
9606.ENSP00000315602,7373
9606.ENSP00000302037,7374
9606.ENSP00000344819,7375
9606.ENSP00000355319,7376
9606.ENSP00000463982,7377
9606.ENSP00000357737,7378
9606.ENSP00000411084,7379
9606.ENSP00000357118,7380
9606.ENSP00000229179,7381
9606.ENSP00000308937,7382
9606.ENSP00000429562,7383
9606.ENSP00000298317,7384
9606.ENSP00000462116,7385
9606.ENSP00000266719,7386
9606.ENSP00000366347,7387
9606.ENSP00000346155,7388
9606.ENSP00000499422,7389
9606.ENSP00000357776,7390
9606.ENSP00000226004,7391
9606.ENSP00000379845,7392
9606.ENSP00000230085,7393
9606.ENSP00000358719,7394
9606.ENSP00000268150,7395
9606.ENSP00000296795,7396
9606.ENSP00000367878,7397
9606.ENSP00000418008,7398
9606.ENSP00000341346,7399
9606.ENSP00000358059,7400
9606.ENSP00000368984,7401
9606.ENSP00000434412,7402
9606.ENSP00000365926,7403
9606.ENSP00000263671,7404
9606.ENSP00000361499,7405
9606.ENSP00000263620,7406
9606.ENSP00000348959,7407
9606.ENSP00000293373,7408
9606.ENSP00000287490,7409
9606.ENSP00000352162,7410
9606.ENSP00000360635,7411
9606.ENSP00000229708,7412
9606.ENSP00000231136,7413
9606.ENSP00000427562,7414
9606.ENSP00000417864,7415
9606.ENSP00000345728,7416
9606.ENSP00000327336,7417
9606.ENSP00000400365,7418
9606.ENSP00000357283,7419
9606.ENSP00000323927,7420
9606.ENSP00000478070,7421
9606.ENSP00000216101,7422
9606.ENSP00000354677,7423
9606.ENSP00000225298,7424
9606.ENSP00000369213,7425
9606.ENSP00000435466,7426
9606.ENSP00000482512,7427
9606.ENSP00000366828,7428
9606.ENSP00000334008,7429
9606.ENSP00000279281,7430
9606.ENSP00000356857,7431
9606.ENSP00000410402,7432
9606.ENSP00000387170,7433
9606.ENSP00000221114,7434
9606.ENSP00000237353,7435
9606.ENSP00000392985,7436
9606.ENSP00000259365,7437
9606.ENSP00000309096,7438
9606.ENSP00000357651,7439
9606.ENSP00000393312,7440
9606.ENSP00000341214,7441
9606.ENSP00000368799,7442
9606.ENSP00000480798,7443
9606.ENSP00000377428,7444
9606.ENSP00000418754,7445
9606.ENSP00000375978,7446
9606.ENSP00000309555,7447
9606.ENSP00000386655,7448
9606.ENSP00000381607,7449
9606.ENSP00000370078,7450
9606.ENSP00000433490,7451
9606.ENSP00000499883,7452
9606.ENSP00000338964,7453
9606.ENSP00000403937,7454
9606.ENSP00000284767,7455
9606.ENSP00000334650,7456
9606.ENSP00000254695,7457
9606.ENSP00000226207,7458
9606.ENSP00000379682,7459
9606.ENSP00000305071,7460
9606.ENSP00000414178,7461
9606.ENSP00000257177,7462
9606.ENSP00000282728,7463
9606.ENSP00000334869,7464
9606.ENSP00000363394,7465
9606.ENSP00000263697,7466
9606.ENSP00000271555,7467
9606.ENSP00000259199,7468
9606.ENSP00000353518,7469
9606.ENSP00000366267,7470
9606.ENSP00000307508,7471
9606.ENSP00000379176,7472
9606.ENSP00000272233,7473
9606.ENSP00000306124,7474
9606.ENSP00000379888,7475
9606.ENSP00000216639,7476
9606.ENSP00000403104,7477
9606.ENSP00000475724,7478
9606.ENSP00000264951,7479
9606.ENSP00000268919,7480
9606.ENSP00000255039,7481
9606.ENSP00000301764,7482
9606.ENSP00000484263,7483
9606.ENSP00000370139,7484
9606.ENSP00000252321,7485
9606.ENSP00000367462,7486
9606.ENSP00000297837,7487
9606.ENSP00000478026,7488
9606.ENSP00000357152,7489
9606.ENSP00000366955,7490
9606.ENSP00000366299,7491
9606.ENSP00000356436,7492
9606.ENSP00000315397,7493
9606.ENSP00000456348,7494
9606.ENSP00000216479,7495
9606.ENSP00000338039,7496
9606.ENSP00000364949,7497
9606.ENSP00000366522,7498
9606.ENSP00000375821,7499
9606.ENSP00000485243,7500
9606.ENSP00000310620,7501
9606.ENSP00000362936,7502
9606.ENSP00000230588,7503
9606.ENSP00000286201,7504
9606.ENSP00000238855,7505
9606.ENSP00000380602,7506
9606.ENSP00000251108,7507
9606.ENSP00000480316,7508
9606.ENSP00000359025,7509
9606.ENSP00000265627,7510
9606.ENSP00000497829,7511
9606.ENSP00000300289,7512
9606.ENSP00000424544,7513
9606.ENSP00000351856,7514
9606.ENSP00000341662,7515
9606.ENSP00000339109,7516
9606.ENSP00000346240,7517
9606.ENSP00000494697,7518
9606.ENSP00000287461,7519
9606.ENSP00000367797,7520
9606.ENSP00000428324,7521
9606.ENSP00000260810,7522
9606.ENSP00000267622,7523
9606.ENSP00000265164,7524
9606.ENSP00000443900,7525
9606.ENSP00000266579,7526
9606.ENSP00000312222,7527
9606.ENSP00000391942,7528
9606.ENSP00000321203,7529
9606.ENSP00000491750,7530
9606.ENSP00000376848,7531
9606.ENSP00000356247,7532
9606.ENSP00000498330,7533
9606.ENSP00000406026,7534
9606.ENSP00000461382,7535
9606.ENSP00000379365,7536
9606.ENSP00000436047,7537
9606.ENSP00000491427,7538
9606.ENSP00000338703,7539
9606.ENSP00000309087,7540
9606.ENSP00000366897,7541
9606.ENSP00000358470,7542
9606.ENSP00000369081,7543
9606.ENSP00000278935,7544
9606.ENSP00000369927,7545
9606.ENSP00000404220,7546
9606.ENSP00000431885,7547
9606.ENSP00000325074,7548
9606.ENSP00000263925,7549
9606.ENSP00000417175,7550
9606.ENSP00000463151,7551
9606.ENSP00000357360,7552
9606.ENSP00000293670,7553
9606.ENSP00000327255,7554
9606.ENSP00000381364,7555
9606.ENSP00000348449,7556
9606.ENSP00000288955,7557
9606.ENSP00000302324,7558
9606.ENSP00000366248,7559
9606.ENSP00000304822,7560
9606.ENSP00000467661,7561
9606.ENSP00000349458,7562
9606.ENSP00000373169,7563
9606.ENSP00000332504,7564
9606.ENSP00000323313,7565
9606.ENSP00000349437,7566
9606.ENSP00000278243,7567
9606.ENSP00000376272,7568
9606.ENSP00000347152,7569
9606.ENSP00000442060,7570
9606.ENSP00000240055,7571
9606.ENSP00000393275,7572
9606.ENSP00000078429,7573
9606.ENSP00000403495,7574
9606.ENSP00000386456,7575
9606.ENSP00000381876,7576
9606.ENSP00000297205,7577
9606.ENSP00000242159,7578
9606.ENSP00000397435,7579
9606.ENSP00000316032,7580
9606.ENSP00000350098,7581
9606.ENSP00000256646,7582
9606.ENSP00000312709,7583
9606.ENSP00000446880,7584
9606.ENSP00000382090,7585
9606.ENSP00000442046,7586
9606.ENSP00000497102,7587
9606.ENSP00000454071,7588
9606.ENSP00000402949,7589
9606.ENSP00000406367,7590
9606.ENSP00000378326,7591
9606.ENSP00000348169,7592
9606.ENSP00000263277,7593
9606.ENSP00000458585,7594
9606.ENSP00000484105,7595
9606.ENSP00000472998,7596
9606.ENSP00000381531,7597
9606.ENSP00000386213,7598
9606.ENSP00000473159,7599
9606.ENSP00000439689,7600
9606.ENSP00000268679,7601
9606.ENSP00000444054,7602
9606.ENSP00000367318,7603
9606.ENSP00000345809,7604
9606.ENSP00000168216,7605
9606.ENSP00000243052,7606
9606.ENSP00000366182,7607
9606.ENSP00000246337,7608
9606.ENSP00000379282,7609
9606.ENSP00000383223,7610
9606.ENSP00000381129,7611
9606.ENSP00000225823,7612
9606.ENSP00000449396,7613
9606.ENSP00000426255,7614
9606.ENSP00000358071,7615
9606.ENSP00000262623,7616
9606.ENSP00000491846,7617
9606.ENSP00000234160,7618
9606.ENSP00000357177,7619
9606.ENSP00000381486,7620
9606.ENSP00000364919,7621
9606.ENSP00000225512,7622
9606.ENSP00000431813,7623
9606.ENSP00000500094,7624
9606.ENSP00000493805,7625
9606.ENSP00000376952,7626
9606.ENSP00000443988,7627
9606.ENSP00000370337,7628
9606.ENSP00000308753,7629
9606.ENSP00000361547,7630
9606.ENSP00000380271,7631
9606.ENSP00000327943,7632
9606.ENSP00000308622,7633
9606.ENSP00000368966,7634
9606.ENSP00000317955,7635
9606.ENSP00000341351,7636
9606.ENSP00000266254,7637
9606.ENSP00000313318,7638
9606.ENSP00000273963,7639
9606.ENSP00000466500,7640
9606.ENSP00000340608,7641
9606.ENSP00000391747,7642
9606.ENSP00000230381,7643
9606.ENSP00000419599,7644
9606.ENSP00000361202,7645
9606.ENSP00000377384,7646
9606.ENSP00000367629,7647
9606.ENSP00000264380,7648
9606.ENSP00000440045,7649
9606.ENSP00000293441,7650
9606.ENSP00000426983,7651
9606.ENSP00000288235,7652
9606.ENSP00000356001,7653
9606.ENSP00000490747,7654
9606.ENSP00000463752,7655
9606.ENSP00000263734,7656
9606.ENSP00000469011,7657
9606.ENSP00000355930,7658
9606.ENSP00000256958,7659
9606.ENSP00000379931,7660
9606.ENSP00000395772,7661
9606.ENSP00000333012,7662
9606.ENSP00000466022,7663
9606.ENSP00000381220,7664
9606.ENSP00000475168,7665
9606.ENSP00000292779,7666
9606.ENSP00000371517,7667
9606.ENSP00000372059,7668
9606.ENSP00000370736,7669
9606.ENSP00000357323,7670
9606.ENSP00000368688,7671
9606.ENSP00000342385,7672
9606.ENSP00000367102,7673
9606.ENSP00000349568,7674
9606.ENSP00000492905,7675
9606.ENSP00000281282,7676
9606.ENSP00000362268,7677
9606.ENSP00000424474,7678
9606.ENSP00000275764,7679
9606.ENSP00000312021,7680
9606.ENSP00000404375,7681
9606.ENSP00000317382,7682
9606.ENSP00000322991,7683
9606.ENSP00000493297,7684
9606.ENSP00000202816,7685
9606.ENSP00000428780,7686
9606.ENSP00000329548,7687
9606.ENSP00000354720,7688
9606.ENSP00000301671,7689
9606.ENSP00000428864,7690
9606.ENSP00000324527,7691
9606.ENSP00000382015,7692
9606.ENSP00000322937,7693
9606.ENSP00000230361,7694
9606.ENSP00000287394,7695
9606.ENSP00000299665,7696
9606.ENSP00000258436,7697
9606.ENSP00000338413,7698
9606.ENSP00000449089,7699
9606.ENSP00000400482,7700
9606.ENSP00000262457,7701
9606.ENSP00000355541,7702
9606.ENSP00000336762,7703
9606.ENSP00000481886,7704
9606.ENSP00000246657,7705
9606.ENSP00000371084,7706
9606.ENSP00000305742,7707
9606.ENSP00000308782,7708
9606.ENSP00000263921,7709
9606.ENSP00000468956,7710
9606.ENSP00000413064,7711
9606.ENSP00000271628,7712
9606.ENSP00000307275,7713
9606.ENSP00000368592,7714
9606.ENSP00000344458,7715
9606.ENSP00000255262,7716
9606.ENSP00000354782,7717
9606.ENSP00000194530,7718
9606.ENSP00000431822,7719
9606.ENSP00000338235,7720
9606.ENSP00000360492,7721
9606.ENSP00000424198,7722
9606.ENSP00000456337,7723
9606.ENSP00000325369,7724
9606.ENSP00000498994,7725
9606.ENSP00000360329,7726
9606.ENSP00000220849,7727
9606.ENSP00000298573,7728
9606.ENSP00000477715,7729
9606.ENSP00000332444,7730
9606.ENSP00000273784,7731
9606.ENSP00000285968,7732
9606.ENSP00000320886,7733
9606.ENSP00000261530,7734
9606.ENSP00000359793,7735
9606.ENSP00000368887,7736
9606.ENSP00000376523,7737
9606.ENSP00000223369,7738
9606.ENSP00000370083,7739
9606.ENSP00000428787,7740
9606.ENSP00000234256,7741
9606.ENSP00000370021,7742
9606.ENSP00000363384,7743
9606.ENSP00000223029,7744
9606.ENSP00000391481,7745
9606.ENSP00000352185,7746
9606.ENSP00000368759,7747
9606.ENSP00000257189,7748
9606.ENSP00000291759,7749
9606.ENSP00000363400,7750
9606.ENSP00000424183,7751
9606.ENSP00000247986,7752
9606.ENSP00000326813,7753
9606.ENSP00000294288,7754
9606.ENSP00000499185,7755
9606.ENSP00000378248,7756
9606.ENSP00000324403,7757
9606.ENSP00000354645,7758
9606.ENSP00000403397,7759
9606.ENSP00000263681,7760
9606.ENSP00000317469,7761
9606.ENSP00000346762,7762
9606.ENSP00000375783,7763
9606.ENSP00000450969,7764
9606.ENSP00000327487,7765
9606.ENSP00000364976,7766
9606.ENSP00000451172,7767
9606.ENSP00000381034,7768
9606.ENSP00000418232,7769
9606.ENSP00000352928,7770
9606.ENSP00000180173,7771
9606.ENSP00000290158,7772
9606.ENSP00000370532,7773
9606.ENSP00000378699,7774
9606.ENSP00000488642,7775
9606.ENSP00000363603,7776
9606.ENSP00000262710,7777
9606.ENSP00000417273,7778
9606.ENSP00000257552,7779
9606.ENSP00000337632,7780
9606.ENSP00000345270,7781
9606.ENSP00000356320,7782
9606.ENSP00000262633,7783
9606.ENSP00000206474,7784
9606.ENSP00000384334,7785
9606.ENSP00000296677,7786
9606.ENSP00000498071,7787
9606.ENSP00000370713,7788
9606.ENSP00000273920,7789
9606.ENSP00000264254,7790
9606.ENSP00000374323,7791
9606.ENSP00000445772,7792
9606.ENSP00000353198,7793
9606.ENSP00000368397,7794
9606.ENSP00000354511,7795
9606.ENSP00000400057,7796
9606.ENSP00000350005,7797
9606.ENSP00000301175,7798
9606.ENSP00000429323,7799
9606.ENSP00000386227,7800
9606.ENSP00000393139,7801
9606.ENSP00000451211,7802
9606.ENSP00000297581,7803
9606.ENSP00000368079,7804
9606.ENSP00000349252,7805
9606.ENSP00000358742,7806
9606.ENSP00000499786,7807
9606.ENSP00000005178,7808
9606.ENSP00000419654,7809
9606.ENSP00000362547,7810
9606.ENSP00000294954,7811
9606.ENSP00000406925,7812
9606.ENSP00000345096,7813
9606.ENSP00000443216,7814
9606.ENSP00000393453,7815
9606.ENSP00000263181,7816
9606.ENSP00000489597,7817
9606.ENSP00000328983,7818
9606.ENSP00000266068,7819
9606.ENSP00000320567,7820
9606.ENSP00000383996,7821
9606.ENSP00000218099,7822
9606.ENSP00000168712,7823
9606.ENSP00000260283,7824
9606.ENSP00000315299,7825
9606.ENSP00000221804,7826
9606.ENSP00000262741,7827
9606.ENSP00000377914,7828
9606.ENSP00000344223,7829
9606.ENSP00000442291,7830
9606.ENSP00000389356,7831
9606.ENSP00000331040,7832
9606.ENSP00000261942,7833
9606.ENSP00000452773,7834
9606.ENSP00000248879,7835
9606.ENSP00000347655,7836
9606.ENSP00000338487,7837
9606.ENSP00000370517,7838
9606.ENSP00000432472,7839
9606.ENSP00000310573,7840
9606.ENSP00000387393,7841
9606.ENSP00000356213,7842
9606.ENSP00000313581,7843
9606.ENSP00000001146,7844
9606.ENSP00000332256,7845
9606.ENSP00000258281,7846
9606.ENSP00000372023,7847
9606.ENSP00000490530,7848
9606.ENSP00000346805,7849
9606.ENSP00000261196,7850
9606.ENSP00000285208,7851
9606.ENSP00000231420,7852
9606.ENSP00000329374,7853
9606.ENSP00000442159,7854
9606.ENSP00000311513,7855
9606.ENSP00000397415,7856
9606.ENSP00000268182,7857
9606.ENSP00000321835,7858
9606.ENSP00000379110,7859
9606.ENSP00000360215,7860
9606.ENSP00000219596,7861
9606.ENSP00000276603,7862
9606.ENSP00000463325,7863
9606.ENSP00000475224,7864
9606.ENSP00000294064,7865
9606.ENSP00000379616,7866
9606.ENSP00000365320,7867
9606.ENSP00000479168,7868
9606.ENSP00000420211,7869
9606.ENSP00000357812,7870
9606.ENSP00000262940,7871
9606.ENSP00000369566,7872
9606.ENSP00000479089,7873
9606.ENSP00000307684,7874
9606.ENSP00000475473,7875
9606.ENSP00000343339,7876
9606.ENSP00000338673,7877
9606.ENSP00000413507,7878
9606.ENSP00000259213,7879
9606.ENSP00000354957,7880
9606.ENSP00000443475,7881
9606.ENSP00000256509,7882
9606.ENSP00000375809,7883
9606.ENSP00000243563,7884
9606.ENSP00000464087,7885
9606.ENSP00000262738,7886
9606.ENSP00000291539,7887
9606.ENSP00000261448,7888
9606.ENSP00000257118,7889
9606.ENSP00000387219,7890
9606.ENSP00000310696,7891
9606.ENSP00000296292,7892
9606.ENSP00000365529,7893
9606.ENSP00000306561,7894
9606.ENSP00000486502,7895
9606.ENSP00000262776,7896
9606.ENSP00000479667,7897
9606.ENSP00000363436,7898
9606.ENSP00000056217,7899
9606.ENSP00000385000,7900
9606.ENSP00000292079,7901
9606.ENSP00000301046,7902
9606.ENSP00000295119,7903
9606.ENSP00000298283,7904
9606.ENSP00000328570,7905
9606.ENSP00000377218,7906
9606.ENSP00000225665,7907
9606.ENSP00000420194,7908
9606.ENSP00000263991,7909
9606.ENSP00000499211,7910
9606.ENSP00000319664,7911
9606.ENSP00000368824,7912
9606.ENSP00000221132,7913
9606.ENSP00000406037,7914
9606.ENSP00000354878,7915
9606.ENSP00000367714,7916
9606.ENSP00000371710,7917
9606.ENSP00000316228,7918
9606.ENSP00000289619,7919
9606.ENSP00000288532,7920
9606.ENSP00000374045,7921
9606.ENSP00000369810,7922
9606.ENSP00000325822,7923
9606.ENSP00000346886,7924
9606.ENSP00000296387,7925
9606.ENSP00000483185,7926
9606.ENSP00000347716,7927
9606.ENSP00000273317,7928
9606.ENSP00000360485,7929
9606.ENSP00000320337,7930
9606.ENSP00000337446,7931
9606.ENSP00000391121,7932
9606.ENSP00000493419,7933
9606.ENSP00000391601,7934
9606.ENSP00000231487,7935
9606.ENSP00000322754,7936
9606.ENSP00000364782,7937
9606.ENSP00000216862,7938
9606.ENSP00000363330,7939
9606.ENSP00000290541,7940
9606.ENSP00000445675,7941
9606.ENSP00000255380,7942
9606.ENSP00000228463,7943
9606.ENSP00000358474,7944
9606.ENSP00000438264,7945
9606.ENSP00000304147,7946
9606.ENSP00000264474,7947
9606.ENSP00000386908,7948
9606.ENSP00000360035,7949
9606.ENSP00000263388,7950
9606.ENSP00000461945,7951
9606.ENSP00000384434,7952
9606.ENSP00000306080,7953
9606.ENSP00000276708,7954
9606.ENSP00000485028,7955
9606.ENSP00000002165,7956
9606.ENSP00000349022,7957
9606.ENSP00000452786,7958
9606.ENSP00000310561,7959
9606.ENSP00000489317,7960
9606.ENSP00000324191,7961
9606.ENSP00000479153,7962
9606.ENSP00000379823,7963
9606.ENSP00000485033,7964
9606.ENSP00000380336,7965
9606.ENSP00000319591,7966
9606.ENSP00000293549,7967
9606.ENSP00000287202,7968
9606.ENSP00000387303,7969
9606.ENSP00000288670,7970
9606.ENSP00000364464,7971
9606.ENSP00000244513,7972
9606.ENSP00000496114,7973
9606.ENSP00000424757,7974
9606.ENSP00000285419,7975
9606.ENSP00000249923,7976
9606.ENSP00000386880,7977
9606.ENSP00000344504,7978
9606.ENSP00000418960,7979
9606.ENSP00000444339,7980
9606.ENSP00000382675,7981
9606.ENSP00000299424,7982
9606.ENSP00000297873,7983
9606.ENSP00000264670,7984
9606.ENSP00000272847,7985
9606.ENSP00000304782,7986
9606.ENSP00000294973,7987
9606.ENSP00000420840,7988
9606.ENSP00000380793,7989
9606.ENSP00000283228,7990
9606.ENSP00000317376,7991
9606.ENSP00000366402,7992
9606.ENSP00000405726,7993
9606.ENSP00000358019,7994
9606.ENSP00000365773,7995
9606.ENSP00000259633,7996
9606.ENSP00000378145,7997
9606.ENSP00000463393,7998
9606.ENSP00000216341,7999
9606.ENSP00000362795,8000
9606.ENSP00000351807,8001
9606.ENSP00000373244,8002
9606.ENSP00000438455,8003
9606.ENSP00000300456,8004
9606.ENSP00000368165,8005
9606.ENSP00000348828,8006
9606.ENSP00000341815,8007
9606.ENSP00000493289,8008
9606.ENSP00000491316,8009
9606.ENSP00000373176,8010
9606.ENSP00000430432,8011
9606.ENSP00000367564,8012
9606.ENSP00000374529,8013
9606.ENSP00000442699,8014
9606.ENSP00000251287,8015
9606.ENSP00000480853,8016
9606.ENSP00000228811,8017
9606.ENSP00000362469,8018
9606.ENSP00000383059,8019
9606.ENSP00000478672,8020
9606.ENSP00000332875,8021
9606.ENSP00000332887,8022
9606.ENSP00000366557,8023
9606.ENSP00000358320,8024
9606.ENSP00000349168,8025
9606.ENSP00000398124,8026
9606.ENSP00000376024,8027
9606.ENSP00000221922,8028
9606.ENSP00000364126,8029
9606.ENSP00000375069,8030
9606.ENSP00000442793,8031
9606.ENSP00000418221,8032
9606.ENSP00000343701,8033
9606.ENSP00000329918,8034
9606.ENSP00000401720,8035
9606.ENSP00000370781,8036
9606.ENSP00000431603,8037
9606.ENSP00000352882,8038
9606.ENSP00000355180,8039
9606.ENSP00000287814,8040
9606.ENSP00000474388,8041
9606.ENSP00000303532,8042
9606.ENSP00000363512,8043
9606.ENSP00000376611,8044
9606.ENSP00000437271,8045
9606.ENSP00000262510,8046
9606.ENSP00000346453,8047
9606.ENSP00000258774,8048
9606.ENSP00000265085,8049
9606.ENSP00000294309,8050
9606.ENSP00000440915,8051
9606.ENSP00000339933,8052
9606.ENSP00000307342,8053
9606.ENSP00000323246,8054
9606.ENSP00000350844,8055
9606.ENSP00000374205,8056
9606.ENSP00000375639,8057
9606.ENSP00000377779,8058
9606.ENSP00000224337,8059
9606.ENSP00000302586,8060
9606.ENSP00000347206,8061
9606.ENSP00000484288,8062
9606.ENSP00000360676,8063
9606.ENSP00000391594,8064
9606.ENSP00000378912,8065
9606.ENSP00000495214,8066
9606.ENSP00000498010,8067
9606.ENSP00000354794,8068
9606.ENSP00000262187,8069
9606.ENSP00000364885,8070
9606.ENSP00000410926,8071
9606.ENSP00000429018,8072
9606.ENSP00000358262,8073
9606.ENSP00000253801,8074
9606.ENSP00000357392,8075
9606.ENSP00000331902,8076
9606.ENSP00000244745,8077
9606.ENSP00000220509,8078
9606.ENSP00000355340,8079
9606.ENSP00000206542,8080
9606.ENSP00000376500,8081
9606.ENSP00000497669,8082
9606.ENSP00000330633,8083
9606.ENSP00000216452,8084
9606.ENSP00000329452,8085
9606.ENSP00000420357,8086
9606.ENSP00000365465,8087
9606.ENSP00000301280,8088
9606.ENSP00000392028,8089
9606.ENSP00000481780,8090
9606.ENSP00000253457,8091
9606.ENSP00000360266,8092
9606.ENSP00000366098,8093
9606.ENSP00000494708,8094
9606.ENSP00000362166,8095
9606.ENSP00000361066,8096
9606.ENSP00000427329,8097
9606.ENSP00000372512,8098
9606.ENSP00000262320,8099
9606.ENSP00000239032,8100
9606.ENSP00000436926,8101
9606.ENSP00000367034,8102
9606.ENSP00000308925,8103
9606.ENSP00000287878,8104
9606.ENSP00000423399,8105
9606.ENSP00000205061,8106
9606.ENSP00000226218,8107
9606.ENSP00000482245,8108
9606.ENSP00000322170,8109
9606.ENSP00000299767,8110
9606.ENSP00000414068,8111
9606.ENSP00000355265,8112
9606.ENSP00000368727,8113
9606.ENSP00000181796,8114
9606.ENSP00000385636,8115
9606.ENSP00000262850,8116
9606.ENSP00000297512,8117
9606.ENSP00000327687,8118
9606.ENSP00000368808,8119
9606.ENSP00000160262,8120
9606.ENSP00000453170,8121
9606.ENSP00000268057,8122
9606.ENSP00000491651,8123
9606.ENSP00000468424,8124
9606.ENSP00000346130,8125
9606.ENSP00000363157,8126
9606.ENSP00000260386,8127
9606.ENSP00000264501,8128
9606.ENSP00000338330,8129
9606.ENSP00000376506,8130
9606.ENSP00000439170,8131
9606.ENSP00000225504,8132
9606.ENSP00000446916,8133
9606.ENSP00000345667,8134
9606.ENSP00000222573,8135
9606.ENSP00000485512,8136
9606.ENSP00000282096,8137
9606.ENSP00000393762,8138
9606.ENSP00000263904,8139
9606.ENSP00000487693,8140
9606.ENSP00000353646,8141
9606.ENSP00000300658,8142
9606.ENSP00000351671,8143
9606.ENSP00000441140,8144
9606.ENSP00000321108,8145
9606.ENSP00000396198,8146
9606.ENSP00000397261,8147
9606.ENSP00000405330,8148
9606.ENSP00000355046,8149
9606.ENSP00000366690,8150
9606.ENSP00000421868,8151
9606.ENSP00000342637,8152
9606.ENSP00000331268,8153
9606.ENSP00000345785,8154
9606.ENSP00000227155,8155
9606.ENSP00000348510,8156
9606.ENSP00000361731,8157
9606.ENSP00000357362,8158
9606.ENSP00000227520,8159
9606.ENSP00000339381,8160
9606.ENSP00000417190,8161
9606.ENSP00000472316,8162
9606.ENSP00000394720,8163
9606.ENSP00000337133,8164
9606.ENSP00000351742,8165
9606.ENSP00000247153,8166
9606.ENSP00000355995,8167
9606.ENSP00000219066,8168
9606.ENSP00000483989,8169
9606.ENSP00000353099,8170
9606.ENSP00000341198,8171
9606.ENSP00000294189,8172
9606.ENSP00000370842,8173
9606.ENSP00000261798,8174
9606.ENSP00000220669,8175
9606.ENSP00000261965,8176
9606.ENSP00000284273,8177
9606.ENSP00000342510,8178
9606.ENSP00000265171,8179
9606.ENSP00000251775,8180
9606.ENSP00000479504,8181
9606.ENSP00000253039,8182
9606.ENSP00000359956,8183
9606.ENSP00000272134,8184
9606.ENSP00000354608,8185
9606.ENSP00000355014,8186
9606.ENSP00000480004,8187
9606.ENSP00000378516,8188
9606.ENSP00000408005,8189
9606.ENSP00000358784,8190
9606.ENSP00000348033,8191
9606.ENSP00000363117,8192
9606.ENSP00000264758,8193
9606.ENSP00000426083,8194
9606.ENSP00000348019,8195
9606.ENSP00000291574,8196
9606.ENSP00000303398,8197
9606.ENSP00000331602,8198
9606.ENSP00000493357,8199
9606.ENSP00000222462,8200
9606.ENSP00000473370,8201
9606.ENSP00000445492,8202
9606.ENSP00000335029,8203
9606.ENSP00000369293,8204
9606.ENSP00000362774,8205
9606.ENSP00000324901,8206
9606.ENSP00000358200,8207
9606.ENSP00000226225,8208
9606.ENSP00000362328,8209
9606.ENSP00000229633,8210
9606.ENSP00000251691,8211
9606.ENSP00000222402,8212
9606.ENSP00000264657,8213
9606.ENSP00000427695,8214
9606.ENSP00000303315,8215
9606.ENSP00000362900,8216
9606.ENSP00000355050,8217
9606.ENSP00000372191,8218
9606.ENSP00000334037,8219
9606.ENSP00000472249,8220
9606.ENSP00000298875,8221
9606.ENSP00000341280,8222
9606.ENSP00000278888,8223
9606.ENSP00000370201,8224
9606.ENSP00000279146,8225
9606.ENSP00000356992,8226
9606.ENSP00000258111,8227
9606.ENSP00000368572,8228
9606.ENSP00000342156,8229
9606.ENSP00000306997,8230
9606.ENSP00000481912,8231
9606.ENSP00000440556,8232
9606.ENSP00000485238,8233
9606.ENSP00000355432,8234
9606.ENSP00000359224,8235
9606.ENSP00000283882,8236
9606.ENSP00000375777,8237
9606.ENSP00000295666,8238
9606.ENSP00000350961,8239
9606.ENSP00000295767,8240
9606.ENSP00000252951,8241
9606.ENSP00000380365,8242
9606.ENSP00000356064,8243
9606.ENSP00000491215,8244
9606.ENSP00000493607,8245
9606.ENSP00000262450,8246
9606.ENSP00000432688,8247
9606.ENSP00000320485,8248
9606.ENSP00000181383,8249
9606.ENSP00000258169,8250
9606.ENSP00000355889,8251
9606.ENSP00000380734,8252
9606.ENSP00000297679,8253
9606.ENSP00000424191,8254
9606.ENSP00000250113,8255
9606.ENSP00000480549,8256
9606.ENSP00000247001,8257
9606.ENSP00000349313,8258
9606.ENSP00000359454,8259
9606.ENSP00000380352,8260
9606.ENSP00000462298,8261
9606.ENSP00000270586,8262
9606.ENSP00000435389,8263
9606.ENSP00000334308,8264
9606.ENSP00000359688,8265
9606.ENSP00000346335,8266
9606.ENSP00000360806,8267
9606.ENSP00000266551,8268
9606.ENSP00000333685,8269
9606.ENSP00000055077,8270
9606.ENSP00000215574,8271
9606.ENSP00000328181,8272
9606.ENSP00000341803,8273
9606.ENSP00000340998,8274
9606.ENSP00000358716,8275
9606.ENSP00000228850,8276
9606.ENSP00000438804,8277
9606.ENSP00000310873,8278
9606.ENSP00000262442,8279
9606.ENSP00000466680,8280
9606.ENSP00000383866,8281
9606.ENSP00000323889,8282
9606.ENSP00000410818,8283
9606.ENSP00000487785,8284
9606.ENSP00000263915,8285
9606.ENSP00000398211,8286
9606.ENSP00000343577,8287
9606.ENSP00000287025,8288
9606.ENSP00000387523,8289
9606.ENSP00000264027,8290
9606.ENSP00000264433,8291
9606.ENSP00000422354,8292
9606.ENSP00000459580,8293
9606.ENSP00000380690,8294
9606.ENSP00000391583,8295
9606.ENSP00000495951,8296
9606.ENSP00000217402,8297
9606.ENSP00000316779,8298
9606.ENSP00000250784,8299
9606.ENSP00000336752,8300
9606.ENSP00000380904,8301
9606.ENSP00000368389,8302
9606.ENSP00000356807,8303
9606.ENSP00000442656,8304
9606.ENSP00000328088,8305
9606.ENSP00000367346,8306
9606.ENSP00000329933,8307
9606.ENSP00000269389,8308
9606.ENSP00000381058,8309
9606.ENSP00000367440,8310
9606.ENSP00000220420,8311
9606.ENSP00000296417,8312
9606.ENSP00000297185,8313
9606.ENSP00000369292,8314
9606.ENSP00000286688,8315
9606.ENSP00000369703,8316
9606.ENSP00000358965,8317
9606.ENSP00000441273,8318
9606.ENSP00000383178,8319
9606.ENSP00000438209,8320
9606.ENSP00000350199,8321
9606.ENSP00000282541,8322
9606.ENSP00000253031,8323
9606.ENSP00000305769,8324
9606.ENSP00000377900,8325
9606.ENSP00000303452,8326
9606.ENSP00000492990,8327
9606.ENSP00000280772,8328
9606.ENSP00000313681,8329
9606.ENSP00000277458,8330
9606.ENSP00000315112,8331
9606.ENSP00000337226,8332
9606.ENSP00000404092,8333
9606.ENSP00000315700,8334
9606.ENSP00000344579,8335
9606.ENSP00000318646,8336
9606.ENSP00000412130,8337
9606.ENSP00000449884,8338
9606.ENSP00000376007,8339
9606.ENSP00000376652,8340
9606.ENSP00000308117,8341
9606.ENSP00000301019,8342
9606.ENSP00000231228,8343
9606.ENSP00000292125,8344
9606.ENSP00000342609,8345
9606.ENSP00000383911,8346
9606.ENSP00000498499,8347
9606.ENSP00000338864,8348
9606.ENSP00000376423,8349
9606.ENSP00000310668,8350
9606.ENSP00000454852,8351
9606.ENSP00000234111,8352
9606.ENSP00000264639,8353
9606.ENSP00000402257,8354
9606.ENSP00000306548,8355
9606.ENSP00000262891,8356
9606.ENSP00000472620,8357
9606.ENSP00000254286,8358
9606.ENSP00000410815,8359
9606.ENSP00000357625,8360
9606.ENSP00000355523,8361
9606.ENSP00000379915,8362
9606.ENSP00000247005,8363
9606.ENSP00000312778,8364
9606.ENSP00000327290,8365
9606.ENSP00000359411,8366
9606.ENSP00000499717,8367
9606.ENSP00000480439,8368
9606.ENSP00000498807,8369
9606.ENSP00000369855,8370
9606.ENSP00000377536,8371
9606.ENSP00000356782,8372
9606.ENSP00000301200,8373
9606.ENSP00000489687,8374
9606.ENSP00000482841,8375
9606.ENSP00000239231,8376
9606.ENSP00000027335,8377
9606.ENSP00000312403,8378
9606.ENSP00000254654,8379
9606.ENSP00000418648,8380
9606.ENSP00000251768,8381
9606.ENSP00000351327,8382
9606.ENSP00000276055,8383
9606.ENSP00000353246,8384
9606.ENSP00000422464,8385
9606.ENSP00000300061,8386
9606.ENSP00000361180,8387
9606.ENSP00000347408,8388
9606.ENSP00000262138,8389
9606.ENSP00000384570,8390
9606.ENSP00000222381,8391
9606.ENSP00000498321,8392
9606.ENSP00000283249,8393
9606.ENSP00000053469,8394
9606.ENSP00000361855,8395
9606.ENSP00000353203,8396
9606.ENSP00000423190,8397
9606.ENSP00000325905,8398
9606.ENSP00000308725,8399
9606.ENSP00000471932,8400
9606.ENSP00000443168,8401
9606.ENSP00000377814,8402
9606.ENSP00000328773,8403
9606.ENSP00000368884,8404
9606.ENSP00000384832,8405
9606.ENSP00000316681,8406
9606.ENSP00000409007,8407
9606.ENSP00000344503,8408
9606.ENSP00000358327,8409
9606.ENSP00000360696,8410
9606.ENSP00000359434,8411
9606.ENSP00000450842,8412
9606.ENSP00000345957,8413
9606.ENSP00000316357,8414
9606.ENSP00000361728,8415
9606.ENSP00000243045,8416
9606.ENSP00000364912,8417
9606.ENSP00000267163,8418
9606.ENSP00000259951,8419
9606.ENSP00000215957,8420
9606.ENSP00000346964,8421
9606.ENSP00000367214,8422
9606.ENSP00000377416,8423
9606.ENSP00000368253,8424
9606.ENSP00000311648,8425
9606.ENSP00000286364,8426
9606.ENSP00000226730,8427
9606.ENSP00000263549,8428
9606.ENSP00000378399,8429
9606.ENSP00000302478,8430
9606.ENSP00000367664,8431
9606.ENSP00000481554,8432
9606.ENSP00000334958,8433
9606.ENSP00000328277,8434
9606.ENSP00000496564,8435
9606.ENSP00000363746,8436
9606.ENSP00000495274,8437
9606.ENSP00000444743,8438
9606.ENSP00000356155,8439
9606.ENSP00000362935,8440
9606.ENSP00000258168,8441
9606.ENSP00000479216,8442
9606.ENSP00000295755,8443
9606.ENSP00000379372,8444
9606.ENSP00000342681,8445
9606.ENSP00000362092,8446
9606.ENSP00000405899,8447
9606.ENSP00000370984,8448
9606.ENSP00000489829,8449
9606.ENSP00000219400,8450
9606.ENSP00000279206,8451
9606.ENSP00000460380,8452
9606.ENSP00000337432,8453
9606.ENSP00000352039,8454
9606.ENSP00000379267,8455
9606.ENSP00000274695,8456
9606.ENSP00000307701,8457
9606.ENSP00000497160,8458
9606.ENSP00000420076,8459
9606.ENSP00000301408,8460
9606.ENSP00000489311,8461
9606.ENSP00000266735,8462
9606.ENSP00000351137,8463
9606.ENSP00000339692,8464
9606.ENSP00000265081,8465
9606.ENSP00000258874,8466
9606.ENSP00000397679,8467
9606.ENSP00000268766,8468
9606.ENSP00000013070,8469
9606.ENSP00000349208,8470
9606.ENSP00000396915,8471
9606.ENSP00000455442,8472
9606.ENSP00000313309,8473
9606.ENSP00000267803,8474
9606.ENSP00000315659,8475
9606.ENSP00000396052,8476
9606.ENSP00000275815,8477
9606.ENSP00000495481,8478
9606.ENSP00000313603,8479
9606.ENSP00000327440,8480
9606.ENSP00000334003,8481
9606.ENSP00000261839,8482
9606.ENSP00000478561,8483
9606.ENSP00000287907,8484
9606.ENSP00000218548,8485
9606.ENSP00000479762,8486
9606.ENSP00000369574,8487
9606.ENSP00000346464,8488
9606.ENSP00000316674,8489
9606.ENSP00000228641,8490
9606.ENSP00000487772,8491
9606.ENSP00000268122,8492
9606.ENSP00000359911,8493
9606.ENSP00000364860,8494
9606.ENSP00000309141,8495
9606.ENSP00000299705,8496
9606.ENSP00000274547,8497
9606.ENSP00000385080,8498
9606.ENSP00000352272,8499
9606.ENSP00000338533,8500
9606.ENSP00000380061,8501
9606.ENSP00000383023,8502
9606.ENSP00000341483,8503
9606.ENSP00000351575,8504
9606.ENSP00000356785,8505
9606.ENSP00000364839,8506
9606.ENSP00000357986,8507
9606.ENSP00000221455,8508
9606.ENSP00000305731,8509
9606.ENSP00000365730,8510
9606.ENSP00000354874,8511
9606.ENSP00000331577,8512
9606.ENSP00000267569,8513
9606.ENSP00000258654,8514
9606.ENSP00000356811,8515
9606.ENSP00000399982,8516
9606.ENSP00000292574,8517
9606.ENSP00000232501,8518
9606.ENSP00000313983,8519
9606.ENSP00000365130,8520
9606.ENSP00000265097,8521
9606.ENSP00000280684,8522
9606.ENSP00000262375,8523
9606.ENSP00000264162,8524
9606.ENSP00000286732,8525
9606.ENSP00000294742,8526
9606.ENSP00000382204,8527
9606.ENSP00000373066,8528
9606.ENSP00000365080,8529
9606.ENSP00000497290,8530
9606.ENSP00000430690,8531
9606.ENSP00000301015,8532
9606.ENSP00000466477,8533
9606.ENSP00000256538,8534
9606.ENSP00000483549,8535
9606.ENSP00000359552,8536
9606.ENSP00000407763,8537
9606.ENSP00000346643,8538
9606.ENSP00000374359,8539
9606.ENSP00000350256,8540
9606.ENSP00000265560,8541
9606.ENSP00000357494,8542
9606.ENSP00000406293,8543
9606.ENSP00000378958,8544
9606.ENSP00000357123,8545
9606.ENSP00000381968,8546
9606.ENSP00000431049,8547
9606.ENSP00000379644,8548
9606.ENSP00000368589,8549
9606.ENSP00000481038,8550
9606.ENSP00000494896,8551
9606.ENSP00000311747,8552
9606.ENSP00000474071,8553
9606.ENSP00000423463,8554
9606.ENSP00000241256,8555
9606.ENSP00000379226,8556
9606.ENSP00000371607,8557
9606.ENSP00000360922,8558
9606.ENSP00000290913,8559
9606.ENSP00000415836,8560
9606.ENSP00000356310,8561
9606.ENSP00000482457,8562
9606.ENSP00000274643,8563
9606.ENSP00000493014,8564
9606.ENSP00000296682,8565
9606.ENSP00000482306,8566
9606.ENSP00000251038,8567
9606.ENSP00000337500,8568
9606.ENSP00000242592,8569
9606.ENSP00000493005,8570
9606.ENSP00000481152,8571
9606.ENSP00000494352,8572
9606.ENSP00000420270,8573
9606.ENSP00000385808,8574
9606.ENSP00000351682,8575
9606.ENSP00000375482,8576
9606.ENSP00000377668,8577
9606.ENSP00000266679,8578
9606.ENSP00000349577,8579
9606.ENSP00000284601,8580
9606.ENSP00000379098,8581
9606.ENSP00000462980,8582
9606.ENSP00000483757,8583
9606.ENSP00000297157,8584
9606.ENSP00000330074,8585
9606.ENSP00000267889,8586
9606.ENSP00000372169,8587
9606.ENSP00000363654,8588
9606.ENSP00000428612,8589
9606.ENSP00000361512,8590
9606.ENSP00000270776,8591
9606.ENSP00000377055,8592
9606.ENSP00000370479,8593
9606.ENSP00000342680,8594
9606.ENSP00000347626,8595
9606.ENSP00000332750,8596
9606.ENSP00000450873,8597
9606.ENSP00000265403,8598
9606.ENSP00000496166,8599
9606.ENSP00000356967,8600
9606.ENSP00000359339,8601
9606.ENSP00000385616,8602
9606.ENSP00000256707,8603
9606.ENSP00000225929,8604
9606.ENSP00000349428,8605
9606.ENSP00000359682,8606
9606.ENSP00000408288,8607
9606.ENSP00000371328,8608
9606.ENSP00000348714,8609
9606.ENSP00000320821,8610
9606.ENSP00000352427,8611
9606.ENSP00000268695,8612
9606.ENSP00000313995,8613
9606.ENSP00000218721,8614
9606.ENSP00000269919,8615
9606.ENSP00000219313,8616
9606.ENSP00000362820,8617
9606.ENSP00000348842,8618
9606.ENSP00000452634,8619
9606.ENSP00000273320,8620
9606.ENSP00000356015,8621
9606.ENSP00000400142,8622
9606.ENSP00000469142,8623
9606.ENSP00000326563,8624
9606.ENSP00000411355,8625
9606.ENSP00000293362,8626
9606.ENSP00000413035,8627
9606.ENSP00000357307,8628
9606.ENSP00000292853,8629
9606.ENSP00000494576,8630
9606.ENSP00000300105,8631
9606.ENSP00000167586,8632
9606.ENSP00000379065,8633
9606.ENSP00000417354,8634
9606.ENSP00000376204,8635
9606.ENSP00000359942,8636
9606.ENSP00000222032,8637
9606.ENSP00000356121,8638
9606.ENSP00000477310,8639
9606.ENSP00000294066,8640
9606.ENSP00000381605,8641
9606.ENSP00000376142,8642
9606.ENSP00000254072,8643
9606.ENSP00000365413,8644
9606.ENSP00000484398,8645
9606.ENSP00000425961,8646
9606.ENSP00000419378,8647
9606.ENSP00000337976,8648
9606.ENSP00000380024,8649
9606.ENSP00000357704,8650
9606.ENSP00000319104,8651
9606.ENSP00000219919,8652
9606.ENSP00000306772,8653
9606.ENSP00000354294,8654
9606.ENSP00000386894,8655
9606.ENSP00000377043,8656
9606.ENSP00000334876,8657
9606.ENSP00000417498,8658
9606.ENSP00000457274,8659
9606.ENSP00000202017,8660
9606.ENSP00000482523,8661
9606.ENSP00000413436,8662
9606.ENSP00000265351,8663
9606.ENSP00000365162,8664
9606.ENSP00000237275,8665
9606.ENSP00000260950,8666
9606.ENSP00000264917,8667
9606.ENSP00000361298,8668
9606.ENSP00000467266,8669
9606.ENSP00000370950,8670
9606.ENSP00000296786,8671
9606.ENSP00000354376,8672
9606.ENSP00000242375,8673
9606.ENSP00000347088,8674
9606.ENSP00000296490,8675
9606.ENSP00000334996,8676
9606.ENSP00000262866,8677
9606.ENSP00000360157,8678
9606.ENSP00000265131,8679
9606.ENSP00000380942,8680
9606.ENSP00000228825,8681
9606.ENSP00000494750,8682
9606.ENSP00000312587,8683
9606.ENSP00000265421,8684
9606.ENSP00000346509,8685
9606.ENSP00000337060,8686
9606.ENSP00000286574,8687
9606.ENSP00000392782,8688
9606.ENSP00000342570,8689
9606.ENSP00000228495,8690
9606.ENSP00000379290,8691
9606.ENSP00000467201,8692
9606.ENSP00000484342,8693
9606.ENSP00000258105,8694
9606.ENSP00000477868,8695
9606.ENSP00000486357,8696
9606.ENSP00000265148,8697
9606.ENSP00000303754,8698
9606.ENSP00000363533,8699
9606.ENSP00000282356,8700
9606.ENSP00000385057,8701
9606.ENSP00000296029,8702
9606.ENSP00000254480,8703
9606.ENSP00000222584,8704
9606.ENSP00000471477,8705
9606.ENSP00000483489,8706
9606.ENSP00000262418,8707
9606.ENSP00000340864,8708
9606.ENSP00000263383,8709
9606.ENSP00000240874,8710
9606.ENSP00000458537,8711
9606.ENSP00000368965,8712
9606.ENSP00000257198,8713
9606.ENSP00000262947,8714
9606.ENSP00000259335,8715
9606.ENSP00000245907,8716
9606.ENSP00000482438,8717
9606.ENSP00000274764,8718
9606.ENSP00000302640,8719
9606.ENSP00000364107,8720
9606.ENSP00000262432,8721
9606.ENSP00000392189,8722
9606.ENSP00000302935,8723
9606.ENSP00000407422,8724
9606.ENSP00000359579,8725
9606.ENSP00000360488,8726
9606.ENSP00000476948,8727
9606.ENSP00000281043,8728
9606.ENSP00000400010,8729
9606.ENSP00000373450,8730
9606.ENSP00000359337,8731
9606.ENSP00000206513,8732
9606.ENSP00000359483,8733
9606.ENSP00000459626,8734
9606.ENSP00000225729,8735
9606.ENSP00000356548,8736
9606.ENSP00000297044,8737
9606.ENSP00000464317,8738
9606.ENSP00000438949,8739
9606.ENSP00000248668,8740
9606.ENSP00000285930,8741
9606.ENSP00000344989,8742
9606.ENSP00000003302,8743
9606.ENSP00000357012,8744
9606.ENSP00000254730,8745
9606.ENSP00000312981,8746
9606.ENSP00000469534,8747
9606.ENSP00000417901,8748
9606.ENSP00000265990,8749
9606.ENSP00000309092,8750
9606.ENSP00000345826,8751
9606.ENSP00000294484,8752
9606.ENSP00000370962,8753
9606.ENSP00000492024,8754
9606.ENSP00000419465,8755
9606.ENSP00000378265,8756
9606.ENSP00000320898,8757
9606.ENSP00000366221,8758
9606.ENSP00000403210,8759
9606.ENSP00000244360,8760
9606.ENSP00000384262,8761
9606.ENSP00000367721,8762
9606.ENSP00000243706,8763
9606.ENSP00000317404,8764
9606.ENSP00000490760,8765
9606.ENSP00000261483,8766
9606.ENSP00000338562,8767
9606.ENSP00000309689,8768
9606.ENSP00000482437,8769
9606.ENSP00000484403,8770
9606.ENSP00000362776,8771
9606.ENSP00000310557,8772
9606.ENSP00000497443,8773
9606.ENSP00000302441,8774
9606.ENSP00000398342,8775
9606.ENSP00000385751,8776
9606.ENSP00000219833,8777
9606.ENSP00000398502,8778
9606.ENSP00000256545,8779
9606.ENSP00000303366,8780
9606.ENSP00000335632,8781
9606.ENSP00000332790,8782
9606.ENSP00000318176,8783
9606.ENSP00000221166,8784
9606.ENSP00000317300,8785
9606.ENSP00000301785,8786
9606.ENSP00000478035,8787
9606.ENSP00000353114,8788
9606.ENSP00000415416,8789
9606.ENSP00000414109,8790
9606.ENSP00000282397,8791
9606.ENSP00000278412,8792
9606.ENSP00000378563,8793
9606.ENSP00000424595,8794
9606.ENSP00000301454,8795
9606.ENSP00000387006,8796
9606.ENSP00000463762,8797
9606.ENSP00000349824,8798
9606.ENSP00000424123,8799
9606.ENSP00000377862,8800
9606.ENSP00000417464,8801
9606.ENSP00000493074,8802
9606.ENSP00000252505,8803
9606.ENSP00000307975,8804
9606.ENSP00000356379,8805
9606.ENSP00000356599,8806
9606.ENSP00000478767,8807
9606.ENSP00000361667,8808
9606.ENSP00000333697,8809
9606.ENSP00000232219,8810
9606.ENSP00000366030,8811
9606.ENSP00000332433,8812
9606.ENSP00000377958,8813
9606.ENSP00000356630,8814
9606.ENSP00000364249,8815
9606.ENSP00000355537,8816
9606.ENSP00000301180,8817
9606.ENSP00000426421,8818
9606.ENSP00000498801,8819
9606.ENSP00000300035,8820
9606.ENSP00000348757,8821
9606.ENSP00000381489,8822
9606.ENSP00000452793,8823
9606.ENSP00000403400,8824
9606.ENSP00000436649,8825
9606.ENSP00000351777,8826
9606.ENSP00000362036,8827
9606.ENSP00000369042,8828
9606.ENSP00000428845,8829
9606.ENSP00000335320,8830
9606.ENSP00000333666,8831
9606.ENSP00000239926,8832
9606.ENSP00000357631,8833
9606.ENSP00000261733,8834
9606.ENSP00000302719,8835
9606.ENSP00000264028,8836
9606.ENSP00000345868,8837
9606.ENSP00000216297,8838
9606.ENSP00000239938,8839
9606.ENSP00000269202,8840
9606.ENSP00000410732,8841
9606.ENSP00000263205,8842
9606.ENSP00000392330,8843
9606.ENSP00000289228,8844
9606.ENSP00000264741,8845
9606.ENSP00000427279,8846
9606.ENSP00000253122,8847
9606.ENSP00000261479,8848
9606.ENSP00000419705,8849
9606.ENSP00000314004,8850
9606.ENSP00000365950,8851
9606.ENSP00000308461,8852
9606.ENSP00000376792,8853
9606.ENSP00000482228,8854
9606.ENSP00000477602,8855
9606.ENSP00000350075,8856
9606.ENSP00000383719,8857
9606.ENSP00000248846,8858
9606.ENSP00000365210,8859
9606.ENSP00000342056,8860
9606.ENSP00000343957,8861
9606.ENSP00000209668,8862
9606.ENSP00000379003,8863
9606.ENSP00000262643,8864
9606.ENSP00000333664,8865
9606.ENSP00000256497,8866
9606.ENSP00000312224,8867
9606.ENSP00000478771,8868
9606.ENSP00000355966,8869
9606.ENSP00000417963,8870
9606.ENSP00000470142,8871
9606.ENSP00000312126,8872
9606.ENSP00000025301,8873
9606.ENSP00000478892,8874
9606.ENSP00000324323,8875
9606.ENSP00000418532,8876
9606.ENSP00000479113,8877
9606.ENSP00000443130,8878
9606.ENSP00000361043,8879
9606.ENSP00000337949,8880
9606.ENSP00000263370,8881
9606.ENSP00000483946,8882
9606.ENSP00000379865,8883
9606.ENSP00000377699,8884
9606.ENSP00000257700,8885
9606.ENSP00000256442,8886
9606.ENSP00000320171,8887
9606.ENSP00000439666,8888
9606.ENSP00000250535,8889
9606.ENSP00000357869,8890
9606.ENSP00000302924,8891
9606.ENSP00000388658,8892
9606.ENSP00000281772,8893
9606.ENSP00000365576,8894
9606.ENSP00000360498,8895
9606.ENSP00000283027,8896
9606.ENSP00000221476,8897
9606.ENSP00000371193,8898
9606.ENSP00000355304,8899
9606.ENSP00000295408,8900
9606.ENSP00000423563,8901
9606.ENSP00000483494,8902
9606.ENSP00000309767,8903
9606.ENSP00000478212,8904
9606.ENSP00000310515,8905
9606.ENSP00000355512,8906
9606.ENSP00000377233,8907
9606.ENSP00000355938,8908
9606.ENSP00000354859,8909
9606.ENSP00000287322,8910
9606.ENSP00000269886,8911
9606.ENSP00000361708,8912
9606.ENSP00000242784,8913
9606.ENSP00000377948,8914
9606.ENSP00000331831,8915
9606.ENSP00000343690,8916
9606.ENSP00000317445,8917
9606.ENSP00000356405,8918
9606.ENSP00000443021,8919
9606.ENSP00000381541,8920
9606.ENSP00000356602,8921
9606.ENSP00000222725,8922
9606.ENSP00000313432,8923
9606.ENSP00000306564,8924
9606.ENSP00000349430,8925
9606.ENSP00000322579,8926
9606.ENSP00000411788,8927
9606.ENSP00000263857,8928
9606.ENSP00000358737,8929
9606.ENSP00000310447,8930
9606.ENSP00000266987,8931
9606.ENSP00000272395,8932
9606.ENSP00000389160,8933
9606.ENSP00000302105,8934
9606.ENSP00000383690,8935
9606.ENSP00000352455,8936
9606.ENSP00000259254,8937
9606.ENSP00000343200,8938
9606.ENSP00000463334,8939
9606.ENSP00000367164,8940
9606.ENSP00000295927,8941
9606.ENSP00000217455,8942
9606.ENSP00000310520,8943
9606.ENSP00000159111,8944
9606.ENSP00000283752,8945
9606.ENSP00000498227,8946
9606.ENSP00000299824,8947
9606.ENSP00000355955,8948
9606.ENSP00000243673,8949
9606.ENSP00000324857,8950
9606.ENSP00000384823,8951
9606.ENSP00000426504,8952
9606.ENSP00000337688,8953
9606.ENSP00000242839,8954
9606.ENSP00000364752,8955
9606.ENSP00000485258,8956
9606.ENSP00000373772,8957
9606.ENSP00000381333,8958
9606.ENSP00000310721,8959
9606.ENSP00000351255,8960
9606.ENSP00000294117,8961
9606.ENSP00000264400,8962
9606.ENSP00000245919,8963
9606.ENSP00000375836,8964
9606.ENSP00000341442,8965
9606.ENSP00000308717,8966
9606.ENSP00000263401,8967
9606.ENSP00000273062,8968
9606.ENSP00000359583,8969
9606.ENSP00000438875,8970
9606.ENSP00000378570,8971
9606.ENSP00000351052,8972
9606.ENSP00000497483,8973
9606.ENSP00000321684,8974
9606.ENSP00000294129,8975
9606.ENSP00000435509,8976
9606.ENSP00000234313,8977
9606.ENSP00000346032,8978
9606.ENSP00000482304,8979
9606.ENSP00000438465,8980
9606.ENSP00000500939,8981
9606.ENSP00000381064,8982
9606.ENSP00000362716,8983
9606.ENSP00000261700,8984
9606.ENSP00000501180,8985
9606.ENSP00000399465,8986
9606.ENSP00000257245,8987
9606.ENSP00000160827,8988
9606.ENSP00000324105,8989
9606.ENSP00000359151,8990
9606.ENSP00000358674,8991
9606.ENSP00000496007,8992
9606.ENSP00000376827,8993
9606.ENSP00000368164,8994
9606.ENSP00000361721,8995
9606.ENSP00000301740,8996
9606.ENSP00000256722,8997
9606.ENSP00000484998,8998
9606.ENSP00000252268,8999
9606.ENSP00000479716,9000
9606.ENSP00000296930,9001
9606.ENSP00000316605,9002
9606.ENSP00000401264,9003
9606.ENSP00000371587,9004
9606.ENSP00000499058,9005
9606.ENSP00000343479,9006
9606.ENSP00000357008,9007
9606.ENSP00000418193,9008
9606.ENSP00000170564,9009
9606.ENSP00000263038,9010
9606.ENSP00000302898,9011
9606.ENSP00000405424,9012
9606.ENSP00000322460,9013
9606.ENSP00000255631,9014
9606.ENSP00000358918,9015
9606.ENSP00000262713,9016
9606.ENSP00000303992,9017
9606.ENSP00000498060,9018
9606.ENSP00000379138,9019
9606.ENSP00000356591,9020
9606.ENSP00000499232,9021
9606.ENSP00000234396,9022
9606.ENSP00000282928,9023
9606.ENSP00000380379,9024
9606.ENSP00000345985,9025
9606.ENSP00000463784,9026
9606.ENSP00000295704,9027
9606.ENSP00000340935,9028
9606.ENSP00000265960,9029
9606.ENSP00000360034,9030
9606.ENSP00000491758,9031
9606.ENSP00000250693,9032
9606.ENSP00000380349,9033
9606.ENSP00000228841,9034
9606.ENSP00000363124,9035
9606.ENSP00000343900,9036
9606.ENSP00000307240,9037
9606.ENSP00000301761,9038
9606.ENSP00000452120,9039
9606.ENSP00000296181,9040
9606.ENSP00000265565,9041
9606.ENSP00000219271,9042
9606.ENSP00000307214,9043
9606.ENSP00000358072,9044
9606.ENSP00000302569,9045
9606.ENSP00000382783,9046
9606.ENSP00000283646,9047
9606.ENSP00000215838,9048
9606.ENSP00000417196,9049
9606.ENSP00000370299,9050
9606.ENSP00000312143,9051
9606.ENSP00000218089,9052
9606.ENSP00000477802,9053
9606.ENSP00000246747,9054
9606.ENSP00000420588,9055
9606.ENSP00000349320,9056
9606.ENSP00000465992,9057
9606.ENSP00000362869,9058
9606.ENSP00000329803,9059
9606.ENSP00000371835,9060
9606.ENSP00000215742,9061
9606.ENSP00000274849,9062
9606.ENSP00000325663,9063
9606.ENSP00000251363,9064
9606.ENSP00000497305,9065
9606.ENSP00000359976,9066
9606.ENSP00000351536,9067
9606.ENSP00000380495,9068
9606.ENSP00000346103,9069
9606.ENSP00000257181,9070
9606.ENSP00000339844,9071
9606.ENSP00000216068,9072
9606.ENSP00000419413,9073
9606.ENSP00000291900,9074
9606.ENSP00000376765,9075
9606.ENSP00000277746,9076
9606.ENSP00000358120,9077
9606.ENSP00000457723,9078
9606.ENSP00000294339,9079
9606.ENSP00000315474,9080
9606.ENSP00000420321,9081
9606.ENSP00000365437,9082
9606.ENSP00000294179,9083
9606.ENSP00000304802,9084
9606.ENSP00000394751,9085
9606.ENSP00000254488,9086
9606.ENSP00000358140,9087
9606.ENSP00000354522,9088
9606.ENSP00000315680,9089
9606.ENSP00000423881,9090
9606.ENSP00000388299,9091
9606.ENSP00000441913,9092
9606.ENSP00000465295,9093
9606.ENSP00000317333,9094
9606.ENSP00000295802,9095
9606.ENSP00000267842,9096
9606.ENSP00000402760,9097
9606.ENSP00000311318,9098
9606.ENSP00000484945,9099
9606.ENSP00000336775,9100
9606.ENSP00000497896,9101
9606.ENSP00000362181,9102
9606.ENSP00000278616,9103
9606.ENSP00000321546,9104
9606.ENSP00000363773,9105
9606.ENSP00000346206,9106
9606.ENSP00000228438,9107
9606.ENSP00000328412,9108
9606.ENSP00000263233,9109
9606.ENSP00000201647,9110
9606.ENSP00000312457,9111
9606.ENSP00000229795,9112
9606.ENSP00000350949,9113
9606.ENSP00000352584,9114
9606.ENSP00000312399,9115
9606.ENSP00000361866,9116
9606.ENSP00000244930,9117
9606.ENSP00000437125,9118
9606.ENSP00000380087,9119
9606.ENSP00000376410,9120
9606.ENSP00000358994,9121
9606.ENSP00000494162,9122
9606.ENSP00000377655,9123
9606.ENSP00000295872,9124
9606.ENSP00000295822,9125
9606.ENSP00000349143,9126
9606.ENSP00000388620,9127
9606.ENSP00000426613,9128
9606.ENSP00000389715,9129
9606.ENSP00000266744,9130
9606.ENSP00000335605,9131
9606.ENSP00000442756,9132
9606.ENSP00000326649,9133
9606.ENSP00000397927,9134
9606.ENSP00000274289,9135
9606.ENSP00000372105,9136
9606.ENSP00000411960,9137
9606.ENSP00000319673,9138
9606.ENSP00000233997,9139
9606.ENSP00000296220,9140
9606.ENSP00000268459,9141
9606.ENSP00000369674,9142
9606.ENSP00000409555,9143
9606.ENSP00000349727,9144
9606.ENSP00000245812,9145
9606.ENSP00000377721,9146
9606.ENSP00000210444,9147
9606.ENSP00000300146,9148
9606.ENSP00000281243,9149
9606.ENSP00000493716,9150
9606.ENSP00000265362,9151
9606.ENSP00000367038,9152
9606.ENSP00000385990,9153
9606.ENSP00000307093,9154
9606.ENSP00000283629,9155
9606.ENSP00000468032,9156
9606.ENSP00000246551,9157
9606.ENSP00000368927,9158
9606.ENSP00000383274,9159
9606.ENSP00000416606,9160
9606.ENSP00000359512,9161
9606.ENSP00000392812,9162
9606.ENSP00000377003,9163
9606.ENSP00000457258,9164
9606.ENSP00000442047,9165
9606.ENSP00000364985,9166
9606.ENSP00000321853,9167
9606.ENSP00000417569,9168
9606.ENSP00000477572,9169
9606.ENSP00000259605,9170
9606.ENSP00000351022,9171
9606.ENSP00000411439,9172
9606.ENSP00000305449,9173
9606.ENSP00000344609,9174
9606.ENSP00000280097,9175
9606.ENSP00000402527,9176
9606.ENSP00000313936,9177
9606.ENSP00000380378,9178
9606.ENSP00000401197,9179
9606.ENSP00000315476,9180
9606.ENSP00000324587,9181
9606.ENSP00000323076,9182
9606.ENSP00000369695,9183
9606.ENSP00000328174,9184
9606.ENSP00000350267,9185
9606.ENSP00000468785,9186
9606.ENSP00000305055,9187
9606.ENSP00000335082,9188
9606.ENSP00000263851,9189
9606.ENSP00000355206,9190
9606.ENSP00000497351,9191
9606.ENSP00000346550,9192
9606.ENSP00000451583,9193
9606.ENSP00000323516,9194
9606.ENSP00000473047,9195
9606.ENSP00000437073,9196
9606.ENSP00000458570,9197
9606.ENSP00000267750,9198
9606.ENSP00000261937,9199
9606.ENSP00000327025,9200
9606.ENSP00000359693,9201
9606.ENSP00000259253,9202
9606.ENSP00000335321,9203
9606.ENSP00000331201,9204
9606.ENSP00000253799,9205
9606.ENSP00000350896,9206
9606.ENSP00000413405,9207
9606.ENSP00000354728,9208
9606.ENSP00000264431,9209
9606.ENSP00000221486,9210
9606.ENSP00000498700,9211
9606.ENSP00000490083,9212
9606.ENSP00000432770,9213
9606.ENSP00000304689,9214
9606.ENSP00000297423,9215
9606.ENSP00000436714,9216
9606.ENSP00000456242,9217
9606.ENSP00000359042,9218
9606.ENSP00000264020,9219
9606.ENSP00000225792,9220
9606.ENSP00000281182,9221
9606.ENSP00000360269,9222
9606.ENSP00000362566,9223
9606.ENSP00000308895,9224
9606.ENSP00000377492,9225
9606.ENSP00000293778,9226
9606.ENSP00000225387,9227
9606.ENSP00000215829,9228
9606.ENSP00000258341,9229
9606.ENSP00000491301,9230
9606.ENSP00000217515,9231
9606.ENSP00000305647,9232
9606.ENSP00000180166,9233
9606.ENSP00000166139,9234
9606.ENSP00000268053,9235
9606.ENSP00000307411,9236
9606.ENSP00000261776,9237
9606.ENSP00000348381,9238
9606.ENSP00000384625,9239
9606.ENSP00000437783,9240
9606.ENSP00000385725,9241
9606.ENSP00000324648,9242
9606.ENSP00000361949,9243
9606.ENSP00000216756,9244
9606.ENSP00000380321,9245
9606.ENSP00000310841,9246
9606.ENSP00000281928,9247
9606.ENSP00000341838,9248
9606.ENSP00000322276,9249
9606.ENSP00000380037,9250
9606.ENSP00000298288,9251
9606.ENSP00000356198,9252
9606.ENSP00000404190,9253
9606.ENSP00000223500,9254
9606.ENSP00000224356,9255
9606.ENSP00000254722,9256
9606.ENSP00000493985,9257
9606.ENSP00000435534,9258
9606.ENSP00000289968,9259
9606.ENSP00000328230,9260
9606.ENSP00000380256,9261
9606.ENSP00000356134,9262
9606.ENSP00000315118,9263
9606.ENSP00000294353,9264
9606.ENSP00000244426,9265
9606.ENSP00000349781,9266
9606.ENSP00000348442,9267
9606.ENSP00000222390,9268
9606.ENSP00000467843,9269
9606.ENSP00000297145,9270
9606.ENSP00000288607,9271
9606.ENSP00000277120,9272
9606.ENSP00000250559,9273
9606.ENSP00000361285,9274
9606.ENSP00000156471,9275
9606.ENSP00000363822,9276
9606.ENSP00000335074,9277
9606.ENSP00000414237,9278
9606.ENSP00000395590,9279
9606.ENSP00000357218,9280
9606.ENSP00000355924,9281
9606.ENSP00000333018,9282
9606.ENSP00000436585,9283
9606.ENSP00000362068,9284
9606.ENSP00000370473,9285
9606.ENSP00000495986,9286
9606.ENSP00000408146,9287
9606.ENSP00000221801,9288
9606.ENSP00000351926,9289
9606.ENSP00000406047,9290
9606.ENSP00000482264,9291
9606.ENSP00000427342,9292
9606.ENSP00000364589,9293
9606.ENSP00000261597,9294
9606.ENSP00000344794,9295
9606.ENSP00000430711,9296
9606.ENSP00000394888,9297
9606.ENSP00000270257,9298
9606.ENSP00000376930,9299
9606.ENSP00000002829,9300
9606.ENSP00000356792,9301
9606.ENSP00000219334,9302
9606.ENSP00000321706,9303
9606.ENSP00000264563,9304
9606.ENSP00000347646,9305
9606.ENSP00000440005,9306
9606.ENSP00000261637,9307
9606.ENSP00000303942,9308
9606.ENSP00000333769,9309
9606.ENSP00000313869,9310
9606.ENSP00000451792,9311
9606.ENSP00000263087,9312
9606.ENSP00000249071,9313
9606.ENSP00000276390,9314
9606.ENSP00000365019,9315
9606.ENSP00000490412,9316
9606.ENSP00000367024,9317
9606.ENSP00000433001,9318
9606.ENSP00000445868,9319
9606.ENSP00000397178,9320
9606.ENSP00000481244,9321
9606.ENSP00000371278,9322
9606.ENSP00000356723,9323
9606.ENSP00000040663,9324
9606.ENSP00000421326,9325
9606.ENSP00000325748,9326
9606.ENSP00000404843,9327
9606.ENSP00000500409,9328
9606.ENSP00000375478,9329
9606.ENSP00000303540,9330
9606.ENSP00000309741,9331
9606.ENSP00000392767,9332
9606.ENSP00000333300,9333
9606.ENSP00000303192,9334
9606.ENSP00000495795,9335
9606.ENSP00000293599,9336
9606.ENSP00000297792,9337
9606.ENSP00000482548,9338
9606.ENSP00000440273,9339
9606.ENSP00000342356,9340
9606.ENSP00000419952,9341
9606.ENSP00000242140,9342
9606.ENSP00000266483,9343
9606.ENSP00000268613,9344
9606.ENSP00000364257,9345
9606.ENSP00000321679,9346
9606.ENSP00000300557,9347
9606.ENSP00000354777,9348
9606.ENSP00000271526,9349
9606.ENSP00000373433,9350
9606.ENSP00000261234,9351
9606.ENSP00000294702,9352
9606.ENSP00000221859,9353
9606.ENSP00000339723,9354
9606.ENSP00000428340,9355
9606.ENSP00000428331,9356
9606.ENSP00000258873,9357
9606.ENSP00000431254,9358
9606.ENSP00000229329,9359
9606.ENSP00000356205,9360
9606.ENSP00000353846,9361
9606.ENSP00000323901,9362
9606.ENSP00000428205,9363
9606.ENSP00000365360,9364
9606.ENSP00000260970,9365
9606.ENSP00000350066,9366
9606.ENSP00000396976,9367
9606.ENSP00000302728,9368
9606.ENSP00000249284,9369
9606.ENSP00000343190,9370
9606.ENSP00000364260,9371
9606.ENSP00000371770,9372
9606.ENSP00000298159,9373
9606.ENSP00000480122,9374
9606.ENSP00000378193,9375
9606.ENSP00000338272,9376
9606.ENSP00000380074,9377
9606.ENSP00000382713,9378
9606.ENSP00000346671,9379
9606.ENSP00000359049,9380
9606.ENSP00000466399,9381
9606.ENSP00000294312,9382
9606.ENSP00000391692,9383
9606.ENSP00000403614,9384
9606.ENSP00000234071,9385
9606.ENSP00000377390,9386
9606.ENSP00000215095,9387
9606.ENSP00000395929,9388
9606.ENSP00000386135,9389
9606.ENSP00000223273,9390
9606.ENSP00000255416,9391
9606.ENSP00000309640,9392
9606.ENSP00000326042,9393
9606.ENSP00000377411,9394
9606.ENSP00000477530,9395
9606.ENSP00000230354,9396
9606.ENSP00000291526,9397
9606.ENSP00000358596,9398
9606.ENSP00000406577,9399
9606.ENSP00000334922,9400
9606.ENSP00000423630,9401
9606.ENSP00000478609,9402
9606.ENSP00000439128,9403
9606.ENSP00000241356,9404
9606.ENSP00000355895,9405
9606.ENSP00000352572,9406
9606.ENSP00000317128,9407
9606.ENSP00000418086,9408
9606.ENSP00000255189,9409
9606.ENSP00000416037,9410
9606.ENSP00000272519,9411
9606.ENSP00000194155,9412
9606.ENSP00000368994,9413
9606.ENSP00000384966,9414
9606.ENSP00000378040,9415
9606.ENSP00000372127,9416
9606.ENSP00000349689,9417
9606.ENSP00000231009,9418
9606.ENSP00000242285,9419
9606.ENSP00000367715,9420
9606.ENSP00000471896,9421
9606.ENSP00000284987,9422
9606.ENSP00000344285,9423
9606.ENSP00000479106,9424
9606.ENSP00000255266,9425
9606.ENSP00000377115,9426
9606.ENSP00000385158,9427
9606.ENSP00000248211,9428
9606.ENSP00000311032,9429
9606.ENSP00000272641,9430
9606.ENSP00000456206,9431
9606.ENSP00000281187,9432
9606.ENSP00000362931,9433
9606.ENSP00000380762,9434
9606.ENSP00000367668,9435
9606.ENSP00000299454,9436
9606.ENSP00000264454,9437
9606.ENSP00000305494,9438
9606.ENSP00000403681,9439
9606.ENSP00000437464,9440
9606.ENSP00000480056,9441
9606.ENSP00000331242,9442
9606.ENSP00000481728,9443
9606.ENSP00000376309,9444
9606.ENSP00000273047,9445
9606.ENSP00000386289,9446
9606.ENSP00000396755,9447
9606.ENSP00000362308,9448
9606.ENSP00000235835,9449
9606.ENSP00000375730,9450
9606.ENSP00000330442,9451
9606.ENSP00000263960,9452
9606.ENSP00000481465,9453
9606.ENSP00000381206,9454
9606.ENSP00000300589,9455
9606.ENSP00000314380,9456
9606.ENSP00000356231,9457
9606.ENSP00000282538,9458
9606.ENSP00000496250,9459
9606.ENSP00000310661,9460
9606.ENSP00000402084,9461
9606.ENSP00000358001,9462
9606.ENSP00000268261,9463
9606.ENSP00000380553,9464
9606.ENSP00000329794,9465
9606.ENSP00000359643,9466
9606.ENSP00000343885,9467
9606.ENSP00000262225,9468
9606.ENSP00000299138,9469
9606.ENSP00000271651,9470
9606.ENSP00000323880,9471
9606.ENSP00000308548,9472
9606.ENSP00000478877,9473
9606.ENSP00000343081,9474
9606.ENSP00000385361,9475
9606.ENSP00000233840,9476
9606.ENSP00000349547,9477
9606.ENSP00000255305,9478
9606.ENSP00000477907,9479
9606.ENSP00000387641,9480
9606.ENSP00000398559,9481
9606.ENSP00000352424,9482
9606.ENSP00000378132,9483
9606.ENSP00000348775,9484
9606.ENSP00000242776,9485
9606.ENSP00000297990,9486
9606.ENSP00000495413,9487
9606.ENSP00000362153,9488
9606.ENSP00000330284,9489
9606.ENSP00000472474,9490
9606.ENSP00000373640,9491
9606.ENSP00000425786,9492
9606.ENSP00000403524,9493
9606.ENSP00000348349,9494
9606.ENSP00000335614,9495
9606.ENSP00000274712,9496
9606.ENSP00000259400,9497
9606.ENSP00000395249,9498
9606.ENSP00000226279,9499
9606.ENSP00000476821,9500
9606.ENSP00000253796,9501
9606.ENSP00000371085,9502
9606.ENSP00000436376,9503
9606.ENSP00000485698,9504
9606.ENSP00000262053,9505
9606.ENSP00000422591,9506
9606.ENSP00000296411,9507
9606.ENSP00000248139,9508
9606.ENSP00000347427,9509
9606.ENSP00000481380,9510
9606.ENSP00000494678,9511
9606.ENSP00000284995,9512
9606.ENSP00000284486,9513
9606.ENSP00000244221,9514
9606.ENSP00000379602,9515
9606.ENSP00000482543,9516
9606.ENSP00000367476,9517
9606.ENSP00000257548,9518
9606.ENSP00000265056,9519
9606.ENSP00000215886,9520
9606.ENSP00000464932,9521
9606.ENSP00000481096,9522
9606.ENSP00000269097,9523
9606.ENSP00000386284,9524
9606.ENSP00000346151,9525
9606.ENSP00000366233,9526
9606.ENSP00000361310,9527
9606.ENSP00000361834,9528
9606.ENSP00000340019,9529
9606.ENSP00000325562,9530
9606.ENSP00000483621,9531
9606.ENSP00000218758,9532
9606.ENSP00000016946,9533
9606.ENSP00000355720,9534
9606.ENSP00000491377,9535
9606.ENSP00000266304,9536
9606.ENSP00000380131,9537
9606.ENSP00000353259,9538
9606.ENSP00000260187,9539
9606.ENSP00000355051,9540
9606.ENSP00000347498,9541
9606.ENSP00000328059,9542
9606.ENSP00000381266,9543
9606.ENSP00000370697,9544
9606.ENSP00000359181,9545
9606.ENSP00000223095,9546
9606.ENSP00000498853,9547
9606.ENSP00000479284,9548
9606.ENSP00000293330,9549
9606.ENSP00000362674,9550
9606.ENSP00000359013,9551
9606.ENSP00000262065,9552
9606.ENSP00000346483,9553
9606.ENSP00000433112,9554
9606.ENSP00000473980,9555
9606.ENSP00000335538,9556
9606.ENSP00000219406,9557
9606.ENSP00000340943,9558
9606.ENSP00000262960,9559
9606.ENSP00000482604,9560
9606.ENSP00000301281,9561
9606.ENSP00000452877,9562
9606.ENSP00000285018,9563
9606.ENSP00000375091,9564
9606.ENSP00000322457,9565
9606.ENSP00000288710,9566
9606.ENSP00000337261,9567
9606.ENSP00000404676,9568
9606.ENSP00000229340,9569
9606.ENSP00000397133,9570
9606.ENSP00000387471,9571
9606.ENSP00000341805,9572
9606.ENSP00000227471,9573
9606.ENSP00000219746,9574
9606.ENSP00000329757,9575
9606.ENSP00000365370,9576
9606.ENSP00000387262,9577
9606.ENSP00000278742,9578
9606.ENSP00000403293,9579
9606.ENSP00000391748,9580
9606.ENSP00000007390,9581
9606.ENSP00000314295,9582
9606.ENSP00000374135,9583
9606.ENSP00000498424,9584
9606.ENSP00000261735,9585
9606.ENSP00000246117,9586
9606.ENSP00000347852,9587
9606.ENSP00000247933,9588
9606.ENSP00000385749,9589
9606.ENSP00000346251,9590
9606.ENSP00000341094,9591
9606.ENSP00000288368,9592
9606.ENSP00000240185,9593
9606.ENSP00000375829,9594
9606.ENSP00000338157,9595
9606.ENSP00000479071,9596
9606.ENSP00000254878,9597
9606.ENSP00000443017,9598
9606.ENSP00000229281,9599
9606.ENSP00000216127,9600
9606.ENSP00000371336,9601
9606.ENSP00000261461,9602
9606.ENSP00000380019,9603
9606.ENSP00000363809,9604
9606.ENSP00000258538,9605
9606.ENSP00000254810,9606
9606.ENSP00000262903,9607
9606.ENSP00000311336,9608
9606.ENSP00000240499,9609
9606.ENSP00000368119,9610
9606.ENSP00000365908,9611
9606.ENSP00000325290,9612
9606.ENSP00000394071,9613
9606.ENSP00000440850,9614
9606.ENSP00000228510,9615
9606.ENSP00000258080,9616
9606.ENSP00000353292,9617
9606.ENSP00000383894,9618
9606.ENSP00000345333,9619
9606.ENSP00000355731,9620
9606.ENSP00000390331,9621
9606.ENSP00000264935,9622
9606.ENSP00000314992,9623
9606.ENSP00000396320,9624
9606.ENSP00000303709,9625
9606.ENSP00000013807,9626
9606.ENSP00000340596,9627
9606.ENSP00000351789,9628
9606.ENSP00000320180,9629
9606.ENSP00000467537,9630
9606.ENSP00000331087,9631
9606.ENSP00000351602,9632
9606.ENSP00000340590,9633
9606.ENSP00000405890,9634
9606.ENSP00000417710,9635
9606.ENSP00000359361,9636
9606.ENSP00000351379,9637
9606.ENSP00000420295,9638
9606.ENSP00000359729,9639
9606.ENSP00000255977,9640
9606.ENSP00000360687,9641
9606.ENSP00000370621,9642
9606.ENSP00000380876,9643
9606.ENSP00000324741,9644
9606.ENSP00000356355,9645
9606.ENSP00000225174,9646
9606.ENSP00000261655,9647
9606.ENSP00000295770,9648
9606.ENSP00000381480,9649
9606.ENSP00000316598,9650
9606.ENSP00000300659,9651
9606.ENSP00000241125,9652
9606.ENSP00000369409,9653
9606.ENSP00000221233,9654
9606.ENSP00000295113,9655
9606.ENSP00000378368,9656
9606.ENSP00000498386,9657
9606.ENSP00000369716,9658
9606.ENSP00000356370,9659
9606.ENSP00000397908,9660
9606.ENSP00000305875,9661
9606.ENSP00000349768,9662
9606.ENSP00000261191,9663
9606.ENSP00000215909,9664
9606.ENSP00000361418,9665
9606.ENSP00000204679,9666
9606.ENSP00000370421,9667
9606.ENSP00000355511,9668
9606.ENSP00000401498,9669
9606.ENSP00000499123,9670
9606.ENSP00000267425,9671
9606.ENSP00000358755,9672
9606.ENSP00000455906,9673
9606.ENSP00000397402,9674
9606.ENSP00000358519,9675
9606.ENSP00000329213,9676
9606.ENSP00000339918,9677
9606.ENSP00000470152,9678
9606.ENSP00000310928,9679
9606.ENSP00000381102,9680
9606.ENSP00000395340,9681
9606.ENSP00000346890,9682
9606.ENSP00000441927,9683
9606.ENSP00000330842,9684
9606.ENSP00000417686,9685
9606.ENSP00000482870,9686
9606.ENSP00000272371,9687
9606.ENSP00000268699,9688
9606.ENSP00000486725,9689
9606.ENSP00000216714,9690
9606.ENSP00000266069,9691
9606.ENSP00000326671,9692
9606.ENSP00000371040,9693
9606.ENSP00000497587,9694
9606.ENSP00000246895,9695
9606.ENSP00000307741,9696
9606.ENSP00000493252,9697
9606.ENSP00000215980,9698
9606.ENSP00000297508,9699
9606.ENSP00000356848,9700
9606.ENSP00000406052,9701
9606.ENSP00000223073,9702
9606.ENSP00000250495,9703
9606.ENSP00000469441,9704
9606.ENSP00000216492,9705
9606.ENSP00000284476,9706
9606.ENSP00000372445,9707
9606.ENSP00000313571,9708
9606.ENSP00000086933,9709
9606.ENSP00000342699,9710
9606.ENSP00000429084,9711
9606.ENSP00000265843,9712
9606.ENSP00000293829,9713
9606.ENSP00000355506,9714
9606.ENSP00000329214,9715
9606.ENSP00000382083,9716
9606.ENSP00000263339,9717
9606.ENSP00000347591,9718
9606.ENSP00000377797,9719
9606.ENSP00000319140,9720
9606.ENSP00000360913,9721
9606.ENSP00000364037,9722
9606.ENSP00000361173,9723
9606.ENSP00000342374,9724
9606.ENSP00000364298,9725
9606.ENSP00000329158,9726
9606.ENSP00000262519,9727
9606.ENSP00000452552,9728
9606.ENSP00000263368,9729
9606.ENSP00000468897,9730
9606.ENSP00000231524,9731
9606.ENSP00000237642,9732
9606.ENSP00000267615,9733
9606.ENSP00000379108,9734
9606.ENSP00000342012,9735
9606.ENSP00000310521,9736
9606.ENSP00000454836,9737
9606.ENSP00000489236,9738
9606.ENSP00000494664,9739
9606.ENSP00000231498,9740
9606.ENSP00000301645,9741
9606.ENSP00000296015,9742
9606.ENSP00000355902,9743
9606.ENSP00000361264,9744
9606.ENSP00000287097,9745
9606.ENSP00000378431,9746
9606.ENSP00000418661,9747
9606.ENSP00000483842,9748
9606.ENSP00000353048,9749
9606.ENSP00000468236,9750
9606.ENSP00000479816,9751
9606.ENSP00000216286,9752
9606.ENSP00000433528,9753
9606.ENSP00000280377,9754
9606.ENSP00000315182,9755
9606.ENSP00000367139,9756
9606.ENSP00000216038,9757
9606.ENSP00000324203,9758
9606.ENSP00000244527,9759
9606.ENSP00000264265,9760
9606.ENSP00000481841,9761
9606.ENSP00000354039,9762
9606.ENSP00000469413,9763
9606.ENSP00000443113,9764
9606.ENSP00000363329,9765
9606.ENSP00000440945,9766
9606.ENSP00000256433,9767
9606.ENSP00000282041,9768
9606.ENSP00000363149,9769
9606.ENSP00000352516,9770
9606.ENSP00000361355,9771
9606.ENSP00000460475,9772
9606.ENSP00000349490,9773
9606.ENSP00000401445,9774
9606.ENSP00000295589,9775
9606.ENSP00000483110,9776
9606.ENSP00000362018,9777
9606.ENSP00000489944,9778
9606.ENSP00000420180,9779
9606.ENSP00000221972,9780
9606.ENSP00000300134,9781
9606.ENSP00000363023,9782
9606.ENSP00000259456,9783
9606.ENSP00000480279,9784
9606.ENSP00000259711,9785
9606.ENSP00000322180,9786
9606.ENSP00000377225,9787
9606.ENSP00000265245,9788
9606.ENSP00000293471,9789
9606.ENSP00000261819,9790
9606.ENSP00000366032,9791
9606.ENSP00000355536,9792
9606.ENSP00000234091,9793
9606.ENSP00000216027,9794
9606.ENSP00000389072,9795
9606.ENSP00000384211,9796
9606.ENSP00000336701,9797
9606.ENSP00000246071,9798
9606.ENSP00000227507,9799
9606.ENSP00000451080,9800
9606.ENSP00000340896,9801
9606.ENSP00000290363,9802
9606.ENSP00000367891,9803
9606.ENSP00000331745,9804
9606.ENSP00000257549,9805
9606.ENSP00000370242,9806
9606.ENSP00000266000,9807
9606.ENSP00000347495,9808
9606.ENSP00000256649,9809
9606.ENSP00000327604,9810
9606.ENSP00000262177,9811
9606.ENSP00000303145,9812
9606.ENSP00000497413,9813
9606.ENSP00000251089,9814
9606.ENSP00000261407,9815
9606.ENSP00000311538,9816
9606.ENSP00000274457,9817
9606.ENSP00000220966,9818
9606.ENSP00000371194,9819
9606.ENSP00000229769,9820
9606.ENSP00000351484,9821
9606.ENSP00000378935,9822
9606.ENSP00000495965,9823
9606.ENSP00000314151,9824
9606.ENSP00000432586,9825
9606.ENSP00000359740,9826
9606.ENSP00000386962,9827
9606.ENSP00000296145,9828
9606.ENSP00000278198,9829
9606.ENSP00000361993,9830
9606.ENSP00000296233,9831
9606.ENSP00000252971,9832
9606.ENSP00000414302,9833
9606.ENSP00000479964,9834
9606.ENSP00000464955,9835
9606.ENSP00000462667,9836
9606.ENSP00000283285,9837
9606.ENSP00000429824,9838
9606.ENSP00000376333,9839
9606.ENSP00000357103,9840
9606.ENSP00000314193,9841
9606.ENSP00000265963,9842
9606.ENSP00000373783,9843
9606.ENSP00000354649,9844
9606.ENSP00000242848,9845
9606.ENSP00000264436,9846
9606.ENSP00000263791,9847
9606.ENSP00000252804,9848
9606.ENSP00000305260,9849
9606.ENSP00000356954,9850
9606.ENSP00000263461,9851
9606.ENSP00000501092,9852
9606.ENSP00000281589,9853
9606.ENSP00000301272,9854
9606.ENSP00000256689,9855
9606.ENSP00000414906,9856
9606.ENSP00000389095,9857
9606.ENSP00000317872,9858
9606.ENSP00000415786,9859
9606.ENSP00000280258,9860
9606.ENSP00000498374,9861
9606.ENSP00000442477,9862
9606.ENSP00000308122,9863
9606.ENSP00000250825,9864
9606.ENSP00000289749,9865
9606.ENSP00000329292,9866
9606.ENSP00000362807,9867
9606.ENSP00000496229,9868
9606.ENSP00000287380,9869
9606.ENSP00000431719,9870
9606.ENSP00000331614,9871
9606.ENSP00000359386,9872
9606.ENSP00000319482,9873
9606.ENSP00000389900,9874
9606.ENSP00000379651,9875
9606.ENSP00000405004,9876
9606.ENSP00000265717,9877
9606.ENSP00000368716,9878
9606.ENSP00000365745,9879
9606.ENSP00000384015,9880
9606.ENSP00000298815,9881
9606.ENSP00000434614,9882
9606.ENSP00000305653,9883
9606.ENSP00000262304,9884
9606.ENSP00000377197,9885
9606.ENSP00000264451,9886
9606.ENSP00000362306,9887
9606.ENSP00000460823,9888
9606.ENSP00000401867,9889
9606.ENSP00000261534,9890
9606.ENSP00000493946,9891
9606.ENSP00000309953,9892
9606.ENSP00000310216,9893
9606.ENSP00000433933,9894
9606.ENSP00000402855,9895
9606.ENSP00000337014,9896
9606.ENSP00000485586,9897
9606.ENSP00000371219,9898
9606.ENSP00000035307,9899
9606.ENSP00000416739,9900
9606.ENSP00000381628,9901
9606.ENSP00000261845,9902
9606.ENSP00000385848,9903
9606.ENSP00000264601,9904
9606.ENSP00000480401,9905
9606.ENSP00000403649,9906
9606.ENSP00000455811,9907
9606.ENSP00000415743,9908
9606.ENSP00000255688,9909
9606.ENSP00000374490,9910
9606.ENSP00000409896,9911
9606.ENSP00000299952,9912
9606.ENSP00000256906,9913
9606.ENSP00000258416,9914
9606.ENSP00000357823,9915
9606.ENSP00000001008,9916
9606.ENSP00000397181,9917
9606.ENSP00000247815,9918
9606.ENSP00000317224,9919
9606.ENSP00000346986,9920
9606.ENSP00000283875,9921
9606.ENSP00000299821,9922
9606.ENSP00000257860,9923
9606.ENSP00000451030,9924
9606.ENSP00000233143,9925
9606.ENSP00000301633,9926
9606.ENSP00000303015,9927
9606.ENSP00000350136,9928
9606.ENSP00000416158,9929
9606.ENSP00000258888,9930
9606.ENSP00000247461,9931
9606.ENSP00000496695,9932
9606.ENSP00000331681,9933
9606.ENSP00000480722,9934
9606.ENSP00000314042,9935
9606.ENSP00000324573,9936
9606.ENSP00000376317,9937
9606.ENSP00000286794,9938
9606.ENSP00000347041,9939
9606.ENSP00000363868,9940
9606.ENSP00000413001,9941
9606.ENSP00000411816,9942
9606.ENSP00000454404,9943
9606.ENSP00000378288,9944
9606.ENSP00000347119,9945
9606.ENSP00000324532,9946
9606.ENSP00000333298,9947
9606.ENSP00000498246,9948
9606.ENSP00000318604,9949
9606.ENSP00000363260,9950
9606.ENSP00000298130,9951
9606.ENSP00000300651,9952
9606.ENSP00000296473,9953
9606.ENSP00000363787,9954
9606.ENSP00000335060,9955
9606.ENSP00000268638,9956
9606.ENSP00000383212,9957
9606.ENSP00000220812,9958
9606.ENSP00000318486,9959
9606.ENSP00000497915,9960
9606.ENSP00000302961,9961
9606.ENSP00000283871,9962
9606.ENSP00000306324,9963
9606.ENSP00000383931,9964
9606.ENSP00000236959,9965
9606.ENSP00000333948,9966
9606.ENSP00000261893,9967
9606.ENSP00000298510,9968
9606.ENSP00000367939,9969
9606.ENSP00000358159,9970
9606.ENSP00000369251,9971
9606.ENSP00000261195,9972
9606.ENSP00000363640,9973
9606.ENSP00000263753,9974
9606.ENSP00000301061,9975
9606.ENSP00000361048,9976
9606.ENSP00000361458,9977
9606.ENSP00000276079,9978
9606.ENSP00000239666,9979
9606.ENSP00000256103,9980
9606.ENSP00000430025,9981
9606.ENSP00000219302,9982
9606.ENSP00000453293,9983
9606.ENSP00000261296,9984
9606.ENSP00000346120,9985
9606.ENSP00000338967,9986
9606.ENSP00000296350,9987
9606.ENSP00000365720,9988
9606.ENSP00000470248,9989
9606.ENSP00000392896,9990
9606.ENSP00000496416,9991
9606.ENSP00000243457,9992
9606.ENSP00000373518,9993
9606.ENSP00000334051,9994
9606.ENSP00000293502,9995
9606.ENSP00000377311,9996
9606.ENSP00000305533,9997
9606.ENSP00000240922,9998
9606.ENSP00000261304,9999
9606.ENSP00000354688,10000
9606.ENSP00000479586,10001
9606.ENSP00000410862,10002
9606.ENSP00000398368,10003
9606.ENSP00000328287,10004
9606.ENSP00000408204,10005
9606.ENSP00000376637,10006
9606.ENSP00000377934,10007
9606.ENSP00000243389,10008
9606.ENSP00000355809,10009
9606.ENSP00000501093,10010
9606.ENSP00000326381,10011
9606.ENSP00000215743,10012
9606.ENSP00000429283,10013
9606.ENSP00000368458,10014
9606.ENSP00000384092,10015
9606.ENSP00000367104,10016
9606.ENSP00000311486,10017
9606.ENSP00000414095,10018
9606.ENSP00000378557,10019
9606.ENSP00000371141,10020
9606.ENSP00000464357,10021
9606.ENSP00000254657,10022
9606.ENSP00000301908,10023
9606.ENSP00000463233,10024
9606.ENSP00000362208,10025
9606.ENSP00000390613,10026
9606.ENSP00000307241,10027
9606.ENSP00000341657,10028
9606.ENSP00000302297,10029
9606.ENSP00000260402,10030
9606.ENSP00000371180,10031
9606.ENSP00000161863,10032
9606.ENSP00000358886,10033
9606.ENSP00000362103,10034
9606.ENSP00000366654,10035
9606.ENSP00000380524,10036
9606.ENSP00000184266,10037
9606.ENSP00000294053,10038
9606.ENSP00000344087,10039
9606.ENSP00000440190,10040
9606.ENSP00000466834,10041
9606.ENSP00000371393,10042
9606.ENSP00000304226,10043
9606.ENSP00000258201,10044
9606.ENSP00000406164,10045
9606.ENSP00000263966,10046
9606.ENSP00000483921,10047
9606.ENSP00000155926,10048
9606.ENSP00000363314,10049
9606.ENSP00000346768,10050
9606.ENSP00000215582,10051
9606.ENSP00000299084,10052
9606.ENSP00000328708,10053
9606.ENSP00000479134,10054
9606.ENSP00000366452,10055
9606.ENSP00000257192,10056
9606.ENSP00000360645,10057
9606.ENSP00000380781,10058
9606.ENSP00000397082,10059
9606.ENSP00000264230,10060
9606.ENSP00000319705,10061
9606.ENSP00000351811,10062
9606.ENSP00000471041,10063
9606.ENSP00000270349,10064
9606.ENSP00000348455,10065
9606.ENSP00000243786,10066
9606.ENSP00000459615,10067
9606.ENSP00000466010,10068
9606.ENSP00000385519,10069
9606.ENSP00000345502,10070
9606.ENSP00000263847,10071
9606.ENSP00000352925,10072
9606.ENSP00000337572,10073
9606.ENSP00000351832,10074
9606.ENSP00000338572,10075
9606.ENSP00000319531,10076
9606.ENSP00000345772,10077
9606.ENSP00000416250,10078
9606.ENSP00000454062,10079
9606.ENSP00000263026,10080
9606.ENSP00000367086,10081
9606.ENSP00000284142,10082
9606.ENSP00000354855,10083
9606.ENSP00000375608,10084
9606.ENSP00000340125,10085
9606.ENSP00000294435,10086
9606.ENSP00000274376,10087
9606.ENSP00000359345,10088
9606.ENSP00000369099,10089
9606.ENSP00000207457,10090
9606.ENSP00000456609,10091
9606.ENSP00000327611,10092
9606.ENSP00000371548,10093
9606.ENSP00000278550,10094
9606.ENSP00000370936,10095
9606.ENSP00000297012,10096
9606.ENSP00000438399,10097
9606.ENSP00000479119,10098
9606.ENSP00000332103,10099
9606.ENSP00000255040,10100
9606.ENSP00000247883,10101
9606.ENSP00000357980,10102
9606.ENSP00000450909,10103
9606.ENSP00000420127,10104
9606.ENSP00000216489,10105
9606.ENSP00000349238,10106
9606.ENSP00000423354,10107
9606.ENSP00000334364,10108
9606.ENSP00000350295,10109
9606.ENSP00000343741,10110
9606.ENSP00000315775,10111
9606.ENSP00000262207,10112
9606.ENSP00000424798,10113
9606.ENSP00000359581,10114
9606.ENSP00000340176,10115
9606.ENSP00000257905,10116
9606.ENSP00000259803,10117
9606.ENSP00000483356,10118
9606.ENSP00000351209,10119
9606.ENSP00000386559,10120
9606.ENSP00000497110,10121
9606.ENSP00000442008,10122
9606.ENSP00000342676,10123
9606.ENSP00000442439,10124
9606.ENSP00000378845,10125
9606.ENSP00000492974,10126
9606.ENSP00000417573,10127
9606.ENSP00000282369,10128
9606.ENSP00000261881,10129
9606.ENSP00000265070,10130
9606.ENSP00000282141,10131
9606.ENSP00000354772,10132
9606.ENSP00000439601,10133
9606.ENSP00000404122,10134
9606.ENSP00000269593,10135
9606.ENSP00000367893,10136
9606.ENSP00000263354,10137
9606.ENSP00000397103,10138
9606.ENSP00000261007,10139
9606.ENSP00000483688,10140
9606.ENSP00000383851,10141
9606.ENSP00000248150,10142
9606.ENSP00000466134,10143
9606.ENSP00000215781,10144
9606.ENSP00000292301,10145
9606.ENSP00000231721,10146
9606.ENSP00000331556,10147
9606.ENSP00000339795,10148
9606.ENSP00000385470,10149
9606.ENSP00000263897,10150
9606.ENSP00000433488,10151
9606.ENSP00000380878,10152
9606.ENSP00000258526,10153
9606.ENSP00000290349,10154
9606.ENSP00000303325,10155
9606.ENSP00000357644,10156
9606.ENSP00000439244,10157
9606.ENSP00000362824,10158
9606.ENSP00000466298,10159
9606.ENSP00000354573,10160
9606.ENSP00000435380,10161
9606.ENSP00000375429,10162
9606.ENSP00000333938,10163
9606.ENSP00000249501,10164
9606.ENSP00000294904,10165
9606.ENSP00000451162,10166
9606.ENSP00000309968,10167
9606.ENSP00000436679,10168
9606.ENSP00000263686,10169
9606.ENSP00000262435,10170
9606.ENSP00000279249,10171
9606.ENSP00000440689,10172
9606.ENSP00000462647,10173
9606.ENSP00000489712,10174
9606.ENSP00000359085,10175
9606.ENSP00000326070,10176
9606.ENSP00000490209,10177
9606.ENSP00000252597,10178
9606.ENSP00000216442,10179
9606.ENSP00000495564,10180
9606.ENSP00000414517,10181
9606.ENSP00000483469,10182
9606.ENSP00000501150,10183
9606.ENSP00000369317,10184
9606.ENSP00000444029,10185
9606.ENSP00000333262,10186
9606.ENSP00000372286,10187
9606.ENSP00000426654,10188
9606.ENSP00000262374,10189
9606.ENSP00000216367,10190
9606.ENSP00000263080,10191
9606.ENSP00000483300,10192
9606.ENSP00000222812,10193
9606.ENSP00000294507,10194
9606.ENSP00000252050,10195
9606.ENSP00000444198,10196
9606.ENSP00000359765,10197
9606.ENSP00000312082,10198
9606.ENSP00000447537,10199
9606.ENSP00000368411,10200
9606.ENSP00000406482,10201
9606.ENSP00000284154,10202
9606.ENSP00000306010,10203
9606.ENSP00000221538,10204
9606.ENSP00000280326,10205
9606.ENSP00000441823,10206
9606.ENSP00000355920,10207
9606.ENSP00000276943,10208
9606.ENSP00000255389,10209
9606.ENSP00000349016,10210
9606.ENSP00000460539,10211
9606.ENSP00000406463,10212
9606.ENSP00000360473,10213
9606.ENSP00000492019,10214
9606.ENSP00000220822,10215
9606.ENSP00000270560,10216
9606.ENSP00000376582,10217
9606.ENSP00000469981,10218
9606.ENSP00000404854,10219
9606.ENSP00000359904,10220
9606.ENSP00000427223,10221
9606.ENSP00000416534,10222
9606.ENSP00000220429,10223
9606.ENSP00000356520,10224
9606.ENSP00000396045,10225
9606.ENSP00000312385,10226
9606.ENSP00000286424,10227
9606.ENSP00000498441,10228
9606.ENSP00000353165,10229
9606.ENSP00000217246,10230
9606.ENSP00000323183,10231
9606.ENSP00000238647,10232
9606.ENSP00000334836,10233
9606.ENSP00000351040,10234
9606.ENSP00000429707,10235
9606.ENSP00000322706,10236
9606.ENSP00000398778,10237
9606.ENSP00000294244,10238
9606.ENSP00000265970,10239
9606.ENSP00000307911,10240
9606.ENSP00000250831,10241
9606.ENSP00000394484,10242
9606.ENSP00000221265,10243
9606.ENSP00000455785,10244
9606.ENSP00000333203,10245
9606.ENSP00000332983,10246
9606.ENSP00000482169,10247
9606.ENSP00000323527,10248
9606.ENSP00000498577,10249
9606.ENSP00000370297,10250
9606.ENSP00000492220,10251
9606.ENSP00000439444,10252
9606.ENSP00000389009,10253
9606.ENSP00000451962,10254
9606.ENSP00000222115,10255
9606.ENSP00000392709,10256
9606.ENSP00000370519,10257
9606.ENSP00000364721,10258
9606.ENSP00000257863,10259
9606.ENSP00000353824,10260
9606.ENSP00000379895,10261
9606.ENSP00000482410,10262
9606.ENSP00000261441,10263
9606.ENSP00000371345,10264
9606.ENSP00000267257,10265
9606.ENSP00000445383,10266
9606.ENSP00000298251,10267
9606.ENSP00000019103,10268
9606.ENSP00000360327,10269
9606.ENSP00000232892,10270
9606.ENSP00000385385,10271
9606.ENSP00000364212,10272
9606.ENSP00000370460,10273
9606.ENSP00000386543,10274
9606.ENSP00000399970,10275
9606.ENSP00000364929,10276
9606.ENSP00000342931,10277
9606.ENSP00000369270,10278
9606.ENSP00000424571,10279
9606.ENSP00000410042,10280
9606.ENSP00000210060,10281
9606.ENSP00000314556,10282
9606.ENSP00000280357,10283
9606.ENSP00000364397,10284
9606.ENSP00000369440,10285
9606.ENSP00000308024,10286
9606.ENSP00000413861,10287
9606.ENSP00000336894,10288
9606.ENSP00000443291,10289
9606.ENSP00000442563,10290
9606.ENSP00000339813,10291
9606.ENSP00000265708,10292
9606.ENSP00000255192,10293
9606.ENSP00000317721,10294
9606.ENSP00000337180,10295
9606.ENSP00000441786,10296
9606.ENSP00000276659,10297
9606.ENSP00000383402,10298
9606.ENSP00000368144,10299
9606.ENSP00000345268,10300
9606.ENSP00000248244,10301
9606.ENSP00000445306,10302
9606.ENSP00000410083,10303
9606.ENSP00000205143,10304
9606.ENSP00000327436,10305
9606.ENSP00000256079,10306
9606.ENSP00000373918,10307
9606.ENSP00000200457,10308
9606.ENSP00000040877,10309
9606.ENSP00000498042,10310
9606.ENSP00000430128,10311
9606.ENSP00000428112,10312
9606.ENSP00000369134,10313
9606.ENSP00000341625,10314
9606.ENSP00000356430,10315
9606.ENSP00000266643,10316
9606.ENSP00000329654,10317
9606.ENSP00000264335,10318
9606.ENSP00000497271,10319
9606.ENSP00000382590,10320
9606.ENSP00000355689,10321
9606.ENSP00000302783,10322
9606.ENSP00000358939,10323
9606.ENSP00000432511,10324
9606.ENSP00000456340,10325
9606.ENSP00000295171,10326
9606.ENSP00000344547,10327
9606.ENSP00000432459,10328
9606.ENSP00000219599,10329
9606.ENSP00000384387,10330
9606.ENSP00000369399,10331
9606.ENSP00000332013,10332
9606.ENSP00000423822,10333
9606.ENSP00000217121,10334
9606.ENSP00000380250,10335
9606.ENSP00000327179,10336
9606.ENSP00000297164,10337
9606.ENSP00000316042,10338
9606.ENSP00000331544,10339
9606.ENSP00000496921,10340
9606.ENSP00000312535,10341
9606.ENSP00000322249,10342
9606.ENSP00000215855,10343
9606.ENSP00000381736,10344
9606.ENSP00000261267,10345
9606.ENSP00000359871,10346
9606.ENSP00000242261,10347
9606.ENSP00000355929,10348
9606.ENSP00000467176,10349
9606.ENSP00000301765,10350
9606.ENSP00000380184,10351
9606.ENSP00000333639,10352
9606.ENSP00000254868,10353
9606.ENSP00000385706,10354
9606.ENSP00000347195,10355
9606.ENSP00000341171,10356
9606.ENSP00000262815,10357
9606.ENSP00000231238,10358
9606.ENSP00000411940,10359
9606.ENSP00000340132,10360
9606.ENSP00000343899,10361
9606.ENSP00000295588,10362
9606.ENSP00000282633,10363
9606.ENSP00000445633,10364
9606.ENSP00000492512,10365
9606.ENSP00000210187,10366
9606.ENSP00000315371,10367
9606.ENSP00000399797,10368
9606.ENSP00000479617,10369
9606.ENSP00000420298,10370
9606.ENSP00000336829,10371
9606.ENSP00000333952,10372
9606.ENSP00000497174,10373
9606.ENSP00000259339,10374
9606.ENSP00000354554,10375
9606.ENSP00000299300,10376
9606.ENSP00000485612,10377
9606.ENSP00000351185,10378
9606.ENSP00000307491,10379
9606.ENSP00000303997,10380
9606.ENSP00000339566,10381
9606.ENSP00000477344,10382
9606.ENSP00000356652,10383
9606.ENSP00000494040,10384
9606.ENSP00000292616,10385
9606.ENSP00000366970,10386
9606.ENSP00000334134,10387
9606.ENSP00000258443,10388
9606.ENSP00000311827,10389
9606.ENSP00000232978,10390
9606.ENSP00000312649,10391
9606.ENSP00000301653,10392
9606.ENSP00000378972,10393
9606.ENSP00000310622,10394
9606.ENSP00000356832,10395
9606.ENSP00000324960,10396
9606.ENSP00000322316,10397
9606.ENSP00000265174,10398
9606.ENSP00000247020,10399
9606.ENSP00000205636,10400
9606.ENSP00000002125,10401
9606.ENSP00000417659,10402
9606.ENSP00000244728,10403
9606.ENSP00000379643,10404
9606.ENSP00000249750,10405
9606.ENSP00000363770,10406
9606.ENSP00000330572,10407
9606.ENSP00000462521,10408
9606.ENSP00000365782,10409
9606.ENSP00000431443,10410
9606.ENSP00000379709,10411
9606.ENSP00000484078,10412
9606.ENSP00000278836,10413
9606.ENSP00000369154,10414
9606.ENSP00000405514,10415
9606.ENSP00000426809,10416
9606.ENSP00000355736,10417
9606.ENSP00000489674,10418
9606.ENSP00000293288,10419
9606.ENSP00000260227,10420
9606.ENSP00000331310,10421
9606.ENSP00000238738,10422
9606.ENSP00000356972,10423
9606.ENSP00000458075,10424
9606.ENSP00000418823,10425
9606.ENSP00000220659,10426
9606.ENSP00000378887,10427
9606.ENSP00000226091,10428
9606.ENSP00000355922,10429
9606.ENSP00000345672,10430
9606.ENSP00000499683,10431
9606.ENSP00000158762,10432
9606.ENSP00000259708,10433
9606.ENSP00000350353,10434
9606.ENSP00000309477,10435
9606.ENSP00000369699,10436
9606.ENSP00000199936,10437
9606.ENSP00000306185,10438
9606.ENSP00000480558,10439
9606.ENSP00000498711,10440
9606.ENSP00000378409,10441
9606.ENSP00000455064,10442
9606.ENSP00000428343,10443
9606.ENSP00000332148,10444
9606.ENSP00000216190,10445
9606.ENSP00000363680,10446
9606.ENSP00000483552,10447
9606.ENSP00000365388,10448
9606.ENSP00000351937,10449
9606.ENSP00000282185,10450
9606.ENSP00000249887,10451
9606.ENSP00000315743,10452
9606.ENSP00000265340,10453
9606.ENSP00000362110,10454
9606.ENSP00000315136,10455
9606.ENSP00000429763,10456
9606.ENSP00000381302,10457
9606.ENSP00000255304,10458
9606.ENSP00000317902,10459
9606.ENSP00000348170,10460
9606.ENSP00000263578,10461
9606.ENSP00000377703,10462
9606.ENSP00000255499,10463
9606.ENSP00000363506,10464
9606.ENSP00000354912,10465
9606.ENSP00000359305,10466
9606.ENSP00000497916,10467
9606.ENSP00000426632,10468
9606.ENSP00000422907,10469
9606.ENSP00000382895,10470
9606.ENSP00000255136,10471
9606.ENSP00000452662,10472
9606.ENSP00000295757,10473
9606.ENSP00000356771,10474
9606.ENSP00000248929,10475
9606.ENSP00000320117,10476
9606.ENSP00000497815,10477
9606.ENSP00000479919,10478
9606.ENSP00000219281,10479
9606.ENSP00000411848,10480
9606.ENSP00000342082,10481
9606.ENSP00000341779,10482
9606.ENSP00000425979,10483
9606.ENSP00000333292,10484
9606.ENSP00000265967,10485
9606.ENSP00000317214,10486
9606.ENSP00000380432,10487
9606.ENSP00000362121,10488
9606.ENSP00000322775,10489
9606.ENSP00000227451,10490
9606.ENSP00000353608,10491
9606.ENSP00000264331,10492
9606.ENSP00000386165,10493
9606.ENSP00000356641,10494
9606.ENSP00000004982,10495
9606.ENSP00000366460,10496
9606.ENSP00000372155,10497
9606.ENSP00000309124,10498
9606.ENSP00000352071,10499
9606.ENSP00000064780,10500
9606.ENSP00000319914,10501
9606.ENSP00000254759,10502
9606.ENSP00000311427,10503
9606.ENSP00000361110,10504
9606.ENSP00000468312,10505
9606.ENSP00000358365,10506
9606.ENSP00000416707,10507
9606.ENSP00000421926,10508
9606.ENSP00000360060,10509
9606.ENSP00000321498,10510
9606.ENSP00000447488,10511
9606.ENSP00000486285,10512
9606.ENSP00000271751,10513
9606.ENSP00000291495,10514
9606.ENSP00000440222,10515
9606.ENSP00000357425,10516
9606.ENSP00000326718,10517
9606.ENSP00000346065,10518
9606.ENSP00000305682,10519
9606.ENSP00000358963,10520
9606.ENSP00000379256,10521
9606.ENSP00000303356,10522
9606.ENSP00000327145,10523
9606.ENSP00000375863,10524
9606.ENSP00000310448,10525
9606.ENSP00000385958,10526
9606.ENSP00000387699,10527
9606.ENSP00000497382,10528
9606.ENSP00000334910,10529
9606.ENSP00000239690,10530
9606.ENSP00000263341,10531
9606.ENSP00000427211,10532
9606.ENSP00000360664,10533
9606.ENSP00000417764,10534
9606.ENSP00000497910,10535
9606.ENSP00000300404,10536
9606.ENSP00000359225,10537
9606.ENSP00000296754,10538
9606.ENSP00000264346,10539
9606.ENSP00000352992,10540
9606.ENSP00000265069,10541
9606.ENSP00000282032,10542
9606.ENSP00000460236,10543
9606.ENSP00000439768,10544
9606.ENSP00000377576,10545
9606.ENSP00000246672,10546
9606.ENSP00000356438,10547
9606.ENSP00000468633,10548
9606.ENSP00000425864,10549
9606.ENSP00000412482,10550
9606.ENSP00000481203,10551
9606.ENSP00000290650,10552
9606.ENSP00000432651,10553
9606.ENSP00000215071,10554
9606.ENSP00000300619,10555
9606.ENSP00000491717,10556
9606.ENSP00000297954,10557
9606.ENSP00000451291,10558
9606.ENSP00000411253,10559
9606.ENSP00000369755,10560
9606.ENSP00000359380,10561
9606.ENSP00000410059,10562
9606.ENSP00000371689,10563
9606.ENSP00000387091,10564
9606.ENSP00000414884,10565
9606.ENSP00000262027,10566
9606.ENSP00000281830,10567
9606.ENSP00000358466,10568
9606.ENSP00000373404,10569
9606.ENSP00000365806,10570
9606.ENSP00000226524,10571
9606.ENSP00000342222,10572
9606.ENSP00000232461,10573
9606.ENSP00000319370,10574
9606.ENSP00000291592,10575
9606.ENSP00000354932,10576
9606.ENSP00000358423,10577
9606.ENSP00000376269,10578
9606.ENSP00000345731,10579
9606.ENSP00000225724,10580
9606.ENSP00000380794,10581
9606.ENSP00000215794,10582
9606.ENSP00000345767,10583
9606.ENSP00000389297,10584
9606.ENSP00000360874,10585
9606.ENSP00000290722,10586
9606.ENSP00000339787,10587
9606.ENSP00000414287,10588
9606.ENSP00000378635,10589
9606.ENSP00000498945,10590
9606.ENSP00000311746,10591
9606.ENSP00000269143,10592
9606.ENSP00000444411,10593
9606.ENSP00000494684,10594
9606.ENSP00000361060,10595
9606.ENSP00000344666,10596
9606.ENSP00000355566,10597
9606.ENSP00000359321,10598
9606.ENSP00000367705,10599
9606.ENSP00000303522,10600
9606.ENSP00000370990,10601
9606.ENSP00000264932,10602
9606.ENSP00000231790,10603
9606.ENSP00000375909,10604
9606.ENSP00000347197,10605
9606.ENSP00000343742,10606
9606.ENSP00000271638,10607
9606.ENSP00000444425,10608
9606.ENSP00000438886,10609
9606.ENSP00000379011,10610
9606.ENSP00000222120,10611
9606.ENSP00000355623,10612
9606.ENSP00000297504,10613
9606.ENSP00000262213,10614
9606.ENSP00000046794,10615
9606.ENSP00000366208,10616
9606.ENSP00000261596,10617
9606.ENSP00000356386,10618
9606.ENSP00000343428,10619
9606.ENSP00000474096,10620
9606.ENSP00000435150,10621
9606.ENSP00000308351,10622
9606.ENSP00000300087,10623
9606.ENSP00000403396,10624
9606.ENSP00000371018,10625
9606.ENSP00000396935,10626
9606.ENSP00000358565,10627
9606.ENSP00000234296,10628
9606.ENSP00000328187,10629
9606.ENSP00000268231,10630
9606.ENSP00000359607,10631
9606.ENSP00000378784,10632
9606.ENSP00000245046,10633
9606.ENSP00000483254,10634
9606.ENSP00000497310,10635
9606.ENSP00000311224,10636
9606.ENSP00000300051,10637
9606.ENSP00000297532,10638
9606.ENSP00000369176,10639
9606.ENSP00000251535,10640
9606.ENSP00000483328,10641
9606.ENSP00000222823,10642
9606.ENSP00000358525,10643
9606.ENSP00000326232,10644
9606.ENSP00000261514,10645
9606.ENSP00000386306,10646
9606.ENSP00000310472,10647
9606.ENSP00000345023,10648
9606.ENSP00000332690,10649
9606.ENSP00000384638,10650
9606.ENSP00000482674,10651
9606.ENSP00000413150,10652
9606.ENSP00000281806,10653
9606.ENSP00000013125,10654
9606.ENSP00000282561,10655
9606.ENSP00000251412,10656
9606.ENSP00000380150,10657
9606.ENSP00000240651,10658
9606.ENSP00000307666,10659
9606.ENSP00000362728,10660
9606.ENSP00000295887,10661
9606.ENSP00000364519,10662
9606.ENSP00000254976,10663
9606.ENSP00000262150,10664
9606.ENSP00000355827,10665
9606.ENSP00000262366,10666
9606.ENSP00000376055,10667
9606.ENSP00000481633,10668
9606.ENSP00000287667,10669
9606.ENSP00000479326,10670
9606.ENSP00000365804,10671
9606.ENSP00000357565,10672
9606.ENSP00000351250,10673
9606.ENSP00000253247,10674
9606.ENSP00000363322,10675
9606.ENSP00000311469,10676
9606.ENSP00000325919,10677
9606.ENSP00000310861,10678
9606.ENSP00000483936,10679
9606.ENSP00000455265,10680
9606.ENSP00000376322,10681
9606.ENSP00000223061,10682
9606.ENSP00000386170,10683
9606.ENSP00000364979,10684
9606.ENSP00000318585,10685
9606.ENSP00000378401,10686
9606.ENSP00000354361,10687
9606.ENSP00000320658,10688
9606.ENSP00000055682,10689
9606.ENSP00000479032,10690
9606.ENSP00000405405,10691
9606.ENSP00000333547,10692
9606.ENSP00000411932,10693
9606.ENSP00000476140,10694
9606.ENSP00000295101,10695
9606.ENSP00000357759,10696
9606.ENSP00000487365,10697
9606.ENSP00000354111,10698
9606.ENSP00000222002,10699
9606.ENSP00000376911,10700
9606.ENSP00000385410,10701
9606.ENSP00000297109,10702
9606.ENSP00000381577,10703
9606.ENSP00000429273,10704
9606.ENSP00000414516,10705
9606.ENSP00000493075,10706
9606.ENSP00000327070,10707
9606.ENSP00000264316,10708
9606.ENSP00000500582,10709
9606.ENSP00000365757,10710
9606.ENSP00000326570,10711
9606.ENSP00000278200,10712
9606.ENSP00000324920,10713
9606.ENSP00000485627,10714
9606.ENSP00000302319,10715
9606.ENSP00000362010,10716
9606.ENSP00000296684,10717
9606.ENSP00000371846,10718
9606.ENSP00000000412,10719
9606.ENSP00000384527,10720
9606.ENSP00000383234,10721
9606.ENSP00000261205,10722
9606.ENSP00000280605,10723
9606.ENSP00000254661,10724
9606.ENSP00000271636,10725
9606.ENSP00000245615,10726
9606.ENSP00000367879,10727
9606.ENSP00000343288,10728
9606.ENSP00000295897,10729
9606.ENSP00000321330,10730
9606.ENSP00000266671,10731
9606.ENSP00000257336,10732
9606.ENSP00000274242,10733
9606.ENSP00000479656,10734
9606.ENSP00000387654,10735
9606.ENSP00000393847,10736
9606.ENSP00000366307,10737
9606.ENSP00000351342,10738
9606.ENSP00000498136,10739
9606.ENSP00000413937,10740
9606.ENSP00000499935,10741
9606.ENSP00000378163,10742
9606.ENSP00000288840,10743
9606.ENSP00000349640,10744
9606.ENSP00000244333,10745
9606.ENSP00000325018,10746
9606.ENSP00000308610,10747
9606.ENSP00000222305,10748
9606.ENSP00000326550,10749
9606.ENSP00000426978,10750
9606.ENSP00000362344,10751
9606.ENSP00000360371,10752
9606.ENSP00000370653,10753
9606.ENSP00000348527,10754
9606.ENSP00000334866,10755
9606.ENSP00000356357,10756
9606.ENSP00000262096,10757
9606.ENSP00000354621,10758
9606.ENSP00000370912,10759
9606.ENSP00000361272,10760
9606.ENSP00000361266,10761
9606.ENSP00000370522,10762
9606.ENSP00000338613,10763
9606.ENSP00000493323,10764
9606.ENSP00000331897,10765
9606.ENSP00000301659,10766
9606.ENSP00000371682,10767
9606.ENSP00000353375,10768
9606.ENSP00000416126,10769
9606.ENSP00000341030,10770
9606.ENSP00000362687,10771
9606.ENSP00000312002,10772
9606.ENSP00000397947,10773
9606.ENSP00000498656,10774
9606.ENSP00000394560,10775
9606.ENSP00000493235,10776
9606.ENSP00000483640,10777
9606.ENSP00000292823,10778
9606.ENSP00000216911,10779
9606.ENSP00000369126,10780
9606.ENSP00000367309,10781
9606.ENSP00000379258,10782
9606.ENSP00000326806,10783
9606.ENSP00000315011,10784
9606.ENSP00000345848,10785
9606.ENSP00000360158,10786
9606.ENSP00000380903,10787
9606.ENSP00000298746,10788
9606.ENSP00000259486,10789
9606.ENSP00000234420,10790
9606.ENSP00000340330,10791
9606.ENSP00000300026,10792
9606.ENSP00000355250,10793
9606.ENSP00000321271,10794
9606.ENSP00000386902,10795
9606.ENSP00000447651,10796
9606.ENSP00000333181,10797
9606.ENSP00000330959,10798
9606.ENSP00000449381,10799
9606.ENSP00000351159,10800
9606.ENSP00000368565,10801
9606.ENSP00000333487,10802
9606.ENSP00000344782,10803
9606.ENSP00000209728,10804
9606.ENSP00000328269,10805
9606.ENSP00000377047,10806
9606.ENSP00000020926,10807
9606.ENSP00000264709,10808
9606.ENSP00000354158,10809
9606.ENSP00000256592,10810
9606.ENSP00000377696,10811
9606.ENSP00000315295,10812
9606.ENSP00000458065,10813
9606.ENSP00000346478,10814
9606.ENSP00000281081,10815
9606.ENSP00000249749,10816
9606.ENSP00000339435,10817
9606.ENSP00000479488,10818
9606.ENSP00000434442,10819
9606.ENSP00000369887,10820
9606.ENSP00000498786,10821
9606.ENSP00000340329,10822
9606.ENSP00000338389,10823
9606.ENSP00000370288,10824
9606.ENSP00000242591,10825
9606.ENSP00000417378,10826
9606.ENSP00000352904,10827
9606.ENSP00000257776,10828
9606.ENSP00000242108,10829
9606.ENSP00000328854,10830
9606.ENSP00000330945,10831
9606.ENSP00000284110,10832
9606.ENSP00000313854,10833
9606.ENSP00000438757,10834
9606.ENSP00000383303,10835
9606.ENSP00000312617,10836
9606.ENSP00000323663,10837
9606.ENSP00000204549,10838
9606.ENSP00000318861,10839
9606.ENSP00000379111,10840
9606.ENSP00000483430,10841
9606.ENSP00000405674,10842
9606.ENSP00000357097,10843
9606.ENSP00000002596,10844
9606.ENSP00000417677,10845
9606.ENSP00000355001,10846
9606.ENSP00000319846,10847
9606.ENSP00000229266,10848
9606.ENSP00000328327,10849
9606.ENSP00000320936,10850
9606.ENSP00000479811,10851
9606.ENSP00000331012,10852
9606.ENSP00000384421,10853
9606.ENSP00000321106,10854
9606.ENSP00000466214,10855
9606.ENSP00000362238,10856
9606.ENSP00000436005,10857
9606.ENSP00000497653,10858
9606.ENSP00000296859,10859
9606.ENSP00000196061,10860
9606.ENSP00000331748,10861
9606.ENSP00000366927,10862
9606.ENSP00000302790,10863
9606.ENSP00000229214,10864
9606.ENSP00000349594,10865
9606.ENSP00000358464,10866
9606.ENSP00000329127,10867
9606.ENSP00000357791,10868
9606.ENSP00000264674,10869
9606.ENSP00000381057,10870
9606.ENSP00000341382,10871
9606.ENSP00000314733,10872
9606.ENSP00000258173,10873
9606.ENSP00000305714,10874
9606.ENSP00000346175,10875
9606.ENSP00000301218,10876
9606.ENSP00000356905,10877
9606.ENSP00000482232,10878
9606.ENSP00000366465,10879
9606.ENSP00000229330,10880
9606.ENSP00000326630,10881
9606.ENSP00000370114,10882
9606.ENSP00000268668,10883
9606.ENSP00000284669,10884
9606.ENSP00000254998,10885
9606.ENSP00000282412,10886
9606.ENSP00000309439,10887
9606.ENSP00000472308,10888
9606.ENSP00000380450,10889
9606.ENSP00000323046,10890
9606.ENSP00000366170,10891
9606.ENSP00000485552,10892
9606.ENSP00000366998,10893
9606.ENSP00000217159,10894
9606.ENSP00000482027,10895
9606.ENSP00000419194,10896
9606.ENSP00000433967,10897
9606.ENSP00000286760,10898
9606.ENSP00000339477,10899
9606.ENSP00000252100,10900
9606.ENSP00000495360,10901
9606.ENSP00000223528,10902
9606.ENSP00000496268,10903
9606.ENSP00000492363,10904
9606.ENSP00000457243,10905
9606.ENSP00000499121,10906
9606.ENSP00000160373,10907
9606.ENSP00000375649,10908
9606.ENSP00000445001,10909
9606.ENSP00000285398,10910
9606.ENSP00000296679,10911
9606.ENSP00000494067,10912
9606.ENSP00000357556,10913
9606.ENSP00000305107,10914
9606.ENSP00000484732,10915
9606.ENSP00000417235,10916
9606.ENSP00000344314,10917
9606.ENSP00000410910,10918
9606.ENSP00000354927,10919
9606.ENSP00000362616,10920
9606.ENSP00000481046,10921
9606.ENSP00000252999,10922
9606.ENSP00000348453,10923
9606.ENSP00000419834,10924
9606.ENSP00000223641,10925
9606.ENSP00000399457,10926
9606.ENSP00000299238,10927
9606.ENSP00000343966,10928
9606.ENSP00000371936,10929
9606.ENSP00000292377,10930
9606.ENSP00000225698,10931
9606.ENSP00000363642,10932
9606.ENSP00000356110,10933
9606.ENSP00000261875,10934
9606.ENSP00000266085,10935
9606.ENSP00000393392,10936
9606.ENSP00000419279,10937
9606.ENSP00000247178,10938
9606.ENSP00000438468,10939
9606.ENSP00000280481,10940
9606.ENSP00000202556,10941
9606.ENSP00000297156,10942
9606.ENSP00000375892,10943
9606.ENSP00000384621,10944
9606.ENSP00000430947,10945
9606.ENSP00000262209,10946
9606.ENSP00000157812,10947
9606.ENSP00000431010,10948
9606.ENSP00000398523,10949
9606.ENSP00000398632,10950
9606.ENSP00000332353,10951
9606.ENSP00000364000,10952
9606.ENSP00000313140,10953
9606.ENSP00000363836,10954
9606.ENSP00000270642,10955
9606.ENSP00000410216,10956
9606.ENSP00000246635,10957
9606.ENSP00000354739,10958
9606.ENSP00000323856,10959
9606.ENSP00000458954,10960
9606.ENSP00000381214,10961
9606.ENSP00000354723,10962
9606.ENSP00000409667,10963
9606.ENSP00000493011,10964
9606.ENSP00000330361,10965
9606.ENSP00000463092,10966
9606.ENSP00000258418,10967
9606.ENSP00000274721,10968
9606.ENSP00000363753,10969
9606.ENSP00000433205,10970
9606.ENSP00000363824,10971
9606.ENSP00000332576,10972
9606.ENSP00000377262,10973
9606.ENSP00000362549,10974
9606.ENSP00000435777,10975
9606.ENSP00000355657,10976
9606.ENSP00000278070,10977
9606.ENSP00000491669,10978
9606.ENSP00000398736,10979
9606.ENSP00000259457,10980
9606.ENSP00000357036,10981
9606.ENSP00000306968,10982
9606.ENSP00000346725,10983
9606.ENSP00000317144,10984
9606.ENSP00000309031,10985
9606.ENSP00000498241,10986
9606.ENSP00000354497,10987
9606.ENSP00000300738,10988
9606.ENSP00000328023,10989
9606.ENSP00000448665,10990
9606.ENSP00000217407,10991
9606.ENSP00000442308,10992
9606.ENSP00000358635,10993
9606.ENSP00000272602,10994
9606.ENSP00000370695,10995
9606.ENSP00000353826,10996
9606.ENSP00000378367,10997
9606.ENSP00000357764,10998
9606.ENSP00000310933,10999
9606.ENSP00000497183,11000
9606.ENSP00000292147,11001
9606.ENSP00000258742,11002
9606.ENSP00000262305,11003
9606.ENSP00000279036,11004
9606.ENSP00000254508,11005
9606.ENSP00000245121,11006
9606.ENSP00000312286,11007
9606.ENSP00000409231,11008
9606.ENSP00000378056,11009
9606.ENSP00000440077,11010
9606.ENSP00000260843,11011
9606.ENSP00000440485,11012
9606.ENSP00000420384,11013
9606.ENSP00000331106,11014
9606.ENSP00000229395,11015
9606.ENSP00000286301,11016
9606.ENSP00000375873,11017
9606.ENSP00000295065,11018
9606.ENSP00000361599,11019
9606.ENSP00000252530,11020
9606.ENSP00000259229,11021
9606.ENSP00000455114,11022
9606.ENSP00000240618,11023
9606.ENSP00000371110,11024
9606.ENSP00000439427,11025
9606.ENSP00000402301,11026
9606.ENSP00000482639,11027
9606.ENSP00000261797,11028
9606.ENSP00000314030,11029
9606.ENSP00000304945,11030
9606.ENSP00000355385,11031
9606.ENSP00000447001,11032
9606.ENSP00000303963,11033
9606.ENSP00000462099,11034
9606.ENSP00000282020,11035
9606.ENSP00000451206,11036
9606.ENSP00000351520,11037
9606.ENSP00000335055,11038
9606.ENSP00000260443,11039
9606.ENSP00000311127,11040
9606.ENSP00000380033,11041
9606.ENSP00000445366,11042
9606.ENSP00000417748,11043
9606.ENSP00000318684,11044
9606.ENSP00000496813,11045
9606.ENSP00000227638,11046
9606.ENSP00000295619,11047
9606.ENSP00000484343,11048
9606.ENSP00000287239,11049
9606.ENSP00000369729,11050
9606.ENSP00000497236,11051
9606.ENSP00000414350,11052
9606.ENSP00000493184,11053
9606.ENSP00000491663,11054
9606.ENSP00000263116,11055
9606.ENSP00000410964,11056
9606.ENSP00000223129,11057
9606.ENSP00000416696,11058
9606.ENSP00000308000,11059
9606.ENSP00000365318,11060
9606.ENSP00000233710,11061
9606.ENSP00000388713,11062
9606.ENSP00000325525,11063
9606.ENSP00000398568,11064
9606.ENSP00000410186,11065
9606.ENSP00000424846,11066
9606.ENSP00000408342,11067
9606.ENSP00000347845,11068
9606.ENSP00000326003,11069
9606.ENSP00000340644,11070
9606.ENSP00000384259,11071
9606.ENSP00000485022,11072
9606.ENSP00000230792,11073
9606.ENSP00000287936,11074
9606.ENSP00000286808,11075
9606.ENSP00000419879,11076
9606.ENSP00000373354,11077
9606.ENSP00000299367,11078
9606.ENSP00000366962,11079
9606.ENSP00000355574,11080
9606.ENSP00000465517,11081
9606.ENSP00000221566,11082
9606.ENSP00000498867,11083
9606.ENSP00000314116,11084
9606.ENSP00000290295,11085
9606.ENSP00000458791,11086
9606.ENSP00000401303,11087
9606.ENSP00000230048,11088
9606.ENSP00000368066,11089
9606.ENSP00000285420,11090
9606.ENSP00000387996,11091
9606.ENSP00000339730,11092
9606.ENSP00000426167,11093
9606.ENSP00000498402,11094
9606.ENSP00000233121,11095
9606.ENSP00000265983,11096
9606.ENSP00000304767,11097
9606.ENSP00000372482,11098
9606.ENSP00000481249,11099
9606.ENSP00000233336,11100
9606.ENSP00000436812,11101
9606.ENSP00000391806,11102
9606.ENSP00000311760,11103
9606.ENSP00000259239,11104
9606.ENSP00000359727,11105
9606.ENSP00000364490,11106
9606.ENSP00000209875,11107
9606.ENSP00000298282,11108
9606.ENSP00000361926,11109
9606.ENSP00000500986,11110
9606.ENSP00000361186,11111
9606.ENSP00000382342,11112
9606.ENSP00000292314,11113
9606.ENSP00000424765,11114
9606.ENSP00000275428,11115
9606.ENSP00000362441,11116
9606.ENSP00000331736,11117
9606.ENSP00000348752,11118
9606.ENSP00000501135,11119
9606.ENSP00000326604,11120
9606.ENSP00000496197,11121
9606.ENSP00000332118,11122
9606.ENSP00000247306,11123
9606.ENSP00000347948,11124
9606.ENSP00000401853,11125
9606.ENSP00000355601,11126
9606.ENSP00000261047,11127
9606.ENSP00000246115,11128
9606.ENSP00000255882,11129
9606.ENSP00000386378,11130
9606.ENSP00000379438,11131
9606.ENSP00000305138,11132
9606.ENSP00000481126,11133
9606.ENSP00000334330,11134
9606.ENSP00000457044,11135
9606.ENSP00000307321,11136
9606.ENSP00000023064,11137
9606.ENSP00000295688,11138
9606.ENSP00000433919,11139
9606.ENSP00000401010,11140
9606.ENSP00000444896,11141
9606.ENSP00000241502,11142
9606.ENSP00000368766,11143
9606.ENSP00000364448,11144
9606.ENSP00000249389,11145
9606.ENSP00000363500,11146
9606.ENSP00000361860,11147
9606.ENSP00000350333,11148
9606.ENSP00000486109,11149
9606.ENSP00000336666,11150
9606.ENSP00000233202,11151
9606.ENSP00000270061,11152
9606.ENSP00000430276,11153
9606.ENSP00000382518,11154
9606.ENSP00000482075,11155
9606.ENSP00000386201,11156
9606.ENSP00000328364,11157
9606.ENSP00000215057,11158
9606.ENSP00000259883,11159
9606.ENSP00000467141,11160
9606.ENSP00000371419,11161
9606.ENSP00000263150,11162
9606.ENSP00000265000,11163
9606.ENSP00000332407,11164
9606.ENSP00000265138,11165
9606.ENSP00000356265,11166
9606.ENSP00000385035,11167
9606.ENSP00000396163,11168
9606.ENSP00000363360,11169
9606.ENSP00000250448,11170
9606.ENSP00000310726,11171
9606.ENSP00000323036,11172
9606.ENSP00000493536,11173
9606.ENSP00000285599,11174
9606.ENSP00000388638,11175
9606.ENSP00000381703,11176
9606.ENSP00000404570,11177
9606.ENSP00000447006,11178
9606.ENSP00000362207,11179
9606.ENSP00000477848,11180
9606.ENSP00000244869,11181
9606.ENSP00000332973,11182
9606.ENSP00000453095,11183
9606.ENSP00000369145,11184
9606.ENSP00000395505,11185
9606.ENSP00000329846,11186
9606.ENSP00000394352,11187
9606.ENSP00000497249,11188
9606.ENSP00000419235,11189
9606.ENSP00000403683,11190
9606.ENSP00000300688,11191
9606.ENSP00000381377,11192
9606.ENSP00000293745,11193
9606.ENSP00000283905,11194
9606.ENSP00000295269,11195
9606.ENSP00000262629,11196
9606.ENSP00000386498,11197
9606.ENSP00000319883,11198
9606.ENSP00000384169,11199
9606.ENSP00000226067,11200
9606.ENSP00000353920,11201
9606.ENSP00000355192,11202
9606.ENSP00000360939,11203
9606.ENSP00000304364,11204
9606.ENSP00000272203,11205
9606.ENSP00000345849,11206
9606.ENSP00000493354,11207
9606.ENSP00000376188,11208
9606.ENSP00000384949,11209
9606.ENSP00000333947,11210
9606.ENSP00000356793,11211
9606.ENSP00000339835,11212
9606.ENSP00000244040,11213
9606.ENSP00000308022,11214
9606.ENSP00000311135,11215
9606.ENSP00000260665,11216
9606.ENSP00000416429,11217
9606.ENSP00000304277,11218
9606.ENSP00000263849,11219
9606.ENSP00000265382,11220
9606.ENSP00000262127,11221
9606.ENSP00000382177,11222
9606.ENSP00000468002,11223
9606.ENSP00000317971,11224
9606.ENSP00000011292,11225
9606.ENSP00000429309,11226
9606.ENSP00000498819,11227
9606.ENSP00000360822,11228
9606.ENSP00000360116,11229
9606.ENSP00000378236,11230
9606.ENSP00000345917,11231
9606.ENSP00000495556,11232
9606.ENSP00000360540,11233
9606.ENSP00000357883,11234
9606.ENSP00000361207,11235
9606.ENSP00000440402,11236
9606.ENSP00000360968,11237
9606.ENSP00000500220,11238
9606.ENSP00000310405,11239
9606.ENSP00000365596,11240
9606.ENSP00000263967,11241
9606.ENSP00000378483,11242
9606.ENSP00000299314,11243
9606.ENSP00000294338,11244
9606.ENSP00000303908,11245
9606.ENSP00000403459,11246
9606.ENSP00000257264,11247
9606.ENSP00000490744,11248
9606.ENSP00000334767,11249
9606.ENSP00000358142,11250
9606.ENSP00000346196,11251
9606.ENSP00000393222,11252
9606.ENSP00000311429,11253
9606.ENSP00000271277,11254
9606.ENSP00000476117,11255
9606.ENSP00000262262,11256
9606.ENSP00000266546,11257
9606.ENSP00000249041,11258
9606.ENSP00000449500,11259
9606.ENSP00000355124,11260
9606.ENSP00000451818,11261
9606.ENSP00000356237,11262
9606.ENSP00000346997,11263
9606.ENSP00000253382,11264
9606.ENSP00000480291,11265
9606.ENSP00000296582,11266
9606.ENSP00000327431,11267
9606.ENSP00000384222,11268
9606.ENSP00000357721,11269
9606.ENSP00000337804,11270
9606.ENSP00000413156,11271
9606.ENSP00000161559,11272
9606.ENSP00000371469,11273
9606.ENSP00000488361,11274
9606.ENSP00000303706,11275
9606.ENSP00000243189,11276
9606.ENSP00000269601,11277
9606.ENSP00000460070,11278
9606.ENSP00000376397,11279
9606.ENSP00000479794,11280
9606.ENSP00000274361,11281
9606.ENSP00000414303,11282
9606.ENSP00000330382,11283
9606.ENSP00000370373,11284
9606.ENSP00000253270,11285
9606.ENSP00000376367,11286
9606.ENSP00000361990,11287
9606.ENSP00000348849,11288
9606.ENSP00000363079,11289
9606.ENSP00000436049,11290
9606.ENSP00000491332,11291
9606.ENSP00000346827,11292
9606.ENSP00000354490,11293
9606.ENSP00000343023,11294
9606.ENSP00000378992,11295
9606.ENSP00000424015,11296
9606.ENSP00000326432,11297
9606.ENSP00000261796,11298
9606.ENSP00000380697,11299
9606.ENSP00000265191,11300
9606.ENSP00000385757,11301
9606.ENSP00000444215,11302
9606.ENSP00000488437,11303
9606.ENSP00000465630,11304
9606.ENSP00000343838,11305
9606.ENSP00000278886,11306
9606.ENSP00000379218,11307
9606.ENSP00000351147,11308
9606.ENSP00000246112,11309
9606.ENSP00000338130,11310
9606.ENSP00000318867,11311
9606.ENSP00000370808,11312
9606.ENSP00000351100,11313
9606.ENSP00000261249,11314
9606.ENSP00000256637,11315
9606.ENSP00000498476,11316
9606.ENSP00000302114,11317
9606.ENSP00000363162,11318
9606.ENSP00000261716,11319
9606.ENSP00000371985,11320
9606.ENSP00000367459,11321
9606.ENSP00000248342,11322
9606.ENSP00000290231,11323
9606.ENSP00000380517,11324
9606.ENSP00000353332,11325
9606.ENSP00000379841,11326
9606.ENSP00000378284,11327
9606.ENSP00000387159,11328
9606.ENSP00000334122,11329
9606.ENSP00000379678,11330
9606.ENSP00000360850,11331
9606.ENSP00000382815,11332
9606.ENSP00000258399,11333
9606.ENSP00000276571,11334
9606.ENSP00000431391,11335
9606.ENSP00000234961,11336
9606.ENSP00000434570,11337
9606.ENSP00000341247,11338
9606.ENSP00000278612,11339
9606.ENSP00000353922,11340
9606.ENSP00000385006,11341
9606.ENSP00000320949,11342
9606.ENSP00000244137,11343
9606.ENSP00000302851,11344
9606.ENSP00000303634,11345
9606.ENSP00000413496,11346
9606.ENSP00000362540,11347
9606.ENSP00000231061,11348
9606.ENSP00000434364,11349
9606.ENSP00000376902,11350
9606.ENSP00000480971,11351
9606.ENSP00000258962,11352
9606.ENSP00000364956,11353
9606.ENSP00000370129,11354
9606.ENSP00000402576,11355
9606.ENSP00000221086,11356
9606.ENSP00000336740,11357
9606.ENSP00000370571,11358
9606.ENSP00000261558,11359
9606.ENSP00000471457,11360
9606.ENSP00000428619,11361
9606.ENSP00000366271,11362
9606.ENSP00000296946,11363
9606.ENSP00000217289,11364
9606.ENSP00000432973,11365
9606.ENSP00000262018,11366
9606.ENSP00000492787,11367
9606.ENSP00000327821,11368
9606.ENSP00000480884,11369
9606.ENSP00000484715,11370
9606.ENSP00000310170,11371
9606.ENSP00000380053,11372
9606.ENSP00000300213,11373
9606.ENSP00000367649,11374
9606.ENSP00000341992,11375
9606.ENSP00000046087,11376
9606.ENSP00000229758,11377
9606.ENSP00000311398,11378
9606.ENSP00000489189,11379
9606.ENSP00000243903,11380
9606.ENSP00000360569,11381
9606.ENSP00000356581,11382
9606.ENSP00000219162,11383
9606.ENSP00000243344,11384
9606.ENSP00000354829,11385
9606.ENSP00000400175,11386
9606.ENSP00000362109,11387
9606.ENSP00000347649,11388
9606.ENSP00000288943,11389
9606.ENSP00000416515,11390
9606.ENSP00000303482,11391
9606.ENSP00000343619,11392
9606.ENSP00000402346,11393
9606.ENSP00000279575,11394
9606.ENSP00000435844,11395
9606.ENSP00000499795,11396
9606.ENSP00000382382,11397
9606.ENSP00000419425,11398
9606.ENSP00000376943,11399
9606.ENSP00000209884,11400
9606.ENSP00000280700,11401
9606.ENSP00000226574,11402
9606.ENSP00000255082,11403
9606.ENSP00000385451,11404
9606.ENSP00000360918,11405
9606.ENSP00000370088,11406
9606.ENSP00000261292,11407
9606.ENSP00000395574,11408
9606.ENSP00000223023,11409
9606.ENSP00000361363,11410
9606.ENSP00000367691,11411
9606.ENSP00000465759,11412
9606.ENSP00000442318,11413
9606.ENSP00000444839,11414
9606.ENSP00000489814,11415
9606.ENSP00000284818,11416
9606.ENSP00000263382,11417
9606.ENSP00000362116,11418
9606.ENSP00000310596,11419
9606.ENSP00000369989,11420
9606.ENSP00000297347,11421
9606.ENSP00000384115,11422
9606.ENSP00000318960,11423
9606.ENSP00000341963,11424
9606.ENSP00000339720,11425
9606.ENSP00000359206,11426
9606.ENSP00000331103,11427
9606.ENSP00000359799,11428
9606.ENSP00000369682,11429
9606.ENSP00000301729,11430
9606.ENSP00000387185,11431
9606.ENSP00000367163,11432
9606.ENSP00000201031,11433
9606.ENSP00000478061,11434
9606.ENSP00000491014,11435
9606.ENSP00000243349,11436
9606.ENSP00000450731,11437
9606.ENSP00000358541,11438
9606.ENSP00000314223,11439
9606.ENSP00000331342,11440
9606.ENSP00000359384,11441
9606.ENSP00000362123,11442
9606.ENSP00000312652,11443
9606.ENSP00000313953,11444
9606.ENSP00000304229,11445
9606.ENSP00000360626,11446
9606.ENSP00000468723,11447
9606.ENSP00000325313,11448
9606.ENSP00000410992,11449
9606.ENSP00000444788,11450
9606.ENSP00000366007,11451
9606.ENSP00000363458,11452
9606.ENSP00000318222,11453
9606.ENSP00000316842,11454
9606.ENSP00000366161,11455
9606.ENSP00000419371,11456
9606.ENSP00000313169,11457
9606.ENSP00000327077,11458
9606.ENSP00000378310,11459
9606.ENSP00000300245,11460
9606.ENSP00000328251,11461
9606.ENSP00000300093,11462
9606.ENSP00000362948,11463
9606.ENSP00000421405,11464
9606.ENSP00000285298,11465
9606.ENSP00000443246,11466
9606.ENSP00000500193,11467
9606.ENSP00000367498,11468
9606.ENSP00000356218,11469
9606.ENSP00000297524,11470
9606.ENSP00000304941,11471
9606.ENSP00000496593,11472
9606.ENSP00000360195,11473
9606.ENSP00000372170,11474
9606.ENSP00000473553,11475
9606.ENSP00000303211,11476
9606.ENSP00000235521,11477
9606.ENSP00000276198,11478
9606.ENSP00000312741,11479
9606.ENSP00000437849,11480
9606.ENSP00000268125,11481
9606.ENSP00000258439,11482
9606.ENSP00000386786,11483
9606.ENSP00000477648,11484
9606.ENSP00000266529,11485
9606.ENSP00000296266,11486
9606.ENSP00000428338,11487
9606.ENSP00000236850,11488
9606.ENSP00000343223,11489
9606.ENSP00000402038,11490
9606.ENSP00000378312,11491
9606.ENSP00000226247,11492
9606.ENSP00000263519,11493
9606.ENSP00000483283,11494
9606.ENSP00000253754,11495
9606.ENSP00000383365,11496
9606.ENSP00000348838,11497
9606.ENSP00000264234,11498
9606.ENSP00000276410,11499
9606.ENSP00000240619,11500
9606.ENSP00000392407,11501
9606.ENSP00000494538,11502
9606.ENSP00000269397,11503
9606.ENSP00000256001,11504
9606.ENSP00000262160,11505
9606.ENSP00000371535,11506
9606.ENSP00000264071,11507
9606.ENSP00000352676,11508
9606.ENSP00000390630,11509
9606.ENSP00000420294,11510
9606.ENSP00000419782,11511
9606.ENSP00000377456,11512
9606.ENSP00000324270,11513
9606.ENSP00000435582,11514
9606.ENSP00000428924,11515
9606.ENSP00000331678,11516
9606.ENSP00000403536,11517
9606.ENSP00000462835,11518
9606.ENSP00000252244,11519
9606.ENSP00000304435,11520
9606.ENSP00000339850,11521
9606.ENSP00000340820,11522
9606.ENSP00000261381,11523
9606.ENSP00000353284,11524
9606.ENSP00000264170,11525
9606.ENSP00000467041,11526
9606.ENSP00000355499,11527
9606.ENSP00000227667,11528
9606.ENSP00000311492,11529
9606.ENSP00000451605,11530
9606.ENSP00000422626,11531
9606.ENSP00000362688,11532
9606.ENSP00000269466,11533
9606.ENSP00000297904,11534
9606.ENSP00000362817,11535
9606.ENSP00000290130,11536
9606.ENSP00000275015,11537
9606.ENSP00000467600,11538
9606.ENSP00000284981,11539
9606.ENSP00000302486,11540
9606.ENSP00000306983,11541
9606.ENSP00000389252,11542
9606.ENSP00000340409,11543
9606.ENSP00000410603,11544
9606.ENSP00000257904,11545
9606.ENSP00000480150,11546
9606.ENSP00000474560,11547
9606.ENSP00000421544,11548
9606.ENSP00000370408,11549
9606.ENSP00000386541,11550
9606.ENSP00000357789,11551
9606.ENSP00000297283,11552
9606.ENSP00000339637,11553
9606.ENSP00000360316,11554
9606.ENSP00000328875,11555
9606.ENSP00000244534,11556
9606.ENSP00000349259,11557
9606.ENSP00000358374,11558
9606.ENSP00000480467,11559
9606.ENSP00000327168,11560
9606.ENSP00000361883,11561
9606.ENSP00000364080,11562
9606.ENSP00000477922,11563
9606.ENSP00000304051,11564
9606.ENSP00000303437,11565
9606.ENSP00000329668,11566
9606.ENSP00000304268,11567
9606.ENSP00000377224,11568
9606.ENSP00000362127,11569
9606.ENSP00000343896,11570
9606.ENSP00000335281,11571
9606.ENSP00000445757,11572
9606.ENSP00000454746,11573
9606.ENSP00000358081,11574
9606.ENSP00000296327,11575
9606.ENSP00000372505,11576
9606.ENSP00000255108,11577
9606.ENSP00000430598,11578
9606.ENSP00000364886,11579
9606.ENSP00000373153,11580
9606.ENSP00000306157,11581
9606.ENSP00000369192,11582
9606.ENSP00000327801,11583
9606.ENSP00000264233,11584
9606.ENSP00000307298,11585
9606.ENSP00000261917,11586
9606.ENSP00000321963,11587
9606.ENSP00000483667,11588
9606.ENSP00000249700,11589
9606.ENSP00000288135,11590
9606.ENSP00000254029,11591
9606.ENSP00000478187,11592
9606.ENSP00000005286,11593
9606.ENSP00000354929,11594
9606.ENSP00000317743,11595
9606.ENSP00000384999,11596
9606.ENSP00000258494,11597
9606.ENSP00000352510,11598
9606.ENSP00000273371,11599
9606.ENSP00000270879,11600
9606.ENSP00000328133,11601
9606.ENSP00000364699,11602
9606.ENSP00000346693,11603
9606.ENSP00000295987,11604
9606.ENSP00000365312,11605
9606.ENSP00000364555,11606
9606.ENSP00000284878,11607
9606.ENSP00000250863,11608
9606.ENSP00000363041,11609
9606.ENSP00000389381,11610
9606.ENSP00000402510,11611
9606.ENSP00000358696,11612
9606.ENSP00000433295,11613
9606.ENSP00000260570,11614
9606.ENSP00000390410,11615
9606.ENSP00000298181,11616
9606.ENSP00000376103,11617
9606.ENSP00000267807,11618
9606.ENSP00000318057,11619
9606.ENSP00000484640,11620
9606.ENSP00000347792,11621
9606.ENSP00000348602,11622
9606.ENSP00000496339,11623
9606.ENSP00000357773,11624
9606.ENSP00000428968,11625
9606.ENSP00000253083,11626
9606.ENSP00000362618,11627
9606.ENSP00000314709,11628
9606.ENSP00000379898,11629
9606.ENSP00000253193,11630
9606.ENSP00000354923,11631
9606.ENSP00000480524,11632
9606.ENSP00000264819,11633
9606.ENSP00000373420,11634
9606.ENSP00000371291,11635
9606.ENSP00000373073,11636
9606.ENSP00000303584,11637
9606.ENSP00000238831,11638
9606.ENSP00000471921,11639
9606.ENSP00000364324,11640
9606.ENSP00000261883,11641
9606.ENSP00000499131,11642
9606.ENSP00000300527,11643
9606.ENSP00000304903,11644
9606.ENSP00000357881,11645
9606.ENSP00000467271,11646
9606.ENSP00000216106,11647
9606.ENSP00000478887,11648
9606.ENSP00000428426,11649
9606.ENSP00000472469,11650
9606.ENSP00000296099,11651
9606.ENSP00000405987,11652
9606.ENSP00000369559,11653
9606.ENSP00000360613,11654
9606.ENSP00000487363,11655
9606.ENSP00000251250,11656
9606.ENSP00000228434,11657
9606.ENSP00000365861,11658
9606.ENSP00000350369,11659
9606.ENSP00000261980,11660
9606.ENSP00000404658,11661
9606.ENSP00000295682,11662
9606.ENSP00000267377,11663
9606.ENSP00000290949,11664
9606.ENSP00000417581,11665
9606.ENSP00000314441,11666
9606.ENSP00000311837,11667
9606.ENSP00000331302,11668
9606.ENSP00000285393,11669
9606.ENSP00000264399,11670
9606.ENSP00000176183,11671
9606.ENSP00000381213,11672
9606.ENSP00000344125,11673
9606.ENSP00000350447,11674
9606.ENSP00000396330,11675
9606.ENSP00000370589,11676
9606.ENSP00000337224,11677
9606.ENSP00000343144,11678
9606.ENSP00000327758,11679
9606.ENSP00000358730,11680
9606.ENSP00000348565,11681
9606.ENSP00000457810,11682
9606.ENSP00000261349,11683
9606.ENSP00000296452,11684
9606.ENSP00000359300,11685
9606.ENSP00000296577,11686
9606.ENSP00000273258,11687
9606.ENSP00000362273,11688
9606.ENSP00000434776,11689
9606.ENSP00000350332,11690
9606.ENSP00000296424,11691
9606.ENSP00000379087,11692
9606.ENSP00000357979,11693
9606.ENSP00000464849,11694
9606.ENSP00000216122,11695
9606.ENSP00000251241,11696
9606.ENSP00000457230,11697
9606.ENSP00000423325,11698
9606.ENSP00000374280,11699
9606.ENSP00000262717,11700
9606.ENSP00000411831,11701
9606.ENSP00000272322,11702
9606.ENSP00000365081,11703
9606.ENSP00000422887,11704
9606.ENSP00000489407,11705
9606.ENSP00000264731,11706
9606.ENSP00000264051,11707
9606.ENSP00000481934,11708
9606.ENSP00000348931,11709
9606.ENSP00000296741,11710
9606.ENSP00000385285,11711
9606.ENSP00000491073,11712
9606.ENSP00000302846,11713
9606.ENSP00000257867,11714
9606.ENSP00000266970,11715
9606.ENSP00000385300,11716
9606.ENSP00000497406,11717
9606.ENSP00000256969,11718
9606.ENSP00000311905,11719
9606.ENSP00000261867,11720
9606.ENSP00000260731,11721
9606.ENSP00000301329,11722
9606.ENSP00000473686,11723
9606.ENSP00000257566,11724
9606.ENSP00000417061,11725
9606.ENSP00000328547,11726
9606.ENSP00000453562,11727
9606.ENSP00000369127,11728
9606.ENSP00000375921,11729
9606.ENSP00000341013,11730
9606.ENSP00000450436,11731
9606.ENSP00000438400,11732
9606.ENSP00000357112,11733
9606.ENSP00000358272,11734
9606.ENSP00000296271,11735
9606.ENSP00000284551,11736
9606.ENSP00000407118,11737
9606.ENSP00000482749,11738
9606.ENSP00000261799,11739
9606.ENSP00000353654,11740
9606.ENSP00000265239,11741
9606.ENSP00000474135,11742
9606.ENSP00000378476,11743
9606.ENSP00000356056,11744
9606.ENSP00000256682,11745
9606.ENSP00000376330,11746
9606.ENSP00000311502,11747
9606.ENSP00000474412,11748
9606.ENSP00000289248,11749
9606.ENSP00000478121,11750
9606.ENSP00000244230,11751
9606.ENSP00000356065,11752
9606.ENSP00000322898,11753
9606.ENSP00000361914,11754
9606.ENSP00000347689,11755
9606.ENSP00000295731,11756
9606.ENSP00000431162,11757
9606.ENSP00000361952,11758
9606.ENSP00000442770,11759
9606.ENSP00000279242,11760
9606.ENSP00000358616,11761
9606.ENSP00000420418,11762
9606.ENSP00000400224,11763
9606.ENSP00000377060,11764
9606.ENSP00000356421,11765
9606.ENSP00000368100,11766
9606.ENSP00000263285,11767
9606.ENSP00000253794,11768
9606.ENSP00000353128,11769
9606.ENSP00000261427,11770
9606.ENSP00000260643,11771
9606.ENSP00000378974,11772
9606.ENSP00000406220,11773
9606.ENSP00000305230,11774
9606.ENSP00000290378,11775
9606.ENSP00000327506,11776
9606.ENSP00000262219,11777
9606.ENSP00000481893,11778
9606.ENSP00000330341,11779
9606.ENSP00000430774,11780
9606.ENSP00000302648,11781
9606.ENSP00000425048,11782
9606.ENSP00000296129,11783
9606.ENSP00000323929,11784
9606.ENSP00000373700,11785
9606.ENSP00000331867,11786
9606.ENSP00000481733,11787
9606.ENSP00000265857,11788
9606.ENSP00000399324,11789
9606.ENSP00000390070,11790
9606.ENSP00000476176,11791
9606.ENSP00000267017,11792
9606.ENSP00000352798,11793
9606.ENSP00000345151,11794
9606.ENSP00000334374,11795
9606.ENSP00000283921,11796
9606.ENSP00000417222,11797
9606.ENSP00000394417,11798
9606.ENSP00000354091,11799
9606.ENSP00000254579,11800
9606.ENSP00000459533,11801
9606.ENSP00000362146,11802
9606.ENSP00000361009,11803
9606.ENSP00000358482,11804
9606.ENSP00000319635,11805
9606.ENSP00000349305,11806
9606.ENSP00000356301,11807
9606.ENSP00000308082,11808
9606.ENSP00000445418,11809
9606.ENSP00000221494,11810
9606.ENSP00000312273,11811
9606.ENSP00000355245,11812
9606.ENSP00000263559,11813
9606.ENSP00000285814,11814
9606.ENSP00000352527,11815
9606.ENSP00000354632,11816
9606.ENSP00000335193,11817
9606.ENSP00000438748,11818
9606.ENSP00000387365,11819
9606.ENSP00000356133,11820
9606.ENSP00000384273,11821
9606.ENSP00000332706,11822
9606.ENSP00000318085,11823
9606.ENSP00000400717,11824
9606.ENSP00000308332,11825
9606.ENSP00000262241,11826
9606.ENSP00000327453,11827
9606.ENSP00000362634,11828
9606.ENSP00000367817,11829
9606.ENSP00000334002,11830
9606.ENSP00000368237,11831
9606.ENSP00000347244,11832
9606.ENSP00000247843,11833
9606.ENSP00000419270,11834
9606.ENSP00000228515,11835
9606.ENSP00000415203,11836
9606.ENSP00000203407,11837
9606.ENSP00000400113,11838
9606.ENSP00000454264,11839
9606.ENSP00000422185,11840
9606.ENSP00000437256,11841
9606.ENSP00000400333,11842
9606.ENSP00000314508,11843
9606.ENSP00000301068,11844
9606.ENSP00000298295,11845
9606.ENSP00000296474,11846
9606.ENSP00000262238,11847
9606.ENSP00000455215,11848
9606.ENSP00000383044,11849
9606.ENSP00000316729,11850
9606.ENSP00000291560,11851
9606.ENSP00000361982,11852
9606.ENSP00000496832,11853
9606.ENSP00000262041,11854
9606.ENSP00000217244,11855
9606.ENSP00000225969,11856
9606.ENSP00000369689,11857
9606.ENSP00000312244,11858
9606.ENSP00000312066,11859
9606.ENSP00000359804,11860
9606.ENSP00000294728,11861
9606.ENSP00000362748,11862
9606.ENSP00000348708,11863
9606.ENSP00000360372,11864
9606.ENSP00000229771,11865
9606.ENSP00000227322,11866
9606.ENSP00000457408,11867
9606.ENSP00000367590,11868
9606.ENSP00000289013,11869
9606.ENSP00000271764,11870
9606.ENSP00000370546,11871
9606.ENSP00000420269,11872
9606.ENSP00000342793,11873
9606.ENSP00000302150,11874
9606.ENSP00000267415,11875
9606.ENSP00000430945,11876
9606.ENSP00000477314,11877
9606.ENSP00000297814,11878
9606.ENSP00000309790,11879
9606.ENSP00000401678,11880
9606.ENSP00000356795,11881
9606.ENSP00000379500,11882
9606.ENSP00000302886,11883
9606.ENSP00000241651,11884
9606.ENSP00000361475,11885
9606.ENSP00000292896,11886
9606.ENSP00000349205,11887
9606.ENSP00000005587,11888
9606.ENSP00000337368,11889
9606.ENSP00000482030,11890
9606.ENSP00000264716,11891
9606.ENSP00000262715,11892
9606.ENSP00000356791,11893
9606.ENSP00000397881,11894
9606.ENSP00000497104,11895
9606.ENSP00000381005,11896
9606.ENSP00000348564,11897
9606.ENSP00000366475,11898
9606.ENSP00000273283,11899
9606.ENSP00000371155,11900
9606.ENSP00000364482,11901
9606.ENSP00000261681,11902
9606.ENSP00000303174,11903
9606.ENSP00000369217,11904
9606.ENSP00000359532,11905
9606.ENSP00000378199,11906
9606.ENSP00000320081,11907
9606.ENSP00000355140,11908
9606.ENSP00000317674,11909
9606.ENSP00000440428,11910
9606.ENSP00000377027,11911
9606.ENSP00000369981,11912
9606.ENSP00000287934,11913
9606.ENSP00000358925,11914
9606.ENSP00000381693,11915
9606.ENSP00000353769,11916
9606.ENSP00000269392,11917
9606.ENSP00000326309,11918
9606.ENSP00000278840,11919
9606.ENSP00000333534,11920
9606.ENSP00000257694,11921
9606.ENSP00000376849,11922
9606.ENSP00000246080,11923
9606.ENSP00000352926,11924
9606.ENSP00000286835,11925
9606.ENSP00000348965,11926
9606.ENSP00000354543,11927
9606.ENSP00000393596,11928
9606.ENSP00000266383,11929
9606.ENSP00000481592,11930
9606.ENSP00000386376,11931
9606.ENSP00000305288,11932
9606.ENSP00000332646,11933
9606.ENSP00000252997,11934
9606.ENSP00000264634,11935
9606.ENSP00000312554,11936
9606.ENSP00000493232,11937
9606.ENSP00000453793,11938
9606.ENSP00000344468,11939
9606.ENSP00000217381,11940
9606.ENSP00000358997,11941
9606.ENSP00000312415,11942
9606.ENSP00000254605,11943
9606.ENSP00000281513,11944
9606.ENSP00000406909,11945
9606.ENSP00000385450,11946
9606.ENSP00000381009,11947
9606.ENSP00000301691,11948
9606.ENSP00000452037,11949
9606.ENSP00000302111,11950
9606.ENSP00000362413,11951
9606.ENSP00000370303,11952
9606.ENSP00000481581,11953
9606.ENSP00000254900,11954
9606.ENSP00000314606,11955
9606.ENSP00000349456,11956
9606.ENSP00000355299,11957
9606.ENSP00000373539,11958
9606.ENSP00000307288,11959
9606.ENSP00000256441,11960
9606.ENSP00000463013,11961
9606.ENSP00000280155,11962
9606.ENSP00000394954,11963
9606.ENSP00000253363,11964
9606.ENSP00000295683,11965
9606.ENSP00000353785,11966
9606.ENSP00000411099,11967
9606.ENSP00000480053,11968
9606.ENSP00000340434,11969
9606.ENSP00000416799,11970
9606.ENSP00000335261,11971
9606.ENSP00000264499,11972
9606.ENSP00000296755,11973
9606.ENSP00000357591,11974
9606.ENSP00000404121,11975
9606.ENSP00000292513,11976
9606.ENSP00000295454,11977
9606.ENSP00000342513,11978
9606.ENSP00000464780,11979
9606.ENSP00000216211,11980
9606.ENSP00000262370,11981
9606.ENSP00000306565,11982
9606.ENSP00000365840,11983
9606.ENSP00000252996,11984
9606.ENSP00000382274,11985
9606.ENSP00000232905,11986
9606.ENSP00000310829,11987
9606.ENSP00000437955,11988
9606.ENSP00000361894,11989
9606.ENSP00000420484,11990
9606.ENSP00000479861,11991
9606.ENSP00000357461,11992
9606.ENSP00000344967,11993
9606.ENSP00000286049,11994
9606.ENSP00000298786,11995
9606.ENSP00000355231,11996
9606.ENSP00000357901,11997
9606.ENSP00000273968,11998
9606.ENSP00000356256,11999
9606.ENSP00000380367,12000
9606.ENSP00000243611,12001
9606.ENSP00000320951,12002
9606.ENSP00000369681,12003
9606.ENSP00000446479,12004
9606.ENSP00000273450,12005
9606.ENSP00000251871,12006
9606.ENSP00000362463,12007
9606.ENSP00000262094,12008
9606.ENSP00000414150,12009
9606.ENSP00000348314,12010
9606.ENSP00000306123,12011
9606.ENSP00000332656,12012
9606.ENSP00000499200,12013
9606.ENSP00000472847,12014
9606.ENSP00000411822,12015
9606.ENSP00000415436,12016
9606.ENSP00000487073,12017
9606.ENSP00000336790,12018
9606.ENSP00000309338,12019
9606.ENSP00000232974,12020
9606.ENSP00000322532,12021
9606.ENSP00000430344,12022
9606.ENSP00000437563,12023
9606.ENSP00000360638,12024
9606.ENSP00000272638,12025
9606.ENSP00000259808,12026
9606.ENSP00000268482,12027
9606.ENSP00000338769,12028
9606.ENSP00000364632,12029
9606.ENSP00000273395,12030
9606.ENSP00000263918,12031
9606.ENSP00000325398,12032
9606.ENSP00000493780,12033
9606.ENSP00000290341,12034
9606.ENSP00000335384,12035
9606.ENSP00000417142,12036
9606.ENSP00000306760,12037
9606.ENSP00000294413,12038
9606.ENSP00000370125,12039
9606.ENSP00000310301,12040
9606.ENSP00000306410,12041
9606.ENSP00000216446,12042
9606.ENSP00000347444,12043
9606.ENSP00000365272,12044
9606.ENSP00000246186,12045
9606.ENSP00000304769,12046
9606.ENSP00000383611,12047
9606.ENSP00000357067,12048
9606.ENSP00000261520,12049
9606.ENSP00000328729,12050
9606.ENSP00000318629,12051
9606.ENSP00000343535,12052
9606.ENSP00000437360,12053
9606.ENSP00000498408,12054
9606.ENSP00000447731,12055
9606.ENSP00000323872,12056
9606.ENSP00000471191,12057
9606.ENSP00000339191,12058
9606.ENSP00000365492,12059
9606.ENSP00000311401,12060
9606.ENSP00000425375,12061
9606.ENSP00000281834,12062
9606.ENSP00000498622,12063
9606.ENSP00000296526,12064
9606.ENSP00000481750,12065
9606.ENSP00000304376,12066
9606.ENSP00000244709,12067
9606.ENSP00000350704,12068
9606.ENSP00000280187,12069
9606.ENSP00000358233,12070
9606.ENSP00000355900,12071
9606.ENSP00000265372,12072
9606.ENSP00000441980,12073
9606.ENSP00000351284,12074
9606.ENSP00000494373,12075
9606.ENSP00000347170,12076
9606.ENSP00000378405,12077
9606.ENSP00000428564,12078
9606.ENSP00000469194,12079
9606.ENSP00000237264,12080
9606.ENSP00000401566,12081
9606.ENSP00000498322,12082
9606.ENSP00000320359,12083
9606.ENSP00000314420,12084
9606.ENSP00000347836,12085
9606.ENSP00000319060,12086
9606.ENSP00000261889,12087
9606.ENSP00000205194,12088
9606.ENSP00000261167,12089
9606.ENSP00000365435,12090
9606.ENSP00000278855,12091
9606.ENSP00000270538,12092
9606.ENSP00000358310,12093
9606.ENSP00000437554,12094
9606.ENSP00000263187,12095
9606.ENSP00000248958,12096
9606.ENSP00000420174,12097
9606.ENSP00000199320,12098
9606.ENSP00000439020,12099
9606.ENSP00000352401,12100
9606.ENSP00000314132,12101
9606.ENSP00000369431,12102
9606.ENSP00000449270,12103
9606.ENSP00000386741,12104
9606.ENSP00000470129,12105
9606.ENSP00000218104,12106
9606.ENSP00000393978,12107
9606.ENSP00000377176,12108
9606.ENSP00000380165,12109
9606.ENSP00000257724,12110
9606.ENSP00000325120,12111
9606.ENSP00000357973,12112
9606.ENSP00000350633,12113
9606.ENSP00000427463,12114
9606.ENSP00000372689,12115
9606.ENSP00000345494,12116
9606.ENSP00000344866,12117
9606.ENSP00000380635,12118
9606.ENSP00000418082,12119
9606.ENSP00000366156,12120
9606.ENSP00000258704,12121
9606.ENSP00000250823,12122
9606.ENSP00000273857,12123
9606.ENSP00000324792,12124
9606.ENSP00000389241,12125
9606.ENSP00000232424,12126
9606.ENSP00000355632,12127
9606.ENSP00000261254,12128
9606.ENSP00000301744,12129
9606.ENSP00000464342,12130
9606.ENSP00000358815,12131
9606.ENSP00000321221,12132
9606.ENSP00000255194,12133
9606.ENSP00000362550,12134
9606.ENSP00000312129,12135
9606.ENSP00000253861,12136
9606.ENSP00000250340,12137
9606.ENSP00000361636,12138
9606.ENSP00000272839,12139
9606.ENSP00000242729,12140
9606.ENSP00000323074,12141
9606.ENSP00000388825,12142
9606.ENSP00000309644,12143
9606.ENSP00000480421,12144
9606.ENSP00000366939,12145
9606.ENSP00000305556,12146
9606.ENSP00000470788,12147
9606.ENSP00000480535,12148
9606.ENSP00000498260,12149
9606.ENSP00000446093,12150
9606.ENSP00000291744,12151
9606.ENSP00000305424,12152
9606.ENSP00000357876,12153
9606.ENSP00000266088,12154
9606.ENSP00000333956,12155
9606.ENSP00000498662,12156
9606.ENSP00000244769,12157
9606.ENSP00000366390,12158
9606.ENSP00000362014,12159
9606.ENSP00000363921,12160
9606.ENSP00000337386,12161
9606.ENSP00000497274,12162
9606.ENSP00000369647,12163
9606.ENSP00000279068,12164
9606.ENSP00000254799,12165
9606.ENSP00000397552,12166
9606.ENSP00000258424,12167
9606.ENSP00000490491,12168
9606.ENSP00000470185,12169
9606.ENSP00000367391,12170
9606.ENSP00000306625,12171
9606.ENSP00000336702,12172
9606.ENSP00000427018,12173
9606.ENSP00000418813,12174
9606.ENSP00000359353,12175
9606.ENSP00000499466,12176
9606.ENSP00000358715,12177
9606.ENSP00000371253,12178
9606.ENSP00000258400,12179
9606.ENSP00000347821,12180
9606.ENSP00000497260,12181
9606.ENSP00000357778,12182
9606.ENSP00000293973,12183
9606.ENSP00000361735,12184
9606.ENSP00000391227,12185
9606.ENSP00000263063,12186
9606.ENSP00000426653,12187
9606.ENSP00000379392,12188
9606.ENSP00000366937,12189
9606.ENSP00000439856,12190
9606.ENSP00000353032,12191
9606.ENSP00000293328,12192
9606.ENSP00000356853,12193
9606.ENSP00000326340,12194
9606.ENSP00000415454,12195
9606.ENSP00000263923,12196
9606.ENSP00000233146,12197
9606.ENSP00000482396,12198
9606.ENSP00000216416,12199
9606.ENSP00000390084,12200
9606.ENSP00000489859,12201
9606.ENSP00000348234,12202
9606.ENSP00000385089,12203
9606.ENSP00000358831,12204
9606.ENSP00000313582,12205
9606.ENSP00000261994,12206
9606.ENSP00000287585,12207
9606.ENSP00000384484,12208
9606.ENSP00000473631,12209
9606.ENSP00000348944,12210
9606.ENSP00000492612,12211
9606.ENSP00000356233,12212
9606.ENSP00000358060,12213
9606.ENSP00000301365,12214
9606.ENSP00000369581,12215
9606.ENSP00000291576,12216
9606.ENSP00000355904,12217
9606.ENSP00000413929,12218
9606.ENSP00000377192,12219
9606.ENSP00000373298,12220
9606.ENSP00000345571,12221
9606.ENSP00000318821,12222
9606.ENSP00000229268,12223
9606.ENSP00000362870,12224
9606.ENSP00000477908,12225
9606.ENSP00000356505,12226
9606.ENSP00000420037,12227
9606.ENSP00000464036,12228
9606.ENSP00000337478,12229
9606.ENSP00000304133,12230
9606.ENSP00000335025,12231
9606.ENSP00000299601,12232
9606.ENSP00000492752,12233
9606.ENSP00000395704,12234
9606.ENSP00000496954,12235
9606.ENSP00000383938,12236
9606.ENSP00000386942,12237
9606.ENSP00000309245,12238
9606.ENSP00000381032,12239
9606.ENSP00000259874,12240
9606.ENSP00000296658,12241
9606.ENSP00000369442,12242
9606.ENSP00000482546,12243
9606.ENSP00000281419,12244
9606.ENSP00000359022,12245
9606.ENSP00000367806,12246
9606.ENSP00000385215,12247
9606.ENSP00000355964,12248
9606.ENSP00000244217,12249
9606.ENSP00000250699,12250
9606.ENSP00000256447,12251
9606.ENSP00000393333,12252
9606.ENSP00000448012,12253
9606.ENSP00000331127,12254
9606.ENSP00000354960,12255
9606.ENSP00000364650,12256
9606.ENSP00000290216,12257
9606.ENSP00000348419,12258
9606.ENSP00000342560,12259
9606.ENSP00000493195,12260
9606.ENSP00000319476,12261
9606.ENSP00000352900,12262
9606.ENSP00000356150,12263
9606.ENSP00000306003,12264
9606.ENSP00000484121,12265
9606.ENSP00000362993,12266
9606.ENSP00000254667,12267
9606.ENSP00000393136,12268
9606.ENSP00000330188,12269
9606.ENSP00000296215,12270
9606.ENSP00000424381,12271
9606.ENSP00000274137,12272
9606.ENSP00000222286,12273
9606.ENSP00000225519,12274
9606.ENSP00000310842,12275
9606.ENSP00000358251,12276
9606.ENSP00000361467,12277
9606.ENSP00000337641,12278
9606.ENSP00000345195,12279
9606.ENSP00000481842,12280
9606.ENSP00000425561,12281
9606.ENSP00000295899,12282
9606.ENSP00000400312,12283
9606.ENSP00000341610,12284
9606.ENSP00000221973,12285
9606.ENSP00000383042,12286
9606.ENSP00000351737,12287
9606.ENSP00000472445,12288
9606.ENSP00000371308,12289
9606.ENSP00000377303,12290
9606.ENSP00000297258,12291
9606.ENSP00000265104,12292
9606.ENSP00000353741,12293
9606.ENSP00000260118,12294
9606.ENSP00000341206,12295
9606.ENSP00000427772,12296
9606.ENSP00000416583,12297
9606.ENSP00000349436,12298
9606.ENSP00000216392,12299
9606.ENSP00000268712,12300
9606.ENSP00000364858,12301
9606.ENSP00000452521,12302
9606.ENSP00000424827,12303
9606.ENSP00000263274,12304
9606.ENSP00000417559,12305
9606.ENSP00000404438,12306
9606.ENSP00000364613,12307
9606.ENSP00000366135,12308
9606.ENSP00000241416,12309
9606.ENSP00000394791,12310
9606.ENSP00000265838,12311
9606.ENSP00000418081,12312
9606.ENSP00000327557,12313
9606.ENSP00000306473,12314
9606.ENSP00000270077,12315
9606.ENSP00000483713,12316
9606.ENSP00000448598,12317
9606.ENSP00000416066,12318
9606.ENSP00000494136,12319
9606.ENSP00000327467,12320
9606.ENSP00000393963,12321
9606.ENSP00000359469,12322
9606.ENSP00000459943,12323
9606.ENSP00000298292,12324
9606.ENSP00000262315,12325
9606.ENSP00000312439,12326
9606.ENSP00000361072,12327
9606.ENSP00000333433,12328
9606.ENSP00000261263,12329
9606.ENSP00000493263,12330
9606.ENSP00000451261,12331
9606.ENSP00000277865,12332
9606.ENSP00000354346,12333
9606.ENSP00000342007,12334
9606.ENSP00000380109,12335
9606.ENSP00000369131,12336
9606.ENSP00000345837,12337
9606.ENSP00000241261,12338
9606.ENSP00000416787,12339
9606.ENSP00000497069,12340
9606.ENSP00000328625,12341
9606.ENSP00000380514,12342
9606.ENSP00000430706,12343
9606.ENSP00000361206,12344
9606.ENSP00000376678,12345
9606.ENSP00000418070,12346
9606.ENSP00000247219,12347
9606.ENSP00000330523,12348
9606.ENSP00000324124,12349
9606.ENSP00000291906,12350
9606.ENSP00000315664,12351
9606.ENSP00000297056,12352
9606.ENSP00000433712,12353
9606.ENSP00000437550,12354
9606.ENSP00000449716,12355
9606.ENSP00000300692,12356
9606.ENSP00000318016,12357
9606.ENSP00000361177,12358
9606.ENSP00000392066,12359
9606.ENSP00000432279,12360
9606.ENSP00000490233,12361
9606.ENSP00000495909,12362
9606.ENSP00000480443,12363
9606.ENSP00000357772,12364
9606.ENSP00000323511,12365
9606.ENSP00000205557,12366
9606.ENSP00000378119,12367
9606.ENSP00000351346,12368
9606.ENSP00000308533,12369
9606.ENSP00000384081,12370
9606.ENSP00000420387,12371
9606.ENSP00000322439,12372
9606.ENSP00000233156,12373
9606.ENSP00000347931,12374
9606.ENSP00000497748,12375
9606.ENSP00000295314,12376
9606.ENSP00000378577,12377
9606.ENSP00000080059,12378
9606.ENSP00000261601,12379
9606.ENSP00000480027,12380
9606.ENSP00000259205,12381
9606.ENSP00000386023,12382
9606.ENSP00000376465,12383
9606.ENSP00000333097,12384
9606.ENSP00000315569,12385
9606.ENSP00000264157,12386
9606.ENSP00000441831,12387
9606.ENSP00000384573,12388
9606.ENSP00000331901,12389
9606.ENSP00000344411,12390
9606.ENSP00000421491,12391
9606.ENSP00000309606,12392
9606.ENSP00000330289,12393
9606.ENSP00000397459,12394
9606.ENSP00000347915,12395
9606.ENSP00000370023,12396
9606.ENSP00000361557,12397
9606.ENSP00000353731,12398
9606.ENSP00000260599,12399
9606.ENSP00000258787,12400
9606.ENSP00000259037,12401
9606.ENSP00000253354,12402
9606.ENSP00000265807,12403
9606.ENSP00000296498,12404
9606.ENSP00000296252,12405
9606.ENSP00000310008,12406
9606.ENSP00000354687,12407
9606.ENSP00000498083,12408
9606.ENSP00000471239,12409
9606.ENSP00000359675,12410
9606.ENSP00000357057,12411
9606.ENSP00000252483,12412
9606.ENSP00000393183,12413
9606.ENSP00000346050,12414
9606.ENSP00000483228,12415
9606.ENSP00000230990,12416
9606.ENSP00000329697,12417
9606.ENSP00000293636,12418
9606.ENSP00000345001,12419
9606.ENSP00000360561,12420
9606.ENSP00000318804,12421
9606.ENSP00000496491,12422
9606.ENSP00000414359,12423
9606.ENSP00000441930,12424
9606.ENSP00000492951,12425
9606.ENSP00000250160,12426
9606.ENSP00000483903,12427
9606.ENSP00000367552,12428
9606.ENSP00000421725,12429
9606.ENSP00000278853,12430
9606.ENSP00000386531,12431
9606.ENSP00000358160,12432
9606.ENSP00000252622,12433
9606.ENSP00000362122,12434
9606.ENSP00000348632,12435
9606.ENSP00000297282,12436
9606.ENSP00000381282,12437
9606.ENSP00000357612,12438
9606.ENSP00000418287,12439
9606.ENSP00000421185,12440
9606.ENSP00000043402,12441
9606.ENSP00000199280,12442
9606.ENSP00000219139,12443
9606.ENSP00000376565,12444
9606.ENSP00000362574,12445
9606.ENSP00000335357,12446
9606.ENSP00000325017,12447
9606.ENSP00000369558,12448
9606.ENSP00000321445,12449
9606.ENSP00000315013,12450
9606.ENSP00000359719,12451
9606.ENSP00000379366,12452
9606.ENSP00000216487,12453
9606.ENSP00000355419,12454
9606.ENSP00000291565,12455
9606.ENSP00000365625,12456
9606.ENSP00000265922,12457
9606.ENSP00000168148,12458
9606.ENSP00000377582,12459
9606.ENSP00000261211,12460
9606.ENSP00000408295,12461
9606.ENSP00000355388,12462
9606.ENSP00000465213,12463
9606.ENSP00000260653,12464
9606.ENSP00000406191,12465
9606.ENSP00000359506,12466
9606.ENSP00000384725,12467
9606.ENSP00000370508,12468
9606.ENSP00000314792,12469
9606.ENSP00000471299,12470
9606.ENSP00000480916,12471
9606.ENSP00000362962,12472
9606.ENSP00000273183,12473
9606.ENSP00000365486,12474
9606.ENSP00000334140,12475
9606.ENSP00000333024,12476
9606.ENSP00000379506,12477
9606.ENSP00000475939,12478
9606.ENSP00000276585,12479
9606.ENSP00000494384,12480
9606.ENSP00000378063,12481
9606.ENSP00000358207,12482
9606.ENSP00000235345,12483
9606.ENSP00000478699,12484
9606.ENSP00000359935,12485
9606.ENSP00000345229,12486
9606.ENSP00000316809,12487
9606.ENSP00000308716,12488
9606.ENSP00000496779,12489
9606.ENSP00000490940,12490
9606.ENSP00000206765,12491
9606.ENSP00000409832,12492
9606.ENSP00000497326,12493
9606.ENSP00000430493,12494
9606.ENSP00000270172,12495
9606.ENSP00000194130,12496
9606.ENSP00000362144,12497
9606.ENSP00000371425,12498
9606.ENSP00000258729,12499
9606.ENSP00000352282,12500
9606.ENSP00000287820,12501
9606.ENSP00000338648,12502
9606.ENSP00000284425,12503
9606.ENSP00000263182,12504
9606.ENSP00000274031,12505
9606.ENSP00000389709,12506
9606.ENSP00000392065,12507
9606.ENSP00000343331,12508
9606.ENSP00000428259,12509
9606.ENSP00000481301,12510
9606.ENSP00000368683,12511
9606.ENSP00000360871,12512
9606.ENSP00000261800,12513
9606.ENSP00000355026,12514
9606.ENSP00000325527,12515
9606.ENSP00000335076,12516
9606.ENSP00000474725,12517
9606.ENSP00000489770,12518
9606.ENSP00000476742,12519
9606.ENSP00000287598,12520
9606.ENSP00000258455,12521
9606.ENSP00000496414,12522
9606.ENSP00000314396,12523
9606.ENSP00000221200,12524
9606.ENSP00000482431,12525
9606.ENSP00000398560,12526
9606.ENSP00000351530,12527
9606.ENSP00000457206,12528
9606.ENSP00000373657,12529
9606.ENSP00000265465,12530
9606.ENSP00000305790,12531
9606.ENSP00000347602,12532
9606.ENSP00000328940,12533
9606.ENSP00000273695,12534
9606.ENSP00000352252,12535
9606.ENSP00000260563,12536
9606.ENSP00000365811,12537
9606.ENSP00000382349,12538
9606.ENSP00000292450,12539
9606.ENSP00000311368,12540
9606.ENSP00000465419,12541
9606.ENSP00000356489,12542
9606.ENSP00000216180,12543
9606.ENSP00000363661,12544
9606.ENSP00000325674,12545
9606.ENSP00000484411,12546
9606.ENSP00000453273,12547
9606.ENSP00000259241,12548
9606.ENSP00000436786,12549
9606.ENSP00000466845,12550
9606.ENSP00000294664,12551
9606.ENSP00000256196,12552
9606.ENSP00000262919,12553
9606.ENSP00000188312,12554
9606.ENSP00000413079,12555
9606.ENSP00000382717,12556
9606.ENSP00000265140,12557
9606.ENSP00000379364,12558
9606.ENSP00000361083,12559
9606.ENSP00000362525,12560
9606.ENSP00000363435,12561
9606.ENSP00000478490,12562
9606.ENSP00000300175,12563
9606.ENSP00000376945,12564
9606.ENSP00000286353,12565
9606.ENSP00000309591,12566
9606.ENSP00000481012,12567
9606.ENSP00000361900,12568
9606.ENSP00000253024,12569
9606.ENSP00000312356,12570
9606.ENSP00000394770,12571
9606.ENSP00000345359,12572
9606.ENSP00000264183,12573
9606.ENSP00000384863,12574
9606.ENSP00000319636,12575
9606.ENSP00000420525,12576
9606.ENSP00000361275,12577
9606.ENSP00000251268,12578
9606.ENSP00000325425,12579
9606.ENSP00000290167,12580
9606.ENSP00000369784,12581
9606.ENSP00000360502,12582
9606.ENSP00000260323,12583
9606.ENSP00000374552,12584
9606.ENSP00000329380,12585
9606.ENSP00000335325,12586
9606.ENSP00000443194,12587
9606.ENSP00000268797,12588
9606.ENSP00000342889,12589
9606.ENSP00000325485,12590
9606.ENSP00000381636,12591
9606.ENSP00000365201,12592
9606.ENSP00000436682,12593
9606.ENSP00000358931,12594
9606.ENSP00000274979,12595
9606.ENSP00000261023,12596
9606.ENSP00000470972,12597
9606.ENSP00000492311,12598
9606.ENSP00000393388,12599
9606.ENSP00000357603,12600
9606.ENSP00000321259,12601
9606.ENSP00000398064,12602
9606.ENSP00000319141,12603
9606.ENSP00000357402,12604
9606.ENSP00000373574,12605
9606.ENSP00000356669,12606
9606.ENSP00000325929,12607
9606.ENSP00000162391,12608
9606.ENSP00000483521,12609
9606.ENSP00000330101,12610
9606.ENSP00000284061,12611
9606.ENSP00000316845,12612
9606.ENSP00000399888,12613
9606.ENSP00000378965,12614
9606.ENSP00000319486,12615
9606.ENSP00000295108,12616
9606.ENSP00000298231,12617
9606.ENSP00000334276,12618
9606.ENSP00000299563,12619
9606.ENSP00000378364,12620
9606.ENSP00000331983,12621
9606.ENSP00000484644,12622
9606.ENSP00000337088,12623
9606.ENSP00000435619,12624
9606.ENSP00000014930,12625
9606.ENSP00000491830,12626
9606.ENSP00000347184,12627
9606.ENSP00000363071,12628
9606.ENSP00000370010,12629
9606.ENSP00000485108,12630
9606.ENSP00000387498,12631
9606.ENSP00000303394,12632
9606.ENSP00000311343,12633
9606.ENSP00000332194,12634
9606.ENSP00000330218,12635
9606.ENSP00000347684,12636
9606.ENSP00000281453,12637
9606.ENSP00000393128,12638
9606.ENSP00000362080,12639
9606.ENSP00000362424,12640
9606.ENSP00000283195,12641
9606.ENSP00000352639,12642
9606.ENSP00000359655,12643
9606.ENSP00000480428,12644
9606.ENSP00000430548,12645
9606.ENSP00000325564,12646
9606.ENSP00000267085,12647
9606.ENSP00000478104,12648
9606.ENSP00000320346,12649
9606.ENSP00000359401,12650
9606.ENSP00000442573,12651
9606.ENSP00000390600,12652
9606.ENSP00000352208,12653
9606.ENSP00000380315,12654
9606.ENSP00000348984,12655
9606.ENSP00000360441,12656
9606.ENSP00000203629,12657
9606.ENSP00000452181,12658
9606.ENSP00000351990,12659
9606.ENSP00000375711,12660
9606.ENSP00000497550,12661
9606.ENSP00000321260,12662
9606.ENSP00000364361,12663
9606.ENSP00000356000,12664
9606.ENSP00000287996,12665
9606.ENSP00000333326,12666
9606.ENSP00000245932,12667
9606.ENSP00000500934,12668
9606.ENSP00000427336,12669
9606.ENSP00000357301,12670
9606.ENSP00000393922,12671
9606.ENSP00000282249,12672
9606.ENSP00000331907,12673
9606.ENSP00000448054,12674
9606.ENSP00000305699,12675
9606.ENSP00000333266,12676
9606.ENSP00000498358,12677
9606.ENSP00000236273,12678
9606.ENSP00000475986,12679
9606.ENSP00000291536,12680
9606.ENSP00000256398,12681
9606.ENSP00000300305,12682
9606.ENSP00000480791,12683
9606.ENSP00000311449,12684
9606.ENSP00000321320,12685
9606.ENSP00000363229,12686
9606.ENSP00000405573,12687
9606.ENSP00000348308,12688
9606.ENSP00000408526,12689
9606.ENSP00000278671,12690
9606.ENSP00000373472,12691
9606.ENSP00000260356,12692
9606.ENSP00000325941,12693
9606.ENSP00000398035,12694
9606.ENSP00000436126,12695
9606.ENSP00000262120,12696
9606.ENSP00000369314,12697
9606.ENSP00000381270,12698
9606.ENSP00000315190,12699
9606.ENSP00000430684,12700
9606.ENSP00000345282,12701
9606.ENSP00000299440,12702
9606.ENSP00000412894,12703
9606.ENSP00000490626,12704
9606.ENSP00000387246,12705
9606.ENSP00000285116,12706
9606.ENSP00000374240,12707
9606.ENSP00000439068,12708
9606.ENSP00000348645,12709
9606.ENSP00000500633,12710
9606.ENSP00000309595,12711
9606.ENSP00000336712,12712
9606.ENSP00000377385,12713
9606.ENSP00000385968,12714
9606.ENSP00000378400,12715
9606.ENSP00000286234,12716
9606.ENSP00000328968,12717
9606.ENSP00000176763,12718
9606.ENSP00000305926,12719
9606.ENSP00000297071,12720
9606.ENSP00000422607,12721
9606.ENSP00000373272,12722
9606.ENSP00000360985,12723
9606.ENSP00000285381,12724
9606.ENSP00000379383,12725
9606.ENSP00000374443,12726
9606.ENSP00000265026,12727
9606.ENSP00000215368,12728
9606.ENSP00000353414,12729
9606.ENSP00000368547,12730
9606.ENSP00000264257,12731
9606.ENSP00000320318,12732
9606.ENSP00000357668,12733
9606.ENSP00000380442,12734
9606.ENSP00000270509,12735
9606.ENSP00000365131,12736
9606.ENSP00000376249,12737
9606.ENSP00000390784,12738
9606.ENSP00000240285,12739
9606.ENSP00000340510,12740
9606.ENSP00000439479,12741
9606.ENSP00000340939,12742
9606.ENSP00000355961,12743
9606.ENSP00000357801,12744
9606.ENSP00000281923,12745
9606.ENSP00000245620,12746
9606.ENSP00000301039,12747
9606.ENSP00000219315,12748
9606.ENSP00000359446,12749
9606.ENSP00000333395,12750
9606.ENSP00000277575,12751
9606.ENSP00000445122,12752
9606.ENSP00000362108,12753
9606.ENSP00000270176,12754
9606.ENSP00000329419,12755
9606.ENSP00000355157,12756
9606.ENSP00000495463,12757
9606.ENSP00000291527,12758
9606.ENSP00000244537,12759
9606.ENSP00000341843,12760
9606.ENSP00000493555,12761
9606.ENSP00000419081,12762
9606.ENSP00000357674,12763
9606.ENSP00000318884,12764
9606.ENSP00000262506,12765
9606.ENSP00000350491,12766
9606.ENSP00000265734,12767
9606.ENSP00000262460,12768
9606.ENSP00000420927,12769
9606.ENSP00000263464,12770
9606.ENSP00000339479,12771
9606.ENSP00000396673,12772
9606.ENSP00000411013,12773
9606.ENSP00000314724,12774
9606.ENSP00000365899,12775
9606.ENSP00000260649,12776
9606.ENSP00000216024,12777
9606.ENSP00000398698,12778
9606.ENSP00000346839,12779
9606.ENSP00000495612,12780
9606.ENSP00000368265,12781
9606.ENSP00000398481,12782
9606.ENSP00000304593,12783
9606.ENSP00000359497,12784
9606.ENSP00000500990,12785
9606.ENSP00000366331,12786
9606.ENSP00000366326,12787
9606.ENSP00000358813,12788
9606.ENSP00000434995,12789
9606.ENSP00000222726,12790
9606.ENSP00000384957,12791
9606.ENSP00000284690,12792
9606.ENSP00000395983,12793
9606.ENSP00000251020,12794
9606.ENSP00000381293,12795
9606.ENSP00000362727,12796
9606.ENSP00000245206,12797
9606.ENSP00000357787,12798
9606.ENSP00000301727,12799
9606.ENSP00000362410,12800
9606.ENSP00000412897,12801
9606.ENSP00000494051,12802
9606.ENSP00000416673,12803
9606.ENSP00000448310,12804
9606.ENSP00000262626,12805
9606.ENSP00000482514,12806
9606.ENSP00000299853,12807
9606.ENSP00000314500,12808
9606.ENSP00000272324,12809
9606.ENSP00000309653,12810
9606.ENSP00000305675,12811
9606.ENSP00000356016,12812
9606.ENSP00000264664,12813
9606.ENSP00000268129,12814
9606.ENSP00000493120,12815
9606.ENSP00000303231,12816
9606.ENSP00000380982,12817
9606.ENSP00000303208,12818
9606.ENSP00000405388,12819
9606.ENSP00000420267,12820
9606.ENSP00000297151,12821
9606.ENSP00000416658,12822
9606.ENSP00000284292,12823
9606.ENSP00000387982,12824
9606.ENSP00000328835,12825
9606.ENSP00000452697,12826
9606.ENSP00000435770,12827
9606.ENSP00000368931,12828
9606.ENSP00000352288,12829
9606.ENSP00000386499,12830
9606.ENSP00000388806,12831
9606.ENSP00000365261,12832
9606.ENSP00000332293,12833
9606.ENSP00000323879,12834
9606.ENSP00000371434,12835
9606.ENSP00000497720,12836
9606.ENSP00000221980,12837
9606.ENSP00000341524,12838
9606.ENSP00000431984,12839
9606.ENSP00000220166,12840
9606.ENSP00000344420,12841
9606.ENSP00000492671,12842
9606.ENSP00000284440,12843
9606.ENSP00000367900,12844
9606.ENSP00000360028,12845
9606.ENSP00000312624,12846
9606.ENSP00000431418,12847
9606.ENSP00000262291,12848
9606.ENSP00000377296,12849
9606.ENSP00000261837,12850
9606.ENSP00000446252,12851
9606.ENSP00000378131,12852
9606.ENSP00000470539,12853
9606.ENSP00000369798,12854
9606.ENSP00000241453,12855
9606.ENSP00000367001,12856
9606.ENSP00000295006,12857
9606.ENSP00000315644,12858
9606.ENSP00000292363,12859
9606.ENSP00000356621,12860
9606.ENSP00000278483,12861
9606.ENSP00000270223,12862
9606.ENSP00000339004,12863
9606.ENSP00000493343,12864
9606.ENSP00000363259,12865
9606.ENSP00000379228,12866
9606.ENSP00000264968,12867
9606.ENSP00000338057,12868
9606.ENSP00000436975,12869
9606.ENSP00000471700,12870
9606.ENSP00000378505,12871
9606.ENSP00000262193,12872
9606.ENSP00000198767,12873
9606.ENSP00000371932,12874
9606.ENSP00000242994,12875
9606.ENSP00000365837,12876
9606.ENSP00000348168,12877
9606.ENSP00000265062,12878
9606.ENSP00000304669,12879
9606.ENSP00000369592,12880
9606.ENSP00000498255,12881
9606.ENSP00000307900,12882
9606.ENSP00000466967,12883
9606.ENSP00000499074,12884
9606.ENSP00000340243,12885
9606.ENSP00000349041,12886
9606.ENSP00000363046,12887
9606.ENSP00000347188,12888
9606.ENSP00000370253,12889
9606.ENSP00000346927,12890
9606.ENSP00000344479,12891
9606.ENSP00000402797,12892
9606.ENSP00000383392,12893
9606.ENSP00000318142,12894
9606.ENSP00000493560,12895
9606.ENSP00000369055,12896
9606.ENSP00000336127,12897
9606.ENSP00000484060,12898
9606.ENSP00000497474,12899
9606.ENSP00000486291,12900
9606.ENSP00000454014,12901
9606.ENSP00000427687,12902
9606.ENSP00000363571,12903
9606.ENSP00000249442,12904
9606.ENSP00000367830,12905
9606.ENSP00000226317,12906
9606.ENSP00000351619,12907
9606.ENSP00000474246,12908
9606.ENSP00000487041,12909
9606.ENSP00000271373,12910
9606.ENSP00000285518,12911
9606.ENSP00000272317,12912
9606.ENSP00000278505,12913
9606.ENSP00000219235,12914
9606.ENSP00000265896,12915
9606.ENSP00000365243,12916
9606.ENSP00000324810,12917
9606.ENSP00000155840,12918
9606.ENSP00000268655,12919
9606.ENSP00000253063,12920
9606.ENSP00000387356,12921
9606.ENSP00000336868,12922
9606.ENSP00000367265,12923
9606.ENSP00000370607,12924
9606.ENSP00000370270,12925
9606.ENSP00000295797,12926
9606.ENSP00000376475,12927
9606.ENSP00000270747,12928
9606.ENSP00000255641,12929
9606.ENSP00000369530,12930
9606.ENSP00000298943,12931
9606.ENSP00000309036,12932
9606.ENSP00000228136,12933
9606.ENSP00000264381,12934
9606.ENSP00000358862,12935
9606.ENSP00000434552,12936
9606.ENSP00000365402,12937
9606.ENSP00000334592,12938
9606.ENSP00000425261,12939
9606.ENSP00000354660,12940
9606.ENSP00000313752,12941
9606.ENSP00000369375,12942
9606.ENSP00000244050,12943
9606.ENSP00000215904,12944
9606.ENSP00000364986,12945
9606.ENSP00000378957,12946
9606.ENSP00000487174,12947
9606.ENSP00000399403,12948
9606.ENSP00000285093,12949
9606.ENSP00000245960,12950
9606.ENSP00000369146,12951
9606.ENSP00000272928,12952
9606.ENSP00000342848,12953
9606.ENSP00000340296,12954
9606.ENSP00000311579,12955
9606.ENSP00000350170,12956
9606.ENSP00000499020,12957
9606.ENSP00000351015,12958
9606.ENSP00000252015,12959
9606.ENSP00000333277,12960
9606.ENSP00000383376,12961
9606.ENSP00000351214,12962
9606.ENSP00000226319,12963
9606.ENSP00000303077,12964
9606.ENSP00000446680,12965
9606.ENSP00000254190,12966
9606.ENSP00000384084,12967
9606.ENSP00000264995,12968
9606.ENSP00000350402,12969
9606.ENSP00000216115,12970
9606.ENSP00000245957,12971
9606.ENSP00000366396,12972
9606.ENSP00000344942,12973
9606.ENSP00000351732,12974
9606.ENSP00000351338,12975
9606.ENSP00000386503,12976
9606.ENSP00000396628,12977
9606.ENSP00000360532,12978
9606.ENSP00000346829,12979
9606.ENSP00000263408,12980
9606.ENSP00000229812,12981
9606.ENSP00000351957,12982
9606.ENSP00000354581,12983
9606.ENSP00000440440,12984
9606.ENSP00000341032,12985
9606.ENSP00000298352,12986
9606.ENSP00000309597,12987
9606.ENSP00000482968,12988
9606.ENSP00000378323,12989
9606.ENSP00000485398,12990
9606.ENSP00000301242,12991
9606.ENSP00000324804,12992
9606.ENSP00000363191,12993
9606.ENSP00000332513,12994
9606.ENSP00000391826,12995
9606.ENSP00000327048,12996
9606.ENSP00000448387,12997
9606.ENSP00000481684,12998
9606.ENSP00000322020,12999
9606.ENSP00000274606,13000
9606.ENSP00000355370,13001
9606.ENSP00000317232,13002
9606.ENSP00000365505,13003
9606.ENSP00000411672,13004
9606.ENSP00000360958,13005
9606.ENSP00000302967,13006
9606.ENSP00000311313,13007
9606.ENSP00000345895,13008
9606.ENSP00000262158,13009
9606.ENSP00000332049,13010
9606.ENSP00000296098,13011
9606.ENSP00000329357,13012
9606.ENSP00000269197,13013
9606.ENSP00000404131,13014
9606.ENSP00000376010,13015
9606.ENSP00000448419,13016
9606.ENSP00000396160,13017
9606.ENSP00000398181,13018
9606.ENSP00000342105,13019
9606.ENSP00000343054,13020
9606.ENSP00000396995,13021
9606.ENSP00000326888,13022
9606.ENSP00000493085,13023
9606.ENSP00000335304,13024
9606.ENSP00000263245,13025
9606.ENSP00000246801,13026
9606.ENSP00000272418,13027
9606.ENSP00000434480,13028
9606.ENSP00000318966,13029
9606.ENSP00000350425,13030
9606.ENSP00000355777,13031
9606.ENSP00000326238,13032
9606.ENSP00000338671,13033
9606.ENSP00000290122,13034
9606.ENSP00000357189,13035
9606.ENSP00000379140,13036
9606.ENSP00000365807,13037
9606.ENSP00000311713,13038
9606.ENSP00000385235,13039
9606.ENSP00000401831,13040
9606.ENSP00000318128,13041
9606.ENSP00000371923,13042
9606.ENSP00000498772,13043
9606.ENSP00000245787,13044
9606.ENSP00000274341,13045
9606.ENSP00000391167,13046
9606.ENSP00000319726,13047
9606.ENSP00000275525,13048
9606.ENSP00000263735,13049
9606.ENSP00000167588,13050
9606.ENSP00000263431,13051
9606.ENSP00000361433,13052
9606.ENSP00000250003,13053
9606.ENSP00000254336,13054
9606.ENSP00000262646,13055
9606.ENSP00000305877,13056
9606.ENSP00000385675,13057
9606.ENSP00000358497,13058
9606.ENSP00000295304,13059
9606.ENSP00000473172,13060
9606.ENSP00000362361,13061
9606.ENSP00000386156,13062
9606.ENSP00000366413,13063
9606.ENSP00000308938,13064
9606.ENSP00000268184,13065
9606.ENSP00000268058,13066
9606.ENSP00000490614,13067
9606.ENSP00000342144,13068
9606.ENSP00000496817,13069
9606.ENSP00000389948,13070
9606.ENSP00000231134,13071
9606.ENSP00000366525,13072
9606.ENSP00000251413,13073
9606.ENSP00000480821,13074
9606.ENSP00000357113,13075
9606.ENSP00000306522,13076
9606.ENSP00000337445,13077
9606.ENSP00000251900,13078
9606.ENSP00000341044,13079
9606.ENSP00000476295,13080
9606.ENSP00000362746,13081
9606.ENSP00000295453,13082
9606.ENSP00000449253,13083
9606.ENSP00000481309,13084
9606.ENSP00000496019,13085
9606.ENSP00000453858,13086
9606.ENSP00000377570,13087
9606.ENSP00000227756,13088
9606.ENSP00000395012,13089
9606.ENSP00000306902,13090
9606.ENSP00000293662,13091
9606.ENSP00000359596,13092
9606.ENSP00000325775,13093
9606.ENSP00000352257,13094
9606.ENSP00000492001,13095
9606.ENSP00000359939,13096
9606.ENSP00000305975,13097
9606.ENSP00000371388,13098
9606.ENSP00000376899,13099
9606.ENSP00000353393,13100
9606.ENSP00000293831,13101
9606.ENSP00000384851,13102
9606.ENSP00000498748,13103
9606.ENSP00000367219,13104
9606.ENSP00000375076,13105
9606.ENSP00000398890,13106
9606.ENSP00000345492,13107
9606.ENSP00000419545,13108
9606.ENSP00000245816,13109
9606.ENSP00000281321,13110
9606.ENSP00000479606,13111
9606.ENSP00000265594,13112
9606.ENSP00000382507,13113
9606.ENSP00000366797,13114
9606.ENSP00000370215,13115
9606.ENSP00000392147,13116
9606.ENSP00000387822,13117
9606.ENSP00000371958,13118
9606.ENSP00000361095,13119
9606.ENSP00000306752,13120
9606.ENSP00000155093,13121
9606.ENSP00000327694,13122
9606.ENSP00000263512,13123
9606.ENSP00000401115,13124
9606.ENSP00000263025,13125
9606.ENSP00000376184,13126
9606.ENSP00000312702,13127
9606.ENSP00000368805,13128
9606.ENSP00000370938,13129
9606.ENSP00000223215,13130
9606.ENSP00000330631,13131
9606.ENSP00000254108,13132
9606.ENSP00000468376,13133
9606.ENSP00000377936,13134
9606.ENSP00000386597,13135
9606.ENSP00000264012,13136
9606.ENSP00000393840,13137
9606.ENSP00000447730,13138
9606.ENSP00000480355,13139
9606.ENSP00000371859,13140
9606.ENSP00000408617,13141
9606.ENSP00000452454,13142
9606.ENSP00000276914,13143
9606.ENSP00000403980,13144
9606.ENSP00000322159,13145
9606.ENSP00000289902,13146
9606.ENSP00000294485,13147
9606.ENSP00000306253,13148
9606.ENSP00000349923,13149
9606.ENSP00000264255,13150
9606.ENSP00000228534,13151
9606.ENSP00000497968,13152
9606.ENSP00000476369,13153
9606.ENSP00000369391,13154
9606.ENSP00000265404,13155
9606.ENSP00000259526,13156
9606.ENSP00000386226,13157
9606.ENSP00000499037,13158
9606.ENSP00000203664,13159
9606.ENSP00000366404,13160
9606.ENSP00000358777,13161
9606.ENSP00000320935,13162
9606.ENSP00000498616,13163
9606.ENSP00000388169,13164
9606.ENSP00000468991,13165
9606.ENSP00000463419,13166
9606.ENSP00000325146,13167
9606.ENSP00000313171,13168
9606.ENSP00000430656,13169
9606.ENSP00000307697,13170
9606.ENSP00000301204,13171
9606.ENSP00000456436,13172
9606.ENSP00000368356,13173
9606.ENSP00000262406,13174
9606.ENSP00000256759,13175
9606.ENSP00000497767,13176
9606.ENSP00000353462,13177
9606.ENSP00000351141,13178
9606.ENSP00000397563,13179
9606.ENSP00000311290,13180
9606.ENSP00000294383,13181
9606.ENSP00000221418,13182
9606.ENSP00000474456,13183
9606.ENSP00000221462,13184
9606.ENSP00000419325,13185
9606.ENSP00000463653,13186
9606.ENSP00000379472,13187
9606.ENSP00000306138,13188
9606.ENSP00000264637,13189
9606.ENSP00000357051,13190
9606.ENSP00000497691,13191
9606.ENSP00000334072,13192
9606.ENSP00000366819,13193
9606.ENSP00000491504,13194
9606.ENSP00000237596,13195
9606.ENSP00000378072,13196
9606.ENSP00000416289,13197
9606.ENSP00000343847,13198
9606.ENSP00000369497,13199
9606.ENSP00000228938,13200
9606.ENSP00000368439,13201
9606.ENSP00000393379,13202
9606.ENSP00000264867,13203
9606.ENSP00000301295,13204
9606.ENSP00000345412,13205
9606.ENSP00000251337,13206
9606.ENSP00000444533,13207
9606.ENSP00000322956,13208
9606.ENSP00000481994,13209
9606.ENSP00000388631,13210
9606.ENSP00000382595,13211
9606.ENSP00000286918,13212
9606.ENSP00000469242,13213
9606.ENSP00000415769,13214
9606.ENSP00000364016,13215
9606.ENSP00000340684,13216
9606.ENSP00000313007,13217
9606.ENSP00000407182,13218
9606.ENSP00000216274,13219
9606.ENSP00000338260,13220
9606.ENSP00000358888,13221
9606.ENSP00000222247,13222
9606.ENSP00000347005,13223
9606.ENSP00000262306,13224
9606.ENSP00000313423,13225
9606.ENSP00000482678,13226
9606.ENSP00000322788,13227
9606.ENSP00000257836,13228
9606.ENSP00000292907,13229
9606.ENSP00000275820,13230
9606.ENSP00000262916,13231
9606.ENSP00000363520,13232
9606.ENSP00000343140,13233
9606.ENSP00000260045,13234
9606.ENSP00000347277,13235
9606.ENSP00000281623,13236
9606.ENSP00000312262,13237
9606.ENSP00000248114,13238
9606.ENSP00000264276,13239
9606.ENSP00000225538,13240
9606.ENSP00000400882,13241
9606.ENSP00000361818,13242
9606.ENSP00000282701,13243
9606.ENSP00000405338,13244
9606.ENSP00000336524,13245
9606.ENSP00000298386,13246
9606.ENSP00000369604,13247
9606.ENSP00000215754,13248
9606.ENSP00000441838,13249
9606.ENSP00000441641,13250
9606.ENSP00000448998,13251
9606.ENSP00000294008,13252
9606.ENSP00000355780,13253
9606.ENSP00000250615,13254
9606.ENSP00000217909,13255
9606.ENSP00000299721,13256
9606.ENSP00000296358,13257
9606.ENSP00000360305,13258
9606.ENSP00000366118,13259
9606.ENSP00000281828,13260
9606.ENSP00000364520,13261
9606.ENSP00000363727,13262
9606.ENSP00000269571,13263
9606.ENSP00000276927,13264
9606.ENSP00000339613,13265
9606.ENSP00000375986,13266
9606.ENSP00000415941,13267
9606.ENSP00000445340,13268
9606.ENSP00000363389,13269
9606.ENSP00000301067,13270
9606.ENSP00000313829,13271
9606.ENSP00000411532,13272
9606.ENSP00000312311,13273
9606.ENSP00000441158,13274
9606.ENSP00000334675,13275
9606.ENSP00000366618,13276
9606.ENSP00000443432,13277
9606.ENSP00000442954,13278
9606.ENSP00000358703,13279
9606.ENSP00000262839,13280
9606.ENSP00000296871,13281
9606.ENSP00000343581,13282
9606.ENSP00000385823,13283
9606.ENSP00000464814,13284
9606.ENSP00000357348,13285
9606.ENSP00000309163,13286
9606.ENSP00000363583,13287
9606.ENSP00000379784,13288
9606.ENSP00000476136,13289
9606.ENSP00000327197,13290
9606.ENSP00000333142,13291
9606.ENSP00000225388,13292
9606.ENSP00000274938,13293
9606.ENSP00000167106,13294
9606.ENSP00000242462,13295
9606.ENSP00000026218,13296
9606.ENSP00000308219,13297
9606.ENSP00000321455,13298
9606.ENSP00000453129,13299
9606.ENSP00000462046,13300
9606.ENSP00000340883,13301
9606.ENSP00000286398,13302
9606.ENSP00000501277,13303
9606.ENSP00000282018,13304
9606.ENSP00000303158,13305
9606.ENSP00000417470,13306
9606.ENSP00000310670,13307
9606.ENSP00000499459,13308
9606.ENSP00000296543,13309
9606.ENSP00000256495,13310
9606.ENSP00000332530,13311
9606.ENSP00000385571,13312
9606.ENSP00000377954,13313
9606.ENSP00000304987,13314
9606.ENSP00000346931,13315
9606.ENSP00000364691,13316
9606.ENSP00000377470,13317
9606.ENSP00000373647,13318
9606.ENSP00000345259,13319
9606.ENSP00000263780,13320
9606.ENSP00000300403,13321
9606.ENSP00000381386,13322
9606.ENSP00000447300,13323
9606.ENSP00000482564,13324
9606.ENSP00000280979,13325
9606.ENSP00000372351,13326
9606.ENSP00000342215,13327
9606.ENSP00000326240,13328
9606.ENSP00000378712,13329
9606.ENSP00000452522,13330
9606.ENSP00000164305,13331
9606.ENSP00000296149,13332
9606.ENSP00000349541,13333
9606.ENSP00000333591,13334
9606.ENSP00000381429,13335
9606.ENSP00000157600,13336
9606.ENSP00000355583,13337
9606.ENSP00000463058,13338
9606.ENSP00000382856,13339
9606.ENSP00000283206,13340
9606.ENSP00000351905,13341
9606.ENSP00000406022,13342
9606.ENSP00000356545,13343
9606.ENSP00000230658,13344
9606.ENSP00000360876,13345
9606.ENSP00000355812,13346
9606.ENSP00000419786,13347
9606.ENSP00000417303,13348
9606.ENSP00000480132,13349
9606.ENSP00000302830,13350
9606.ENSP00000296585,13351
9606.ENSP00000483453,13352
9606.ENSP00000323816,13353
9606.ENSP00000498603,13354
9606.ENSP00000343158,13355
9606.ENSP00000325421,13356
9606.ENSP00000218230,13357
9606.ENSP00000292782,13358
9606.ENSP00000266086,13359
9606.ENSP00000289753,13360
9606.ENSP00000290649,13361
9606.ENSP00000484525,13362
9606.ENSP00000476386,13363
9606.ENSP00000248437,13364
9606.ENSP00000497479,13365
9606.ENSP00000498852,13366
9606.ENSP00000273598,13367
9606.ENSP00000267859,13368
9606.ENSP00000368468,13369
9606.ENSP00000357915,13370
9606.ENSP00000371554,13371
9606.ENSP00000156626,13372
9606.ENSP00000263736,13373
9606.ENSP00000365266,13374
9606.ENSP00000451223,13375
9606.ENSP00000386229,13376
9606.ENSP00000331857,13377
9606.ENSP00000404381,13378
9606.ENSP00000286355,13379
9606.ENSP00000406012,13380
9606.ENSP00000343002,13381
9606.ENSP00000363092,13382
9606.ENSP00000366288,13383
9606.ENSP00000378548,13384
9606.ENSP00000414055,13385
9606.ENSP00000345997,13386
9606.ENSP00000479598,13387
9606.ENSP00000360576,13388
9606.ENSP00000277517,13389
9606.ENSP00000360181,13390
9606.ENSP00000265350,13391
9606.ENSP00000312017,13392
9606.ENSP00000361231,13393
9606.ENSP00000416193,13394
9606.ENSP00000333234,13395
9606.ENSP00000409594,13396
9606.ENSP00000295992,13397
9606.ENSP00000328928,13398
9606.ENSP00000318914,13399
9606.ENSP00000371693,13400
9606.ENSP00000395538,13401
9606.ENSP00000382628,13402
9606.ENSP00000344786,13403
9606.ENSP00000498750,13404
9606.ENSP00000366509,13405
9606.ENSP00000438040,13406
9606.ENSP00000365012,13407
9606.ENSP00000226193,13408
9606.ENSP00000447211,13409
9606.ENSP00000413479,13410
9606.ENSP00000390722,13411
9606.ENSP00000361800,13412
9606.ENSP00000387211,13413
9606.ENSP00000360522,13414
9606.ENSP00000482313,13415
9606.ENSP00000252102,13416
9606.ENSP00000219551,13417
9606.ENSP00000280154,13418
9606.ENSP00000361712,13419
9606.ENSP00000413632,13420
9606.ENSP00000452948,13421
9606.ENSP00000292174,13422
9606.ENSP00000219660,13423
9606.ENSP00000448182,13424
9606.ENSP00000296575,13425
9606.ENSP00000244174,13426
9606.ENSP00000363068,13427
9606.ENSP00000269576,13428
9606.ENSP00000250076,13429
9606.ENSP00000384973,13430
9606.ENSP00000456851,13431
9606.ENSP00000307939,13432
9606.ENSP00000357069,13433
9606.ENSP00000401191,13434
9606.ENSP00000349003,13435
9606.ENSP00000380666,13436
9606.ENSP00000328004,13437
9606.ENSP00000283296,13438
9606.ENSP00000479844,13439
9606.ENSP00000394085,13440
9606.ENSP00000234488,13441
9606.ENSP00000263956,13442
9606.ENSP00000244496,13443
9606.ENSP00000248553,13444
9606.ENSP00000329880,13445
9606.ENSP00000361871,13446
9606.ENSP00000217446,13447
9606.ENSP00000295834,13448
9606.ENSP00000340211,13449
9606.ENSP00000348886,13450
9606.ENSP00000298316,13451
9606.ENSP00000349147,13452
9606.ENSP00000389910,13453
9606.ENSP00000354416,13454
9606.ENSP00000360662,13455
9606.ENSP00000341785,13456
9606.ENSP00000355893,13457
9606.ENSP00000245543,13458
9606.ENSP00000248076,13459
9606.ENSP00000450799,13460
9606.ENSP00000315931,13461
9606.ENSP00000366682,13462
9606.ENSP00000307235,13463
9606.ENSP00000384952,13464
9606.ENSP00000348573,13465
9606.ENSP00000401749,13466
9606.ENSP00000351884,13467
9606.ENSP00000380911,13468
9606.ENSP00000452763,13469
9606.ENSP00000239151,13470
9606.ENSP00000365844,13471
9606.ENSP00000330878,13472
9606.ENSP00000363452,13473
9606.ENSP00000327116,13474
9606.ENSP00000489282,13475
9606.ENSP00000331152,13476
9606.ENSP00000377690,13477
9606.ENSP00000216181,13478
9606.ENSP00000350698,13479
9606.ENSP00000037502,13480
9606.ENSP00000355760,13481
9606.ENSP00000373370,13482
9606.ENSP00000222374,13483
9606.ENSP00000383558,13484
9606.ENSP00000265165,13485
9606.ENSP00000385741,13486
9606.ENSP00000360525,13487
9606.ENSP00000283916,13488
9606.ENSP00000238823,13489
9606.ENSP00000246515,13490
9606.ENSP00000272252,13491
9606.ENSP00000281543,13492
9606.ENSP00000354920,13493
9606.ENSP00000493351,13494
9606.ENSP00000314029,13495
9606.ENSP00000376786,13496
9606.ENSP00000357709,13497
9606.ENSP00000493332,13498
9606.ENSP00000258052,13499
9606.ENSP00000497609,13500
9606.ENSP00000416002,13501
9606.ENSP00000371117,13502
9606.ENSP00000485659,13503
9606.ENSP00000291041,13504
9606.ENSP00000358232,13505
9606.ENSP00000339883,13506
9606.ENSP00000418259,13507
9606.ENSP00000314505,13508
9606.ENSP00000362643,13509
9606.ENSP00000316675,13510
9606.ENSP00000359783,13511
9606.ENSP00000353910,13512
9606.ENSP00000366395,13513
9606.ENSP00000371829,13514
9606.ENSP00000335201,13515
9606.ENSP00000366024,13516
9606.ENSP00000309542,13517
9606.ENSP00000380713,13518
9606.ENSP00000350364,13519
9606.ENSP00000498864,13520
9606.ENSP00000382423,13521
9606.ENSP00000441214,13522
9606.ENSP00000307940,13523
9606.ENSP00000245414,13524
9606.ENSP00000482133,13525
9606.ENSP00000371875,13526
9606.ENSP00000286788,13527
9606.ENSP00000302811,13528
9606.ENSP00000436004,13529
9606.ENSP00000302814,13530
9606.ENSP00000228843,13531
9606.ENSP00000498510,13532
9606.ENSP00000358400,13533
9606.ENSP00000430075,13534
9606.ENSP00000363318,13535
9606.ENSP00000316794,13536
9606.ENSP00000379946,13537
9606.ENSP00000362978,13538
9606.ENSP00000320401,13539
9606.ENSP00000377944,13540
9606.ENSP00000238018,13541
9606.ENSP00000300030,13542
9606.ENSP00000160382,13543
9606.ENSP00000492963,13544
9606.ENSP00000307126,13545
9606.ENSP00000262879,13546
9606.ENSP00000386134,13547
9606.ENSP00000332549,13548
9606.ENSP00000378605,13549
9606.ENSP00000484658,13550
9606.ENSP00000371362,13551
9606.ENSP00000341743,13552
9606.ENSP00000304077,13553
9606.ENSP00000347055,13554
9606.ENSP00000312634,13555
9606.ENSP00000369129,13556
9606.ENSP00000237530,13557
9606.ENSP00000457539,13558
9606.ENSP00000363591,13559
9606.ENSP00000380679,13560
9606.ENSP00000262294,13561
9606.ENSP00000405963,13562
9606.ENSP00000335307,13563
9606.ENSP00000358575,13564
9606.ENSP00000274520,13565
9606.ENSP00000414982,13566
9606.ENSP00000440896,13567
9606.ENSP00000489774,13568
9606.ENSP00000282344,13569
9606.ENSP00000368856,13570
9606.ENSP00000359489,13571
9606.ENSP00000376458,13572
9606.ENSP00000361446,13573
9606.ENSP00000392318,13574
9606.ENSP00000300184,13575
9606.ENSP00000366997,13576
9606.ENSP00000418734,13577
9606.ENSP00000426941,13578
9606.ENSP00000372154,13579
9606.ENSP00000379097,13580
9606.ENSP00000484713,13581
9606.ENSP00000369286,13582
9606.ENSP00000243346,13583
9606.ENSP00000396527,13584
9606.ENSP00000339621,13585
9606.ENSP00000411719,13586
9606.ENSP00000333657,13587
9606.ENSP00000287713,13588
9606.ENSP00000306220,13589
9606.ENSP00000262752,13590
9606.ENSP00000482632,13591
9606.ENSP00000238628,13592
9606.ENSP00000442982,13593
9606.ENSP00000382688,13594
9606.ENSP00000358312,13595
9606.ENSP00000334113,13596
9606.ENSP00000369071,13597
9606.ENSP00000306285,13598
9606.ENSP00000316377,13599
9606.ENSP00000005340,13600
9606.ENSP00000410890,13601
9606.ENSP00000358022,13602
9606.ENSP00000483330,13603
9606.ENSP00000217901,13604
9606.ENSP00000216259,13605
9606.ENSP00000361658,13606
9606.ENSP00000413098,13607
9606.ENSP00000276925,13608
9606.ENSP00000296027,13609
9606.ENSP00000354762,13610
9606.ENSP00000052754,13611
9606.ENSP00000269701,13612
9606.ENSP00000408367,13613
9606.ENSP00000364512,13614
9606.ENSP00000258662,13615
9606.ENSP00000362524,13616
9606.ENSP00000255008,13617
9606.ENSP00000327509,13618
9606.ENSP00000497217,13619
9606.ENSP00000371471,13620
9606.ENSP00000452871,13621
9606.ENSP00000200135,13622
9606.ENSP00000266376,13623
9606.ENSP00000324890,13624
9606.ENSP00000444211,13625
9606.ENSP00000363089,13626
9606.ENSP00000436607,13627
9606.ENSP00000265997,13628
9606.ENSP00000380646,13629
9606.ENSP00000362578,13630
9606.ENSP00000260276,13631
9606.ENSP00000416293,13632
9606.ENSP00000283357,13633
9606.ENSP00000273261,13634
9606.ENSP00000301336,13635
9606.ENSP00000353072,13636
9606.ENSP00000377275,13637
9606.ENSP00000417451,13638
9606.ENSP00000285873,13639
9606.ENSP00000296140,13640
9606.ENSP00000414202,13641
9606.ENSP00000469888,13642
9606.ENSP00000298351,13643
9606.ENSP00000219070,13644
9606.ENSP00000461269,13645
9606.ENSP00000263800,13646
9606.ENSP00000385995,13647
9606.ENSP00000282382,13648
9606.ENSP00000238721,13649
9606.ENSP00000308208,13650
9606.ENSP00000265689,13651
9606.ENSP00000381382,13652
9606.ENSP00000258383,13653
9606.ENSP00000267843,13654
9606.ENSP00000352011,13655
9606.ENSP00000302327,13656
9606.ENSP00000405095,13657
9606.ENSP00000360250,13658
9606.ENSP00000493299,13659
9606.ENSP00000385205,13660
9606.ENSP00000475270,13661
9606.ENSP00000384653,13662
9606.ENSP00000359550,13663
9606.ENSP00000407112,13664
9606.ENSP00000284523,13665
9606.ENSP00000364694,13666
9606.ENSP00000377170,13667
9606.ENSP00000493151,13668
9606.ENSP00000352069,13669
9606.ENSP00000313967,13670
9606.ENSP00000420040,13671
9606.ENSP00000497070,13672
9606.ENSP00000253686,13673
9606.ENSP00000321326,13674
9606.ENSP00000296438,13675
9606.ENSP00000472530,13676
9606.ENSP00000301407,13677
9606.ENSP00000265433,13678
9606.ENSP00000332296,13679
9606.ENSP00000265395,13680
9606.ENSP00000435412,13681
9606.ENSP00000384906,13682
9606.ENSP00000423309,13683
9606.ENSP00000460885,13684
9606.ENSP00000401018,13685
9606.ENSP00000294952,13686
9606.ENSP00000265295,13687
9606.ENSP00000219345,13688
9606.ENSP00000303423,13689
9606.ENSP00000322730,13690
9606.ENSP00000357907,13691
9606.ENSP00000358335,13692
9606.ENSP00000386146,13693
9606.ENSP00000457728,13694
9606.ENSP00000299727,13695
9606.ENSP00000425809,13696
9606.ENSP00000217372,13697
9606.ENSP00000311977,13698
9606.ENSP00000370710,13699
9606.ENSP00000265310,13700
9606.ENSP00000257604,13701
9606.ENSP00000304440,13702
9606.ENSP00000394227,13703
9606.ENSP00000350547,13704
9606.ENSP00000491227,13705
9606.ENSP00000264773,13706
9606.ENSP00000370542,13707
9606.ENSP00000478290,13708
9606.ENSP00000248901,13709
9606.ENSP00000370981,13710
9606.ENSP00000372547,13711
9606.ENSP00000465617,13712
9606.ENSP00000284629,13713
9606.ENSP00000204726,13714
9606.ENSP00000364700,13715
9606.ENSP00000328478,13716
9606.ENSP00000497784,13717
9606.ENSP00000314407,13718
9606.ENSP00000458355,13719
9606.ENSP00000312250,13720
9606.ENSP00000376623,13721
9606.ENSP00000484056,13722
9606.ENSP00000322649,13723
9606.ENSP00000479745,13724
9606.ENSP00000492384,13725
9606.ENSP00000302630,13726
9606.ENSP00000349124,13727
9606.ENSP00000327589,13728
9606.ENSP00000377558,13729
9606.ENSP00000356563,13730
9606.ENSP00000277895,13731
9606.ENSP00000466363,13732
9606.ENSP00000369545,13733
9606.ENSP00000372160,13734
9606.ENSP00000247191,13735
9606.ENSP00000455169,13736
9606.ENSP00000366237,13737
9606.ENSP00000393631,13738
9606.ENSP00000346627,13739
9606.ENSP00000418803,13740
9606.ENSP00000298428,13741
9606.ENSP00000449002,13742
9606.ENSP00000341551,13743
9606.ENSP00000471536,13744
9606.ENSP00000216468,13745
9606.ENSP00000425031,13746
9606.ENSP00000295702,13747
9606.ENSP00000362049,13748
9606.ENSP00000378015,13749
9606.ENSP00000221444,13750
9606.ENSP00000361042,13751
9606.ENSP00000294016,13752
9606.ENSP00000264952,13753
9606.ENSP00000455643,13754
9606.ENSP00000229729,13755
9606.ENSP00000445408,13756
9606.ENSP00000365473,13757
9606.ENSP00000357345,13758
9606.ENSP00000392726,13759
9606.ENSP00000454370,13760
9606.ENSP00000176195,13761
9606.ENSP00000347712,13762
9606.ENSP00000317331,13763
9606.ENSP00000246891,13764
9606.ENSP00000431876,13765
9606.ENSP00000362649,13766
9606.ENSP00000463939,13767
9606.ENSP00000298248,13768
9606.ENSP00000263985,13769
9606.ENSP00000215631,13770
9606.ENSP00000300006,13771
9606.ENSP00000221855,13772
9606.ENSP00000262904,13773
9606.ENSP00000329002,13774
9606.ENSP00000320324,13775
9606.ENSP00000360798,13776
9606.ENSP00000351422,13777
9606.ENSP00000401564,13778
9606.ENSP00000354207,13779
9606.ENSP00000276570,13780
9606.ENSP00000365159,13781
9606.ENSP00000377401,13782
9606.ENSP00000394390,13783
9606.ENSP00000441235,13784
9606.ENSP00000240652,13785
9606.ENSP00000378338,13786
9606.ENSP00000346484,13787
9606.ENSP00000364898,13788
9606.ENSP00000331640,13789
9606.ENSP00000389714,13790
9606.ENSP00000323687,13791
9606.ENSP00000470086,13792
9606.ENSP00000491873,13793
9606.ENSP00000267938,13794
9606.ENSP00000339090,13795
9606.ENSP00000480484,13796
9606.ENSP00000333329,13797
9606.ENSP00000446576,13798
9606.ENSP00000306397,13799
9606.ENSP00000414624,13800
9606.ENSP00000369162,13801
9606.ENSP00000222990,13802
9606.ENSP00000349823,13803
9606.ENSP00000494260,13804
9606.ENSP00000315465,13805
9606.ENSP00000254322,13806
9606.ENSP00000261973,13807
9606.ENSP00000403644,13808
9606.ENSP00000411397,13809
9606.ENSP00000337168,13810
9606.ENSP00000303978,13811
9606.ENSP00000486891,13812
9606.ENSP00000356540,13813
9606.ENSP00000320092,13814
9606.ENSP00000419503,13815
9606.ENSP00000344431,13816
9606.ENSP00000244571,13817
9606.ENSP00000281030,13818
9606.ENSP00000232564,13819
9606.ENSP00000233627,13820
9606.ENSP00000324122,13821
9606.ENSP00000250454,13822
9606.ENSP00000318799,13823
9606.ENSP00000261647,13824
9606.ENSP00000481762,13825
9606.ENSP00000267199,13826
9606.ENSP00000205214,13827
9606.ENSP00000241014,13828
9606.ENSP00000262982,13829
9606.ENSP00000444412,13830
9606.ENSP00000442600,13831
9606.ENSP00000490767,13832
9606.ENSP00000385722,13833
9606.ENSP00000300069,13834
9606.ENSP00000286648,13835
9606.ENSP00000221515,13836
9606.ENSP00000360882,13837
9606.ENSP00000328359,13838
9606.ENSP00000354518,13839
9606.ENSP00000367755,13840
9606.ENSP00000466775,13841
9606.ENSP00000217131,13842
9606.ENSP00000216733,13843
9606.ENSP00000324343,13844
9606.ENSP00000353444,13845
9606.ENSP00000349142,13846
9606.ENSP00000278568,13847
9606.ENSP00000286758,13848
9606.ENSP00000252699,13849
9606.ENSP00000313391,13850
9606.ENSP00000457111,13851
9606.ENSP00000333310,13852
9606.ENSP00000264498,13853
9606.ENSP00000211998,13854
9606.ENSP00000419005,13855
9606.ENSP00000498104,13856
9606.ENSP00000365637,13857
9606.ENSP00000356953,13858
9606.ENSP00000497948,13859
9606.ENSP00000249356,13860
9606.ENSP00000311679,13861
9606.ENSP00000266126,13862
9606.ENSP00000364403,13863
9606.ENSP00000274306,13864
9606.ENSP00000401946,13865
9606.ENSP00000340568,13866
9606.ENSP00000464145,13867
9606.ENSP00000263636,13868
9606.ENSP00000381047,13869
9606.ENSP00000357597,13870
9606.ENSP00000408979,13871
9606.ENSP00000329466,13872
9606.ENSP00000379619,13873
9606.ENSP00000379057,13874
9606.ENSP00000268595,13875
9606.ENSP00000351589,13876
9606.ENSP00000321617,13877
9606.ENSP00000355614,13878
9606.ENSP00000290472,13879
9606.ENSP00000296046,13880
9606.ENSP00000431926,13881
9606.ENSP00000478927,13882
9606.ENSP00000342924,13883
9606.ENSP00000266646,13884
9606.ENSP00000410811,13885
9606.ENSP00000344220,13886
9606.ENSP00000311121,13887
9606.ENSP00000370978,13888
9606.ENSP00000275053,13889
9606.ENSP00000258969,13890
9606.ENSP00000426387,13891
9606.ENSP00000346659,13892
9606.ENSP00000368798,13893
9606.ENSP00000360497,13894
9606.ENSP00000267460,13895
9606.ENSP00000498881,13896
9606.ENSP00000263384,13897
9606.ENSP00000257934,13898
9606.ENSP00000496150,13899
9606.ENSP00000429065,13900
9606.ENSP00000390423,13901
9606.ENSP00000298532,13902
9606.ENSP00000326159,13903
9606.ENSP00000384515,13904
9606.ENSP00000361943,13905
9606.ENSP00000350881,13906
9606.ENSP00000308430,13907
9606.ENSP00000215730,13908
9606.ENSP00000362608,13909
9606.ENSP00000378295,13910
9606.ENSP00000241051,13911
9606.ENSP00000381498,13912
9606.ENSP00000326411,13913
9606.ENSP00000393097,13914
9606.ENSP00000392553,13915
9606.ENSP00000258484,13916
9606.ENSP00000310375,13917
9606.ENSP00000419945,13918
9606.ENSP00000346508,13919
9606.ENSP00000360464,13920
9606.ENSP00000335620,13921
9606.ENSP00000383840,13922
9606.ENSP00000409544,13923
9606.ENSP00000277903,13924
9606.ENSP00000420161,13925
9606.ENSP00000384223,13926
9606.ENSP00000264220,13927
9606.ENSP00000441953,13928
9606.ENSP00000252826,13929
9606.ENSP00000275493,13930
9606.ENSP00000226355,13931
9606.ENSP00000296824,13932
9606.ENSP00000498116,13933
9606.ENSP00000295569,13934
9606.ENSP00000378360,13935
9606.ENSP00000362751,13936
9606.ENSP00000357726,13937
9606.ENSP00000497733,13938
9606.ENSP00000239461,13939
9606.ENSP00000333539,13940
9606.ENSP00000313877,13941
9606.ENSP00000352400,13942
9606.ENSP00000296088,13943
9606.ENSP00000378854,13944
9606.ENSP00000494788,13945
9606.ENSP00000483562,13946
9606.ENSP00000256999,13947
9606.ENSP00000269385,13948
9606.ENSP00000357256,13949
9606.ENSP00000353959,13950
9606.ENSP00000315791,13951
9606.ENSP00000226760,13952
9606.ENSP00000361405,13953
9606.ENSP00000423917,13954
9606.ENSP00000292586,13955
9606.ENSP00000245451,13956
9606.ENSP00000360290,13957
9606.ENSP00000261622,13958
9606.ENSP00000312988,13959
9606.ENSP00000358223,13960
9606.ENSP00000354499,13961
9606.ENSP00000399745,13962
9606.ENSP00000337510,13963
9606.ENSP00000262188,13964
9606.ENSP00000353742,13965
9606.ENSP00000307046,13966
9606.ENSP00000484390,13967
9606.ENSP00000297146,13968
9606.ENSP00000304891,13969
9606.ENSP00000401112,13970
9606.ENSP00000259216,13971
9606.ENSP00000287706,13972
9606.ENSP00000400892,13973
9606.ENSP00000481773,13974
9606.ENSP00000229402,13975
9606.ENSP00000348459,13976
9606.ENSP00000231021,13977
9606.ENSP00000334329,13978
9606.ENSP00000370968,13979
9606.ENSP00000264108,13980
9606.ENSP00000380958,13981
9606.ENSP00000369500,13982
9606.ENSP00000263702,13983
9606.ENSP00000470252,13984
9606.ENSP00000370719,13985
9606.ENSP00000364711,13986
9606.ENSP00000300060,13987
9606.ENSP00000311300,13988
9606.ENSP00000267119,13989
9606.ENSP00000319179,13990
9606.ENSP00000312293,13991
9606.ENSP00000496355,13992
9606.ENSP00000444201,13993
9606.ENSP00000341885,13994
9606.ENSP00000225577,13995
9606.ENSP00000423505,13996
9606.ENSP00000478557,13997
9606.ENSP00000422947,13998
9606.ENSP00000358062,13999
9606.ENSP00000347507,14000
9606.ENSP00000262134,14001
9606.ENSP00000379934,14002
9606.ENSP00000303515,14003
9606.ENSP00000468592,14004
9606.ENSP00000444660,14005
9606.ENSP00000358903,14006
9606.ENSP00000239374,14007
9606.ENSP00000357158,14008
9606.ENSP00000261499,14009
9606.ENSP00000379326,14010
9606.ENSP00000387549,14011
9606.ENSP00000363899,14012
9606.ENSP00000332198,14013
9606.ENSP00000261900,14014
9606.ENSP00000310305,14015
9606.ENSP00000253458,14016
9606.ENSP00000449079,14017
9606.ENSP00000357751,14018
9606.ENSP00000414066,14019
9606.ENSP00000362027,14020
9606.ENSP00000307188,14021
9606.ENSP00000364240,14022
9606.ENSP00000358210,14023
9606.ENSP00000450742,14024
9606.ENSP00000497308,14025
9606.ENSP00000282753,14026
9606.ENSP00000369853,14027
9606.ENSP00000309052,14028
9606.ENSP00000371790,14029
9606.ENSP00000498282,14030
9606.ENSP00000486901,14031
9606.ENSP00000368166,14032
9606.ENSP00000484803,14033
9606.ENSP00000484789,14034
9606.ENSP00000382731,14035
9606.ENSP00000345555,14036
9606.ENSP00000354580,14037
9606.ENSP00000374268,14038
9606.ENSP00000433666,14039
9606.ENSP00000425824,14040
9606.ENSP00000346378,14041
9606.ENSP00000256996,14042
9606.ENSP00000323670,14043
9606.ENSP00000394510,14044
9606.ENSP00000349723,14045
9606.ENSP00000384582,14046
9606.ENSP00000367910,14047
9606.ENSP00000324763,14048
9606.ENSP00000353864,14049
9606.ENSP00000398131,14050
9606.ENSP00000356529,14051
9606.ENSP00000258301,14052
9606.ENSP00000273130,14053
9606.ENSP00000318986,14054
9606.ENSP00000227525,14055
9606.ENSP00000358283,14056
9606.ENSP00000381785,14057
9606.ENSP00000361857,14058
9606.ENSP00000343924,14059
9606.ENSP00000347409,14060
9606.ENSP00000288167,14061
9606.ENSP00000499593,14062
9606.ENSP00000289921,14063
9606.ENSP00000396301,14064
9606.ENSP00000406472,14065
9606.ENSP00000370420,14066
9606.ENSP00000260327,14067
9606.ENSP00000280346,14068
9606.ENSP00000457353,14069
9606.ENSP00000307863,14070
9606.ENSP00000338624,14071
9606.ENSP00000291481,14072
9606.ENSP00000331545,14073
9606.ENSP00000289104,14074
9606.ENSP00000373331,14075
9606.ENSP00000469035,14076
9606.ENSP00000363894,14077
9606.ENSP00000321334,14078
9606.ENSP00000005260,14079
9606.ENSP00000498671,14080
9606.ENSP00000478834,14081
9606.ENSP00000347032,14082
9606.ENSP00000378920,14083
9606.ENSP00000364476,14084
9606.ENSP00000337512,14085
9606.ENSP00000397394,14086
9606.ENSP00000331741,14087
9606.ENSP00000356825,14088
9606.ENSP00000482393,14089
9606.ENSP00000368831,14090
9606.ENSP00000379092,14091
9606.ENSP00000416330,14092
9606.ENSP00000360280,14093
9606.ENSP00000320295,14094
9606.ENSP00000220514,14095
9606.ENSP00000467123,14096
9606.ENSP00000372278,14097
9606.ENSP00000422473,14098
9606.ENSP00000357746,14099
9606.ENSP00000403453,14100
9606.ENSP00000415433,14101
9606.ENSP00000493273,14102
9606.ENSP00000244061,14103
9606.ENSP00000379441,14104
9606.ENSP00000319622,14105
9606.ENSP00000475924,14106
9606.ENSP00000349856,14107
9606.ENSP00000276062,14108
9606.ENSP00000438788,14109
9606.ENSP00000268130,14110
9606.ENSP00000262948,14111
9606.ENSP00000372484,14112
9606.ENSP00000216294,14113
9606.ENSP00000367028,14114
9606.ENSP00000310796,14115
9606.ENSP00000294724,14116
9606.ENSP00000466937,14117
9606.ENSP00000378492,14118
9606.ENSP00000262545,14119
9606.ENSP00000269159,14120
9606.ENSP00000402653,14121
9606.ENSP00000479494,14122
9606.ENSP00000358238,14123
9606.ENSP00000375622,14124
9606.ENSP00000233331,14125
9606.ENSP00000358802,14126
9606.ENSP00000343505,14127
9606.ENSP00000037243,14128
9606.ENSP00000377771,14129
9606.ENSP00000457807,14130
9606.ENSP00000360782,14131
9606.ENSP00000253108,14132
9606.ENSP00000362329,14133
9606.ENSP00000320885,14134
9606.ENSP00000361471,14135
9606.ENSP00000357480,14136
9606.ENSP00000356444,14137
9606.ENSP00000368801,14138
9606.ENSP00000463379,14139
9606.ENSP00000320184,14140
9606.ENSP00000452885,14141
9606.ENSP00000272425,14142
9606.ENSP00000416683,14143
9606.ENSP00000356658,14144
9606.ENSP00000349616,14145
9606.ENSP00000309572,14146
9606.ENSP00000383145,14147
9606.ENSP00000364870,14148
9606.ENSP00000472929,14149
9606.ENSP00000378687,14150
9606.ENSP00000323288,14151
9606.ENSP00000375855,14152
9606.ENSP00000273962,14153
9606.ENSP00000370800,14154
9606.ENSP00000289528,14155
9606.ENSP00000451406,14156
9606.ENSP00000480405,14157
9606.ENSP00000307183,14158
9606.ENSP00000421985,14159
9606.ENSP00000328203,14160
9606.ENSP00000364815,14161
9606.ENSP00000263278,14162
9606.ENSP00000354718,14163
9606.ENSP00000311500,14164
9606.ENSP00000264025,14165
9606.ENSP00000303599,14166
9606.ENSP00000293350,14167
9606.ENSP00000427793,14168
9606.ENSP00000380157,14169
9606.ENSP00000385510,14170
9606.ENSP00000378786,14171
9606.ENSP00000301956,14172
9606.ENSP00000423674,14173
9606.ENSP00000380494,14174
9606.ENSP00000357470,14175
9606.ENSP00000295685,14176
9606.ENSP00000337358,14177
9606.ENSP00000332225,14178
9606.ENSP00000261374,14179
9606.ENSP00000357292,14180
9606.ENSP00000473093,14181
9606.ENSP00000447053,14182
9606.ENSP00000419494,14183
9606.ENSP00000353270,14184
9606.ENSP00000365514,14185
9606.ENSP00000360938,14186
9606.ENSP00000305766,14187
9606.ENSP00000446271,14188
9606.ENSP00000290953,14189
9606.ENSP00000053867,14190
9606.ENSP00000264669,14191
9606.ENSP00000435585,14192
9606.ENSP00000368332,14193
9606.ENSP00000488912,14194
9606.ENSP00000384376,14195
9606.ENSP00000245908,14196
9606.ENSP00000343445,14197
9606.ENSP00000321703,14198
9606.ENSP00000251645,14199
9606.ENSP00000251372,14200
9606.ENSP00000376197,14201
9606.ENSP00000378046,14202
9606.ENSP00000348215,14203
9606.ENSP00000492798,14204
9606.ENSP00000493688,14205
9606.ENSP00000499797,14206
9606.ENSP00000360493,14207
9606.ENSP00000444408,14208
9606.ENSP00000371858,14209
9606.ENSP00000335808,14210
9606.ENSP00000408292,14211
9606.ENSP00000441543,14212
9606.ENSP00000439585,14213
9606.ENSP00000363417,14214
9606.ENSP00000480489,14215
9606.ENSP00000332963,14216
9606.ENSP00000399441,14217
9606.ENSP00000250896,14218
9606.ENSP00000476228,14219
9606.ENSP00000378058,14220
9606.ENSP00000296255,14221
9606.ENSP00000487136,14222
9606.ENSP00000318373,14223
9606.ENSP00000282572,14224
9606.ENSP00000349116,14225
9606.ENSP00000425556,14226
9606.ENSP00000357336,14227
9606.ENSP00000292408,14228
9606.ENSP00000271469,14229
9606.ENSP00000259396,14230
9606.ENSP00000328111,14231
9606.ENSP00000267436,14232
9606.ENSP00000366586,14233
9606.ENSP00000419765,14234
9606.ENSP00000253925,14235
9606.ENSP00000373905,14236
9606.ENSP00000350512,14237
9606.ENSP00000313875,14238
9606.ENSP00000363480,14239
9606.ENSP00000416249,14240
9606.ENSP00000278193,14241
9606.ENSP00000327214,14242
9606.ENSP00000233813,14243
9606.ENSP00000216420,14244
9606.ENSP00000308535,14245
9606.ENSP00000353098,14246
9606.ENSP00000268933,14247
9606.ENSP00000364524,14248
9606.ENSP00000302530,14249
9606.ENSP00000293379,14250
9606.ENSP00000348489,14251
9606.ENSP00000475814,14252
9606.ENSP00000500891,14253
9606.ENSP00000314976,14254
9606.ENSP00000300413,14255
9606.ENSP00000312834,14256
9606.ENSP00000360262,14257
9606.ENSP00000311273,14258
9606.ENSP00000320508,14259
9606.ENSP00000265316,14260
9606.ENSP00000308452,14261
9606.ENSP00000253699,14262
9606.ENSP00000423067,14263
9606.ENSP00000339250,14264
9606.ENSP00000373206,14265
9606.ENSP00000264350,14266
9606.ENSP00000262999,14267
9606.ENSP00000272902,14268
9606.ENSP00000369571,14269
9606.ENSP00000474090,14270
9606.ENSP00000357844,14271
9606.ENSP00000378743,14272
9606.ENSP00000302867,14273
9606.ENSP00000399709,14274
9606.ENSP00000345984,14275
9606.ENSP00000308413,14276
9606.ENSP00000273353,14277
9606.ENSP00000395294,14278
9606.ENSP00000232003,14279
9606.ENSP00000360623,14280
9606.ENSP00000217961,14281
9606.ENSP00000368014,14282
9606.ENSP00000264690,14283
9606.ENSP00000240423,14284
9606.ENSP00000357005,14285
9606.ENSP00000450524,14286
9606.ENSP00000361004,14287
9606.ENSP00000260953,14288
9606.ENSP00000429015,14289
9606.ENSP00000281156,14290
9606.ENSP00000297316,14291
9606.ENSP00000238714,14292
9606.ENSP00000474529,14293
9606.ENSP00000498466,14294
9606.ENSP00000368017,14295
9606.ENSP00000352265,14296
9606.ENSP00000363232,14297
9606.ENSP00000452762,14298
9606.ENSP00000199389,14299
9606.ENSP00000417183,14300
9606.ENSP00000306670,14301
9606.ENSP00000334657,14302
9606.ENSP00000376132,14303
9606.ENSP00000202677,14304
9606.ENSP00000465676,14305
9606.ENSP00000264428,14306
9606.ENSP00000305899,14307
9606.ENSP00000265605,14308
9606.ENSP00000377284,14309
9606.ENSP00000344241,14310
9606.ENSP00000380598,14311
9606.ENSP00000329982,14312
9606.ENSP00000328182,14313
9606.ENSP00000364946,14314
9606.ENSP00000386738,14315
9606.ENSP00000381105,14316
9606.ENSP00000304102,14317
9606.ENSP00000342850,14318
9606.ENSP00000320219,14319
9606.ENSP00000474534,14320
9606.ENSP00000367787,14321
9606.ENSP00000257414,14322
9606.ENSP00000234310,14323
9606.ENSP00000468308,14324
9606.ENSP00000489551,14325
9606.ENSP00000323926,14326
9606.ENSP00000293695,14327
9606.ENSP00000349365,14328
9606.ENSP00000358727,14329
9606.ENSP00000358677,14330
9606.ENSP00000379377,14331
9606.ENSP00000385721,14332
9606.ENSP00000476519,14333
9606.ENSP00000360515,14334
9606.ENSP00000262367,14335
9606.ENSP00000296511,14336
9606.ENSP00000386043,14337
9606.ENSP00000264110,14338
